UT,DI,TI,PY,SO,JI,TC,DT,LA,VL,IS,BP,EP,AU,AF,C1,AB,DE,ID,CR,PMID,OA,DB,RP,SR,SR_FULL
https://openalex.org/W1888811121,10.1023/a:1017919924342,"The Literature of Bibliometrics, Scientometrics, and Informetrics",2001,Scientometrics,Scientometrics,946,article,en,52,2,291,314,W. Hood W;S. Wilson C,William W. Hood;Concepción S. Wilson,UNSW Sydney;UNSW Sydney,,Informetrics;Scientometrics;Bibliometrics;Field (mathematics);Listing (finance);Citation analysis;Popularity;Information science;Productivity;Term (time);Scientific literature;Computer science;Data science;Library science;Sociology;Information retrieval;Social science;Citation;Political science;Mathematics;Economics,Informetrics;Scientometrics;Bibliometrics;Field (mathematics);Listing (finance);Citation analysis;Popularity;Information science;Productivity;Term (time);Scientific literature;Computer science;Data science;Library science;Sociology;Information retrieval;Social science;Citation;Political science;Mathematics;Economics;Law;Physics;Paleontology;Quantum mechanics;Finance;Macroeconomics;Biology;Pure mathematics,https://openalex.org/W598681;https://openalex.org/W157305773;https://openalex.org/W202960689;https://openalex.org/W571806812;https://openalex.org/W591618049;https://openalex.org/W592965303;https://openalex.org/W613427721;https://openalex.org/W643826803;https://openalex.org/W1513301010;https://openalex.org/W1520515685;https://openalex.org/W1547879617;https://openalex.org/W1566702485;https://openalex.org/W1645648337;https://openalex.org/W1827568685;https://openalex.org/W1967484766;https://openalex.org/W1967508355;https://openalex.org/W1969949383;https://openalex.org/W1974545241;https://openalex.org/W1981686904;https://openalex.org/W1984066943;https://openalex.org/W1993082990;https://openalex.org/W1995746228;https://openalex.org/W2004864037;https://openalex.org/W2009117424;https://openalex.org/W2009405785;https://openalex.org/W2012635760;https://openalex.org/W2019736365;https://openalex.org/W2020002812;https://openalex.org/W2024874075;https://openalex.org/W2040090443;https://openalex.org/W2040610317;https://openalex.org/W2046638259;https://openalex.org/W2048578426;https://openalex.org/W2050931204;https://openalex.org/W2051548727;https://openalex.org/W2069134922;https://openalex.org/W2069818529;https://openalex.org/W2079656678;https://openalex.org/W2082673417;https://openalex.org/W2085912276;https://openalex.org/W2103162194;https://openalex.org/W2111976725;https://openalex.org/W2122250105;https://openalex.org/W2135332121;https://openalex.org/W2137224556;https://openalex.org/W2149342699;https://openalex.org/W2153648813;https://openalex.org/W2245393327;https://openalex.org/W2275696275;https://openalex.org/W2279988883;https://openalex.org/W2312851934;https://openalex.org/W2463095032;https://openalex.org/W2523162114;https://openalex.org/W2983967962;https://openalex.org/W2985749483;https://openalex.org/W2986880838;https://openalex.org/W2988826194;https://openalex.org/W4211143172;https://openalex.org/W4246200264;https://openalex.org/W4285719527;https://openalex.org/W6692041105,,False,ISI,,"W. Hood W, 2001, Scientometrics","W. Hood W, 2001, Scientometrics"
https://openalex.org/W3025072166,10.5281/zenodo.2529398,"Bibliometrics, Scientometrics, Webometrics/ Cybermetrics, Informetrics and Altmetrics - An Emerging Field in Library and Information Science Research",2018,Zenodo (CERN European Organization for Nuclear Research),Zenodo (CERN European Organization for Nuclear Research),82,article,en,7,1,5,8,Chellappandi P;S. Vijayakumar C,P. Chellappandi;C. S. Vijayakumar,,"This Article discusses the features and the use of Metrics such as Bibliometrics, Scientometrics,Webometrics, Informetrics and Altmetrics in the field of Library and Information ScienceResearch at present.",Webometrics;Altmetrics;Informetrics;Scientometrics;Bibliometrics;Field (mathematics);Library science;Information retrieval;Data science;Geography;Computer science;Mathematics,Webometrics;Altmetrics;Informetrics;Scientometrics;Bibliometrics;Field (mathematics);Library science;Information retrieval;Data science;Geography;Computer science;Mathematics;Pure mathematics,,,True,ISI,,"Chellappandi P, 2018, Zenodo (CERN European Organization for Nuclear Research)","Chellappandi P, 2018, Zenodo (CERN European Organization for Nuclear Research)"
https://openalex.org/W2183887601,,"Demystification of Bibliometrics, Scientometrics, Informetrics and Webometrics",2010,,,40,article,en,,,,,Jacobs D,Daisy Jacobs,,"Among the many statistical analyses of scientific publications, bibliometrics holds a privileged place for counting scientific papers. Bibliometrics is one of the sub-fields concerned with measuring the output of scientific publications. Bibliometrics ows its systematic development mainly to the works of its founders V V Naliv, D J D Price and Eugene Garfield in the 1950s. Since 1958 Bibliometrics has evolved as a field, taught in library and information science schools and it emerged as a tool for scientific evaluation for a number research groups around the world. This process was made possible by the work of Eugene Garfield and his Science Citation Index. Castell, an American psychologist was credited with the launching of Scientometrics, when he produced statistics on a number of scientists and their geographical distribution, and ranked the scientists according to their performance. He introduced two dimensions into the measurements of science, namely, quantity and quality. The term informertics was introduced by Blackert, Siegel and Nacke(1979) but gained popularity by the launch of the international informetrics conferences in 1987. A recent development in informetrics called the webometrics/cybermetrics, has become a part of the main stream library and information science research area. The term webometrics refers to the quantitative studies of the nature of scientific communication over the internet and its impact on diffusion of ideas and information. This paper reviews the evolution of bibliometrics and its fast growing offshoots, scientometrics, informaetrics and webometrics.",Informetrics;Webometrics;Bibliometrics;Scientometrics;Altmetrics;Citation analysis;Science Citation Index;Library science;Data science;Citation;Computer science,Informetrics;Webometrics;Bibliometrics;Scientometrics;Altmetrics;Citation analysis;Science Citation Index;Library science;Data science;Citation;Computer science,https://openalex.org/W64223453;https://openalex.org/W110860800;https://openalex.org/W567258626;https://openalex.org/W594540755;https://openalex.org/W1645648337;https://openalex.org/W1767663529;https://openalex.org/W1888811121;https://openalex.org/W1967508355;https://openalex.org/W1969949383;https://openalex.org/W1974106410;https://openalex.org/W1984066943;https://openalex.org/W1987651771;https://openalex.org/W1991000878;https://openalex.org/W2007132195;https://openalex.org/W2021496956;https://openalex.org/W2027413229;https://openalex.org/W2049169605;https://openalex.org/W2061312249;https://openalex.org/W2069613886;https://openalex.org/W2077217220;https://openalex.org/W2080524170;https://openalex.org/W2083112004;https://openalex.org/W2104855757;https://openalex.org/W2115748934;https://openalex.org/W2149342699;https://openalex.org/W2188862051;https://openalex.org/W2315404267;https://openalex.org/W2321470647;https://openalex.org/W2463095032;https://openalex.org/W2469024499,,False,ISI,,"Jacobs D, 2010, ","Jacobs D, 2010, "
https://openalex.org/W1806724978,10.1023/a:1016018013096,The sources used by bibliometrics-scientometrics as reflected in references,2002,Scientometrics,Scientometrics,41,article,en,54,2,269,284,C. Peritz B;Bar‐Ilan J,Bluma C. Peritz;Judit Bar‐Ilan,Hebrew University of Jerusalem;Hebrew University of Jerusalem,,Scientometrics;Bibliometrics;Field (mathematics);Informetrics;Citation;Information science;Citation analysis;Library science;Sociology;Social science;Computer science;Mathematics,Scientometrics;Bibliometrics;Field (mathematics);Informetrics;Citation;Information science;Citation analysis;Library science;Sociology;Social science;Computer science;Mathematics;Pure mathematics,https://openalex.org/W41119757;https://openalex.org/W125938136;https://openalex.org/W602803733;https://openalex.org/W608239779;https://openalex.org/W1858317710;https://openalex.org/W1977907737;https://openalex.org/W1984066943;https://openalex.org/W1987651771;https://openalex.org/W2005200546;https://openalex.org/W2005973808;https://openalex.org/W2024207596;https://openalex.org/W2030186574;https://openalex.org/W2058745548;https://openalex.org/W2083693745;https://openalex.org/W2100422417;https://openalex.org/W2127932838;https://openalex.org/W2129329938;https://openalex.org/W2130356233;https://openalex.org/W2137818458;https://openalex.org/W2153648813;https://openalex.org/W2166707280;https://openalex.org/W4285719527;https://openalex.org/W6637927020,,False,ISI,,"C. Peritz B, 2002, Scientometrics","C. Peritz B, 2002, Scientometrics"
https://openalex.org/W2094215989,10.1016/0306-4573(94)90067-1,The poisson-lognormal model for bibliometric/scientometric distributions,1994,Information Processing & Management,Information Processing & Management,39,article,en,30,2,239,251,Stewart J,John Stewart,University of Hartford,,Log-normal distribution;Zipf's law;Poisson distribution;Statistics;Poisson regression;Mathematics;Econometrics;Sample size determination;Statistical physics;Applied mathematics;Computer science;Physics;Sociology,Log-normal distribution;Zipf's law;Poisson distribution;Statistics;Poisson regression;Mathematics;Econometrics;Sample size determination;Statistical physics;Applied mathematics;Computer science;Physics;Sociology;Population;Demography,https://openalex.org/W64223453;https://openalex.org/W244113610;https://openalex.org/W608843109;https://openalex.org/W1526492424;https://openalex.org/W1871524959;https://openalex.org/W1965664017;https://openalex.org/W1967994320;https://openalex.org/W1968592061;https://openalex.org/W1970769157;https://openalex.org/W1981164159;https://openalex.org/W1984229739;https://openalex.org/W1987487696;https://openalex.org/W1994874037;https://openalex.org/W1997250976;https://openalex.org/W2007780422;https://openalex.org/W2014143342;https://openalex.org/W2018805474;https://openalex.org/W2022892690;https://openalex.org/W2026060491;https://openalex.org/W2028412780;https://openalex.org/W2032108873;https://openalex.org/W2038049849;https://openalex.org/W2041128263;https://openalex.org/W2044199841;https://openalex.org/W2044822264;https://openalex.org/W2045018749;https://openalex.org/W2049923623;https://openalex.org/W2051743327;https://openalex.org/W2055354074;https://openalex.org/W2062035457;https://openalex.org/W2065249925;https://openalex.org/W2074413036;https://openalex.org/W2081279294;https://openalex.org/W2085281374;https://openalex.org/W2086495320;https://openalex.org/W2092194239;https://openalex.org/W2109642998;https://openalex.org/W2117586052;https://openalex.org/W2120229170;https://openalex.org/W2145748623;https://openalex.org/W2161786425;https://openalex.org/W2168160236;https://openalex.org/W2296675250;https://openalex.org/W2315873542;https://openalex.org/W2316904474;https://openalex.org/W2326194387;https://openalex.org/W2326943757;https://openalex.org/W2329368462;https://openalex.org/W2334869595;https://openalex.org/W2463095032;https://openalex.org/W2802002712;https://openalex.org/W3002292256;https://openalex.org/W4238243588;https://openalex.org/W4248714553;https://openalex.org/W4256428305;https://openalex.org/W4285719527;https://openalex.org/W4296300796;https://openalex.org/W4299789586;https://openalex.org/W6602640470;https://openalex.org/W6618782288;https://openalex.org/W6655062570;https://openalex.org/W6697713326;https://openalex.org/W6699207217;https://openalex.org/W6719649792;https://openalex.org/W6748557456;https://openalex.org/W6766832912;https://openalex.org/W6774886841;https://openalex.org/W6782575797;https://openalex.org/W6787231386,,False,ISI,,"Stewart J, 1994, Information Processing & Management","Stewart J, 1994, Information Processing & Management"
https://openalex.org/W2009117424,10.1515/libr.1992.42.2.75,"Bibliometrics, Informetrics, Scientometrics and Librametrics: An Overview",1992,Libri,Libri,231,article,en,42,2,,,N. Sengupta I,I. N. Sengupta,,"Bibliometrics, informetrics, scientometrics and librametrics are four measuring techniques in libary and information science. These are analogous, or rather synonymous, terms with intermingled aims and objectives and as such they need some elucidation. This paper discusses their scope, application, development and potential in solving various problems pertaining to library and inforamtion sciences",Informetrics;Scientometrics;Bibliometrics;Scope (computer science);Information science;Computer science;Library science;Data science,Informetrics;Scientometrics;Bibliometrics;Scope (computer science);Information science;Computer science;Library science;Data science;Programming language,https://openalex.org/W244127999;https://openalex.org/W1749485691;https://openalex.org/W1967484766;https://openalex.org/W1968802459;https://openalex.org/W1969527396;https://openalex.org/W1972589082;https://openalex.org/W1976387775;https://openalex.org/W1978868011;https://openalex.org/W1979935884;https://openalex.org/W1982318231;https://openalex.org/W1983287569;https://openalex.org/W1986109719;https://openalex.org/W1986650814;https://openalex.org/W1987212783;https://openalex.org/W1989796895;https://openalex.org/W1993828866;https://openalex.org/W1994702873;https://openalex.org/W1995746228;https://openalex.org/W1997498508;https://openalex.org/W2001162118;https://openalex.org/W2004699396;https://openalex.org/W2005207065;https://openalex.org/W2005577180;https://openalex.org/W2006034180;https://openalex.org/W2010496675;https://openalex.org/W2011922430;https://openalex.org/W2011994787;https://openalex.org/W2012690467;https://openalex.org/W2014842249;https://openalex.org/W2018111821;https://openalex.org/W2019878483;https://openalex.org/W2020039614;https://openalex.org/W2020823658;https://openalex.org/W2021109084;https://openalex.org/W2022667631;https://openalex.org/W2024649255;https://openalex.org/W2025001264;https://openalex.org/W2026273736;https://openalex.org/W2028372193;https://openalex.org/W2034940035;https://openalex.org/W2040090443;https://openalex.org/W2040610317;https://openalex.org/W2045969326;https://openalex.org/W2047202109;https://openalex.org/W2047452388;https://openalex.org/W2048400900;https://openalex.org/W2050699148;https://openalex.org/W2050933934;https://openalex.org/W2051143065;https://openalex.org/W2056234791;https://openalex.org/W2057562803;https://openalex.org/W2058689526;https://openalex.org/W2065036432;https://openalex.org/W2065950419;https://openalex.org/W2066432492;https://openalex.org/W2067323896;https://openalex.org/W2069751085;https://openalex.org/W2069818529;https://openalex.org/W2069901181;https://openalex.org/W2072295512;https://openalex.org/W2078161430;https://openalex.org/W2080450835;https://openalex.org/W2083958427;https://openalex.org/W2084925338;https://openalex.org/W2085561993;https://openalex.org/W2085818975;https://openalex.org/W2086495320;https://openalex.org/W2088166843;https://openalex.org/W2089848918;https://openalex.org/W2093098784;https://openalex.org/W2108584103;https://openalex.org/W2124949857;https://openalex.org/W2143147128;https://openalex.org/W2148807350;https://openalex.org/W2156908003;https://openalex.org/W4239885092;https://openalex.org/W4252958876;https://openalex.org/W4253261916;https://openalex.org/W4256561451,,False,ISI,,"N. Sengupta I, 1992, Libri","N. Sengupta I, 1992, Libri"
https://openalex.org/W4221028466,10.1016/j.jclepro.2022.131460,"Towards a comprehensive review of the deterioration factors and modeling for sewer pipelines: A hybrid of bibliometric, scientometric, and meta-analysis approach",2022,Journal of Cleaner Production,Journal of Cleaner Production,58,review,en,351,,131460,131460,Salihu C;Hussein M;Reza Mohandes S;Zayed T,Comfort Salihu;Mohamed Hussein;Saeed Reza Mohandes;Tarek Zayed,Hong Kong Polytechnic University;Hong Kong Polytechnic University;Hong Kong Polytechnic University;Hong Kong Polytechnic University,,Lagging;Sustainability;Pipeline transport;Pipeline (software);Engineering;Process (computing);Risk analysis (engineering);Civil engineering;Environmental planning;Sanitary sewer;Construction engineering;Business;Computer science;Environmental science;Environmental engineering,Lagging;Sustainability;Pipeline transport;Pipeline (software);Engineering;Process (computing);Risk analysis (engineering);Civil engineering;Environmental planning;Sanitary sewer;Construction engineering;Business;Computer science;Environmental science;Environmental engineering;Operating system;Medicine;Mechanical engineering;Biology;Ecology;Pathology,https://openalex.org/W96978107;https://openalex.org/W150292108;https://openalex.org/W187985913;https://openalex.org/W764535677;https://openalex.org/W1576389809;https://openalex.org/W1581132942;https://openalex.org/W1581962970;https://openalex.org/W1964792864;https://openalex.org/W1973655329;https://openalex.org/W1975675278;https://openalex.org/W1976517097;https://openalex.org/W1984596530;https://openalex.org/W1986153303;https://openalex.org/W1990533984;https://openalex.org/W1992733578;https://openalex.org/W2006835739;https://openalex.org/W2007202803;https://openalex.org/W2018226609;https://openalex.org/W2023099062;https://openalex.org/W2032841931;https://openalex.org/W2034326804;https://openalex.org/W2034735153;https://openalex.org/W2038212585;https://openalex.org/W2038735084;https://openalex.org/W2058519182;https://openalex.org/W2065628349;https://openalex.org/W2066345110;https://openalex.org/W2067711823;https://openalex.org/W2073961180;https://openalex.org/W2090855180;https://openalex.org/W2093298860;https://openalex.org/W2102720231;https://openalex.org/W2108680868;https://openalex.org/W2114447670;https://openalex.org/W2115666750;https://openalex.org/W2129982237;https://openalex.org/W2131029328;https://openalex.org/W2148807980;https://openalex.org/W2150220236;https://openalex.org/W2152005572;https://openalex.org/W2153874870;https://openalex.org/W2160761496;https://openalex.org/W2162348813;https://openalex.org/W2177770540;https://openalex.org/W2253338942;https://openalex.org/W2271579450;https://openalex.org/W2321060705;https://openalex.org/W2326170236;https://openalex.org/W2330341501;https://openalex.org/W2331676976;https://openalex.org/W2340330272;https://openalex.org/W2400442921;https://openalex.org/W2463342305;https://openalex.org/W2465567681;https://openalex.org/W2468939035;https://openalex.org/W2496690622;https://openalex.org/W2496818106;https://openalex.org/W2504454462;https://openalex.org/W2510405670;https://openalex.org/W2599784308;https://openalex.org/W2759079647;https://openalex.org/W2768892291;https://openalex.org/W2788686737;https://openalex.org/W2794889215;https://openalex.org/W2808015097;https://openalex.org/W2884486063;https://openalex.org/W2889864630;https://openalex.org/W2893373551;https://openalex.org/W2909796381;https://openalex.org/W2913596219;https://openalex.org/W2916861292;https://openalex.org/W2924114537;https://openalex.org/W2947543752;https://openalex.org/W2973083781;https://openalex.org/W2978147300;https://openalex.org/W2982168448;https://openalex.org/W2994906635;https://openalex.org/W3000520656;https://openalex.org/W3008244025;https://openalex.org/W3027450078;https://openalex.org/W3086556690;https://openalex.org/W3093037791;https://openalex.org/W3132768802;https://openalex.org/W3206331982;https://openalex.org/W4243763775;https://openalex.org/W4362504902;https://openalex.org/W6605630923;https://openalex.org/W6606876819;https://openalex.org/W6634745524;https://openalex.org/W6644111349;https://openalex.org/W6648780564;https://openalex.org/W6682674356;https://openalex.org/W6701344759;https://openalex.org/W6701767979;https://openalex.org/W6702320109;https://openalex.org/W6719336801;https://openalex.org/W6720206075;https://openalex.org/W6721838688;https://openalex.org/W6723888976;https://openalex.org/W6735735312;https://openalex.org/W6773161416;https://openalex.org/W6803039598;https://openalex.org/W6941007735;https://openalex.org/W6983481557;https://openalex.org/W6990114730,,False,ISI,,"Salihu C, 2022, Journal of Cleaner Production","Salihu C, 2022, Journal of Cleaner Production"
https://openalex.org/W2908052148,,Science Mapping and Visualization Tools used in Bibliometric & Scientometric Studies: An Overview,2017,,,31,article,en,,,,,Pradhan P,Pallab Pradhan,,,Visualization;Data science;Computer science;Bibliometrics;Information visualization;Data visualization;Geovisualization;Information retrieval;Data mining,Visualization;Data science;Computer science;Bibliometrics;Information visualization;Data visualization;Geovisualization;Information retrieval;Data mining,,,False,ISI,,"Pradhan P, 2017, ","Pradhan P, 2017, "
https://openalex.org/W3115068246,10.19181/smtp.2020.2.4.6,"Bibliometrics, scientometrics and informetrics. Part 1. Emergence and background",2020,Science management theory and practice,Science management theory and practice,11,article,en,2,4,133,163,С. Лазарев В,В. С. Лазарев,Belarusian National Technical University,"A simplified and sometimes vulgar understanding of the role of scientometrics in science management makes it necessary to better understand its essential characteristics. In this paper, scientometrics is considered in interrelations with bibliometrics and informetrics that are the fields of knowledge closest to it. Briefly considered are the published works that mark their emergence and the ones that represent their background; the objects of bibliometrics, scientometrics and informetrics are reinterpreted and the methods are surveyed. The subject of the first part of the present paper is the emergence and background of scientometrics and the related fields of knowledge. The main conclusion is that the methodological proximity of bibliometrics, scientometrics and informetrics borders on their indistinguishability.",Informetrics;Scientometrics;Bibliometrics;Computer science;Library science,Informetrics;Scientometrics;Bibliometrics;Computer science;Library science,https://openalex.org/W246140593;https://openalex.org/W1499206742;https://openalex.org/W1885309531;https://openalex.org/W1888811121;https://openalex.org/W1981686904;https://openalex.org/W1984066943;https://openalex.org/W1999825277;https://openalex.org/W2009117424;https://openalex.org/W2015423126;https://openalex.org/W2020002812;https://openalex.org/W2020293019;https://openalex.org/W2035078458;https://openalex.org/W2039457532;https://openalex.org/W2040090443;https://openalex.org/W2101174610;https://openalex.org/W2115591298;https://openalex.org/W2125074335;https://openalex.org/W2149342699;https://openalex.org/W2325608508;https://openalex.org/W2325642353;https://openalex.org/W2768067104;https://openalex.org/W2989569725;https://openalex.org/W2996272322;https://openalex.org/W3037471642;https://openalex.org/W3088417490;https://openalex.org/W3089273684;https://openalex.org/W3089294723;https://openalex.org/W4239155529;https://openalex.org/W6656778898;https://openalex.org/W6667670371;https://openalex.org/W6750943830;https://openalex.org/W6815811093,,True,ISI,,"С. Лазарев В, 2020, Science management theory and practice","С. Лазарев В, 2020, Science management theory and practice"
https://openalex.org/W4393118841,10.1007/s10639-024-12596-0,"Towards automated writing evaluation: A comprehensive review with bibliometric, scientometric, and meta-analytic approaches",2024,Education and Information Technologies,Education and Information Technologies,20,review,en,29,15,19553,19594,Xue Y,Yi Xue,Beijing Language and Culture University,,Meta-analysis;Bibliometrics;Computer science;Management science;Data science;Medicine;Library science;Engineering;Internal medicine,Meta-analysis;Bibliometrics;Computer science;Management science;Data science;Medicine;Library science;Engineering;Internal medicine,https://openalex.org/W195071207;https://openalex.org/W272857783;https://openalex.org/W1420162645;https://openalex.org/W1482892933;https://openalex.org/W1511920456;https://openalex.org/W1580499675;https://openalex.org/W1598602811;https://openalex.org/W1678924915;https://openalex.org/W1842595263;https://openalex.org/W1855032774;https://openalex.org/W1970442646;https://openalex.org/W1971020201;https://openalex.org/W1977120130;https://openalex.org/W1991848963;https://openalex.org/W1998263416;https://openalex.org/W1999649023;https://openalex.org/W2007231077;https://openalex.org/W2007846998;https://openalex.org/W2012559983;https://openalex.org/W2026844293;https://openalex.org/W2034554020;https://openalex.org/W2034849674;https://openalex.org/W2036756589;https://openalex.org/W2042595209;https://openalex.org/W2048766440;https://openalex.org/W2073045674;https://openalex.org/W2077408241;https://openalex.org/W2093796445;https://openalex.org/W2094211193;https://openalex.org/W2115286672;https://openalex.org/W2115546036;https://openalex.org/W2116927325;https://openalex.org/W2124757386;https://openalex.org/W2125435699;https://openalex.org/W2126930838;https://openalex.org/W2129936978;https://openalex.org/W2142190826;https://openalex.org/W2154449833;https://openalex.org/W2156692108;https://openalex.org/W2157823046;https://openalex.org/W2165502083;https://openalex.org/W2177351585;https://openalex.org/W2266686033;https://openalex.org/W2311308163;https://openalex.org/W2330813625;https://openalex.org/W2346601372;https://openalex.org/W2502121715;https://openalex.org/W2510521397;https://openalex.org/W2523536876;https://openalex.org/W2564304791;https://openalex.org/W2589409328;https://openalex.org/W2591103823;https://openalex.org/W2592084954;https://openalex.org/W2607945361;https://openalex.org/W2755950973;https://openalex.org/W2762447180;https://openalex.org/W2791775869;https://openalex.org/W2795604321;https://openalex.org/W2801630847;https://openalex.org/W2801717308;https://openalex.org/W2804155294;https://openalex.org/W2884454500;https://openalex.org/W2895515202;https://openalex.org/W2900025473;https://openalex.org/W2905220233;https://openalex.org/W2910715241;https://openalex.org/W2911916797;https://openalex.org/W2923646821;https://openalex.org/W2936107583;https://openalex.org/W2952136798;https://openalex.org/W2952737176;https://openalex.org/W2968909591;https://openalex.org/W2975018126;https://openalex.org/W2990872438;https://openalex.org/W2997634920;https://openalex.org/W3011057862;https://openalex.org/W3019296866;https://openalex.org/W3019716753;https://openalex.org/W3019998525;https://openalex.org/W3023833342;https://openalex.org/W3035877907;https://openalex.org/W3103423583;https://openalex.org/W3120778642;https://openalex.org/W3127090844;https://openalex.org/W3143520289;https://openalex.org/W3144434203;https://openalex.org/W3155186475;https://openalex.org/W3176260500;https://openalex.org/W3189169916;https://openalex.org/W3190730109;https://openalex.org/W3210580226;https://openalex.org/W4200246476;https://openalex.org/W4200268598;https://openalex.org/W4205362798;https://openalex.org/W4205382697;https://openalex.org/W4212949095;https://openalex.org/W4224309668;https://openalex.org/W4240484632;https://openalex.org/W4240927752;https://openalex.org/W4250089123;https://openalex.org/W4253609317;https://openalex.org/W4284883937;https://openalex.org/W4284960063;https://openalex.org/W4285024927;https://openalex.org/W4293091445;https://openalex.org/W4296829601;https://openalex.org/W4297918764;https://openalex.org/W4299627282;https://openalex.org/W4309259993;https://openalex.org/W4310987271;https://openalex.org/W4311499956;https://openalex.org/W4317829468;https://openalex.org/W4319790196;https://openalex.org/W4320039545;https://openalex.org/W4360891421;https://openalex.org/W4362579110;https://openalex.org/W4367844578;https://openalex.org/W4380789891;https://openalex.org/W4382797387;https://openalex.org/W4382940101;https://openalex.org/W4384455390;https://openalex.org/W4385210554;https://openalex.org/W4385764672;https://openalex.org/W4386332849;https://openalex.org/W4386574673;https://openalex.org/W4386848197;https://openalex.org/W4387954002;https://openalex.org/W4390545757;https://openalex.org/W4392104944;https://openalex.org/W6695147765;https://openalex.org/W7001933324;https://openalex.org/W7071764571,,False,ISI,,"Xue Y, 2024, Education and Information Technologies","Xue Y, 2024, Education and Information Technologies"
https://openalex.org/W3197881443,10.1108/ci-02-2021-0015,"Trends and developments of on-site crane layout planning 1983–2020: bibliometric, scientometric and qualitative analyses",2021,Construction Innovation,Construction Innovation,22,article,en,22,4,1011,1035,Tariq S;Hussein M;Dong Wang R;Zayed T,Salman Tariq;Mohamed Hussein;Roy Dong Wang;Tarek Zayed,Hong Kong Polytechnic University;Hong Kong Polytechnic University;Hong Kong Polytechnic University;Hong Kong Polytechnic University,"Purpose This study aims to thoroughly examine the trends and developments of crane layout planning (CLP) in the construction field and reveal future research directions for modular integrated construction (MiC). Design/methodology/approach Through a rigorous systematic mixed-review methodology that integrates bibliometric, scientometric and qualitative analysis, this study explored the crane layout research trend; the scientometric analysis of journal sources and keywords occurrence network; the research contributions and links between influential countries; the classification of research articles based on the type of problems and solution approaches; the qualitative analysis of existing findings and research gaps; and the future research direction for CLP in MiC. Findings This study found five categories under the CLP domain, namely, crane selection, crane location, integrated crane selection and location, integrated crane location and allocation of supply points and hybrid problems. The major research approaches used to solve CLP is optimization (43%), visualization (23%), decision support systems (16%), simulation (11%) and qualitative techniques (7%). The possible future research directions include artificial intelligence-based models, multi-crane locations, CLP for MiC re-use, dynamic models representing real-life scenarios and building information modeling-based virtual reality models. Originality/value Through a mixed-review methodology, this study provides a comprehensive analysis of problem settings and solution methods of CLP while mitigating the subjectivity of traditional review methods. Also, it presents a repertoire on CLP and illuminates future directions for seasoned researchers in the context of MiC.",Computer science;Context (archaeology);Originality;Management science;Data science;Selection (genetic algorithm);Field (mathematics);Modular design;Domain (mathematical analysis);Visualization;Operations research;Systems engineering;Qualitative research;Engineering;Artificial intelligence;Geography,Computer science;Context (archaeology);Originality;Management science;Data science;Selection (genetic algorithm);Field (mathematics);Modular design;Domain (mathematical analysis);Visualization;Operations research;Systems engineering;Qualitative research;Engineering;Artificial intelligence;Geography;Mathematics;Social science;Sociology;Pure mathematics;Mathematical analysis;Archaeology;Operating system,https://openalex.org/W579835972;https://openalex.org/W1184650246;https://openalex.org/W1921204514;https://openalex.org/W1963628202;https://openalex.org/W1971862873;https://openalex.org/W1973513030;https://openalex.org/W1975724287;https://openalex.org/W1977378269;https://openalex.org/W1982658423;https://openalex.org/W1988020212;https://openalex.org/W1993033203;https://openalex.org/W2002869574;https://openalex.org/W2006046515;https://openalex.org/W2022196759;https://openalex.org/W2022776917;https://openalex.org/W2023119453;https://openalex.org/W2029178229;https://openalex.org/W2041256429;https://openalex.org/W2042425579;https://openalex.org/W2053373523;https://openalex.org/W2056687806;https://openalex.org/W2060058864;https://openalex.org/W2066481855;https://openalex.org/W2066685890;https://openalex.org/W2070261775;https://openalex.org/W2073184909;https://openalex.org/W2080444468;https://openalex.org/W2082221271;https://openalex.org/W2087029069;https://openalex.org/W2092961669;https://openalex.org/W2119152159;https://openalex.org/W2122838852;https://openalex.org/W2145535121;https://openalex.org/W2146268020;https://openalex.org/W2148310771;https://openalex.org/W2149220061;https://openalex.org/W2412799070;https://openalex.org/W2413001071;https://openalex.org/W2509469863;https://openalex.org/W2589317502;https://openalex.org/W2595687179;https://openalex.org/W2624898375;https://openalex.org/W2752149653;https://openalex.org/W2770366041;https://openalex.org/W2779621013;https://openalex.org/W2781586720;https://openalex.org/W2781875978;https://openalex.org/W2792963707;https://openalex.org/W2803608982;https://openalex.org/W2809204650;https://openalex.org/W2884984323;https://openalex.org/W2888092695;https://openalex.org/W2899419623;https://openalex.org/W2901431338;https://openalex.org/W2909877553;https://openalex.org/W2911145818;https://openalex.org/W2916504680;https://openalex.org/W2916861292;https://openalex.org/W2947115536;https://openalex.org/W2965664886;https://openalex.org/W2984509871;https://openalex.org/W2998275068;https://openalex.org/W2999294063;https://openalex.org/W3029158775;https://openalex.org/W3032444948;https://openalex.org/W3033566057;https://openalex.org/W3035094979;https://openalex.org/W3037760560;https://openalex.org/W3083155292;https://openalex.org/W3083664729;https://openalex.org/W3085833930;https://openalex.org/W3098730768;https://openalex.org/W3111932312;https://openalex.org/W3113981457;https://openalex.org/W3114470270;https://openalex.org/W3122656805;https://openalex.org/W3124371994;https://openalex.org/W3136512139;https://openalex.org/W3140828311;https://openalex.org/W3149470069;https://openalex.org/W3157431003;https://openalex.org/W3158496349;https://openalex.org/W3163163834;https://openalex.org/W3165575792,,False,ISI,,"Tariq S, 2021, Construction Innovation","Tariq S, 2021, Construction Innovation"
https://openalex.org/W2265368029,10.13140/rg.2.1.4814.4402,"The counting house: measuring those who count. Presence of Bibliometrics, Scientometrics, Informetrics, Webometrics and Altmetrics in the Google Scholar Citations, ResearcherID, ResearchGate, Mendeley & Twitter",2016,arXiv (Cornell University),arXiv (Cornell University),37,preprint,en,,,,,Martín‐Martín A;Orduña‐Malea E;Manuel Ayllón J;Delgado López‐Cózar E,Alberto Martín‐Martín;Enrique Orduña‐Malea;Juan Manuel Ayllón;Emilio Delgado López‐Cózar,,"Following in the footsteps of the model of scientific communication, which has recently gone through a metamorphosis (from the Gutenberg galaxy to the Web galaxy), a change in the model and methods of scientific evaluation is also taking place. A set of new scientific tools are now providing a variety of indicators which measure all actions and interactions among scientists in the digital space, making new aspects of scientific communication emerge. In this work we present a method for ―capturing‖ the structure of an entire scientific community (the Bibliometrics, Scientometrics, Informetrics, Webometrics, and Altmetrics community) and the main agents that are part of it (scientists, documents, and sources) through the lens of Google Scholar Citations (GSC). Additionally, we compare these author ―portraits‖ to the ones offered by other profile or social platforms currently used by academics (ResearcherID, ResearchGate, Mendeley, and Twitter), in order to test their degree of use, completeness, reliability, and the validity of the information they provide. A sample of 814 authors (researchers in Bibliometrics with a public profile created in GSC) was subsequently searched in the other platforms, collecting the main indicators computed by each of them. The data collection was carried out on September, 2015. The Spearman correlation (α= 0.05) was applied to these indicators (a total of 31), and a Principal Component Analysis was carried out in order to reveal the relationships among metrics and platforms as well as the possible existence of metric clusters. We found that it is feasible to depict an accurate representation of the current state of the Bibliometrics community using data from GSC (the most influential authors, documents, journals, and publishers). Regarding the number of authors found in each platform, GSC takes the first place (814 authors), followed at a distance by ResearchGate (543), which is currently growing at a vertiginous speed. The number of Mendeley profiles is high, although 17.1% of them are basically empty. ResearcherID is also affected by this issue (34.45% of the profiles are empty), as is Twitter (47% of the Twitter accounts have published less than 100 tweets). Only 11% of our sample (93 authors) have created a profile in all the platforms analyzed in this study. From the PCA, we found two kinds of impact on the Web: first, all metrics related to academic impact. This first group can further be divided into usage metrics (views and downloads) and citation metrics. Second, all metrics related to connectivity and popularity (followers). ResearchGate indicators, as well as Mendeley readers, present a high correlation to all the indicators from GSC, but only a moderate correlation to the indicators in ResearcherID. Twitter indicators achieve only low correlations to the rest of the indicators, the highest of these being to GSC (0.42-0.46), and to Mendeley (0.41-0.46). Lastly, we present a taxonomy of all the errors that may affect the reliability of the data contained in each of these platforms, with a special emphasis in GSC, since it has been our main source of data. These errors alert us to the danger of blindly using any of these platforms for the assessment of individuals, without verifying the veracity and exhaustiveness of the data. In addition to this working paper, we also have made available a website where all the data obtained for each author and the results of the analysis of the most cited documents can be found: Scholar Mirrors.",Altmetrics;Webometrics;Scientometrics;Bibliometrics;Informetrics;Data science;Computer science;World Wide Web,Altmetrics;Webometrics;Scientometrics;Bibliometrics;Informetrics;Data science;Computer science;World Wide Web,https://openalex.org/W1488271674;https://openalex.org/W1547304362;https://openalex.org/W1600077369;https://openalex.org/W1758588624;https://openalex.org/W1768956149;https://openalex.org/W1774901454;https://openalex.org/W1852102741;https://openalex.org/W1888811121;https://openalex.org/W1891258619;https://openalex.org/W1967508355;https://openalex.org/W1981686904;https://openalex.org/W1992306829;https://openalex.org/W1993451046;https://openalex.org/W2001115057;https://openalex.org/W2009117424;https://openalex.org/W2022122406;https://openalex.org/W2038196424;https://openalex.org/W2040090443;https://openalex.org/W2045275585;https://openalex.org/W2060017626;https://openalex.org/W2060560908;https://openalex.org/W2063709399;https://openalex.org/W2069134922;https://openalex.org/W2069613886;https://openalex.org/W2070649469;https://openalex.org/W2072623593;https://openalex.org/W2072897447;https://openalex.org/W2077217220;https://openalex.org/W2085912276;https://openalex.org/W2099424129;https://openalex.org/W2099676206;https://openalex.org/W2101174610;https://openalex.org/W2102661446;https://openalex.org/W2110562193;https://openalex.org/W2115417473;https://openalex.org/W2133129817;https://openalex.org/W2137224556;https://openalex.org/W2138408047;https://openalex.org/W2147691941;https://openalex.org/W2153648813;https://openalex.org/W2173447494;https://openalex.org/W2202159008;https://openalex.org/W2256443297;https://openalex.org/W2258275355;https://openalex.org/W2279988883;https://openalex.org/W2336298045;https://openalex.org/W2471734499;https://openalex.org/W2601536024;https://openalex.org/W2614891354;https://openalex.org/W2788939510;https://openalex.org/W2912659123,,True,ISI,,"Martín‐Martín A, 2016, arXiv (Cornell University)","Martín‐Martín A, 2016, arXiv (Cornell University)"
https://openalex.org/W3001491100,10.3145/epi.2020.ene.03,Software tools for conducting bibliometric analysis in science: An up-to-date review,2020,El Profesional de la Informacion,El Profesional de la Informacion,1564,article,es,29,1,,,A. Moral-Muñoz J;Herrera‐Viedma E;Santisteban‐Espejo A;J. Cobo M,José A. Moral-Muñoz;Enrique Herrera‐Viedma;Antonio Santisteban‐Espejo;Manuel J. Cobo,Universidad de Cádiz;Universidad de Granada;Hospital Universitario Puerta del Mar;Universidad de Cádiz,"Bibliometrics has become an essential tool for assessing and analyzing the output of scientists, cooperation between universities, the effect of state-owned science funding on national research and development performance and educational efficiency, among other applications. Therefore, professionals and scientists need a range of theoretical and practical tools to measure experimental data. This review aims to provide an up-to-date review of the various tools available for conducting bibliometric and scientometric analyses, including the sources of data acquisition, performance analysis and visualization tools. The included tools were divided into three categories: general bibliometric and performance analysis, science mapping analysis, and libraries; a description of all of them is provided. A comparative analysis of the database sources support, pre-processing capabilities, analysis and visualization options were also provided in order to facilitate its understanding. Although there are numerous bibliometric databases to obtain data for bibliometric and scientometric analysis, they have been developed for a different purpose. The number of exportable records is between 500 and 50,000 and the coverage of the different science fields is unequal in each database. Concerning the analyzed tools, Bibliometrix contains the more extensive set of techniques and suitable for practitioners through Biblioshiny. VOSviewer has a fantastic visualization and is capable of loading and exporting information from many sources. SciMAT is the tool with a powerful pre-processing and export capability. In views of the variability of features, the users need to decide the desired analysis output and chose the option that better fits into their aims.",Bibliometrics;Visualization;Data science;Computer science;Data visualization;Set (abstract data type);Scientometrics;Database;Data mining;World Wide Web,Bibliometrics;Visualization;Data science;Computer science;Data visualization;Set (abstract data type);Scientometrics;Database;Data mining;World Wide Web;Programming language,https://openalex.org/W58954717;https://openalex.org/W1021000864;https://openalex.org/W1481580122;https://openalex.org/W1502432690;https://openalex.org/W1538205560;https://openalex.org/W1767272795;https://openalex.org/W1969180921;https://openalex.org/W1974552298;https://openalex.org/W1981886524;https://openalex.org/W2005706022;https://openalex.org/W2008388219;https://openalex.org/W2043976122;https://openalex.org/W2045108252;https://openalex.org/W2045816279;https://openalex.org/W2080548714;https://openalex.org/W2090396658;https://openalex.org/W2094864959;https://openalex.org/W2097148950;https://openalex.org/W2097914836;https://openalex.org/W2100721575;https://openalex.org/W2107669738;https://openalex.org/W2108680868;https://openalex.org/W2128438887;https://openalex.org/W2130548493;https://openalex.org/W2135415614;https://openalex.org/W2135455887;https://openalex.org/W2137786481;https://openalex.org/W2150220236;https://openalex.org/W2159299749;https://openalex.org/W2163878690;https://openalex.org/W2169089330;https://openalex.org/W2232112412;https://openalex.org/W2275696275;https://openalex.org/W2277173977;https://openalex.org/W2319824271;https://openalex.org/W2522876520;https://openalex.org/W2550304420;https://openalex.org/W2563792373;https://openalex.org/W2566577737;https://openalex.org/W2571077957;https://openalex.org/W2599784308;https://openalex.org/W2755950973;https://openalex.org/W2762203815;https://openalex.org/W2767791169;https://openalex.org/W2772451958;https://openalex.org/W2793174271;https://openalex.org/W2797873488;https://openalex.org/W2900201388;https://openalex.org/W2901077405;https://openalex.org/W2908052148;https://openalex.org/W2943090492;https://openalex.org/W2963453445;https://openalex.org/W2971022377;https://openalex.org/W2973834436;https://openalex.org/W2987264428;https://openalex.org/W2998874360;https://openalex.org/W3102325394;https://openalex.org/W3106477845;https://openalex.org/W3122218456;https://openalex.org/W4229688471;https://openalex.org/W4238591974;https://openalex.org/W4256681118;https://openalex.org/W6694478746;https://openalex.org/W6695147765,,True,ISI,,"A. Moral-Muñoz J, 2020, El Profesional de la Informacion","A. Moral-Muñoz J, 2020, El Profesional de la Informacion"
https://openalex.org/W3145021233,10.19181/smtp.2021.3.1.5,"Bibliometrics, scientometrics and informetrics. Part 2. Object",2021,Science management theory and practice,Science management theory and practice,6,article,en,3,1,80,105,С. Лазарев В,В. С. Лазарев,Belarusian National Technical University,"A simplified and sometimes vulgar understanding of the role of scientometrics in science management makes it necessary to better understand its essential characteristics. In this paper, scientometrics is considered in interrelations with bibliometrics and informetrics that are the fields of knowledge closest to it.In relation to bibliometrics, scientometrics and informetrics, this part discusses the representationof their object. Its reinterpretation using the modern broad meaning of the term “document” made us possible to come to the conclusion that there is (at least) the maximum convergence of interpretations of objects of bibliometrics, scientometrics and informetrics. In any case, such a comparative analysis of objects helps to identify both similarities and differences between these fields of knowledge, which is important, since their awareness is a very obvious initial condition for mutual conceptual enrichment (artificially diverged?) bibliometrics, scientometrics and informetrics with knowledge and concepts.Part 2 of the present paper provides examples of treating the objects of bibliometrics, scientometricsand informetrics using traditional interpretations of the concept of a “document”, followed by brief a review of the reinterpretation of this concept. However, consideration of the relationship of a “document” and “information” is much more detailed in the present work than it was performed in the author’s previous paper on this topic.",Informetrics;Scientometrics;Bibliometrics;Reinterpretation;Computer science;Information retrieval;Data science;Library science;Philosophy,Informetrics;Scientometrics;Bibliometrics;Reinterpretation;Computer science;Information retrieval;Data science;Library science;Philosophy;Aesthetics,https://openalex.org/W55385738;https://openalex.org/W1499206742;https://openalex.org/W1888811121;https://openalex.org/W1984066943;https://openalex.org/W2001873453;https://openalex.org/W2047590689;https://openalex.org/W2103162194;https://openalex.org/W2125074335;https://openalex.org/W3099532581;https://openalex.org/W3115068246;https://openalex.org/W7000230129,,True,ISI,,"С. Лазарев В, 2021, Science management theory and practice","С. Лазарев В, 2021, Science management theory and practice"
https://openalex.org/W4207059865,10.19181/smtp.2021.3.2.5,"Bibliometrics, Scientometrics and Informetrics. Part 3. Object (Ending)",2021,Science management theory and practice,Science management theory and practice,6,article,en,3,2,99,136,С. Лазарев В,В. С. Лазарев,Belarusian National Technical University,"A simplified and sometimes vulgar understanding of the role of scientometrics in science management makes it necessary to better understand its essential characteristics. In this paper, scientometrics is considered in interrelations with bibliometrics and informetrics that are the fields of knowledge closest to it.In relation to bibliometrics, scientometrics and informetrics, this part discusses the representationof their object. Its reinterpretation using the modern broad meaning of the term “document” made us possible to come to the conclusion about (at least) the maximum convergence of interpretations of objects of bibliometrics, scientometrics and informetrics. In any case, such a comparative analysis of objects helps to identify both similarities and differences between these fields of knowledge, which is important, since their awareness is a very obvious initial condition for mutual conceptual enrichment (artificially diverged?) bibliometrics, scientometrics and informetrics with knowledge and concepts.The present, i. e. the third part of the paper provides examples of understanding the objects of bibliometrics, scientometrics, and informetrics using the modern, “broad” meaning of the concept of “document”. It is shown that with the use of this approach, the interpretations of the objects of bibliometrics, scientometrics and informetrics are even closer than with the use of the traditional one. Also, the cognitive capabilities of bibliometrics, scientometrics and informetrics are potentially expanded in this case. The ways of possible further research in this direction are outlined, taking into account the V. S. Stepin’s viewpoints on the subject of research as a concept dependent on the applied methods, and on the empirical object asthe essence allocated in connection with the tasks of cognition.",Informetrics;Scientometrics;Bibliometrics;Computer science;Data science;Library science,Informetrics;Scientometrics;Bibliometrics;Computer science;Data science;Library science,https://openalex.org/W55385738;https://openalex.org/W1678171433;https://openalex.org/W1888811121;https://openalex.org/W1984066943;https://openalex.org/W2009405785;https://openalex.org/W2040610317;https://openalex.org/W2047590689;https://openalex.org/W2069134922;https://openalex.org/W2079227135;https://openalex.org/W2082751088;https://openalex.org/W2125074335;https://openalex.org/W2539367756;https://openalex.org/W2980163471;https://openalex.org/W3099532581;https://openalex.org/W3115068246;https://openalex.org/W3116246156;https://openalex.org/W4238295905;https://openalex.org/W7071560992,,True,ISI,,"С. Лазарев В, 2021, Science management theory and practice-a","С. Лазарев В, 2021, Science management theory and practice"
https://openalex.org/W2917598670,10.1016/j.joen.2018.11.010,Regenerative Endodontics: A Scientometric and Bibliometric Analysis,2019,Journal of Endodontics,Journal of Endodontics,83,review,en,45,3,272,280,Shamszadeh S;Asgary S;Nosrat A,Sayna Shamszadeh;Saeed Asgary;Ali Nosrat,"Shahid Beheshti University of Medical Sciences;Shahid Beheshti University of Medical Sciences;University of Maryland, Baltimore;Shahid Beheshti University of Medical Sciences",,Scopus;Endodontics;MEDLINE;Library science;Web of science;Bibliometrics;Medicine;Political science;Computer science;Dentistry,Scopus;Endodontics;MEDLINE;Library science;Web of science;Bibliometrics;Medicine;Political science;Computer science;Dentistry;Law,https://openalex.org/W31594289;https://openalex.org/W1507358733;https://openalex.org/W1762218599;https://openalex.org/W1847931652;https://openalex.org/W1857691934;https://openalex.org/W1887961201;https://openalex.org/W1943033758;https://openalex.org/W1993737164;https://openalex.org/W2003334184;https://openalex.org/W2008869448;https://openalex.org/W2009016030;https://openalex.org/W2012602233;https://openalex.org/W2017362591;https://openalex.org/W2023989480;https://openalex.org/W2041217026;https://openalex.org/W2048847618;https://openalex.org/W2074613372;https://openalex.org/W2075432689;https://openalex.org/W2081441000;https://openalex.org/W2089126830;https://openalex.org/W2094660281;https://openalex.org/W2150220236;https://openalex.org/W2156163669;https://openalex.org/W2162119461;https://openalex.org/W2168351910;https://openalex.org/W2205394587;https://openalex.org/W2214318969;https://openalex.org/W2256621723;https://openalex.org/W2259983593;https://openalex.org/W2468804029;https://openalex.org/W2502420457;https://openalex.org/W2512763710;https://openalex.org/W2525806127;https://openalex.org/W2544047147;https://openalex.org/W2568485538;https://openalex.org/W2614578122;https://openalex.org/W2732706304;https://openalex.org/W2747613328;https://openalex.org/W2775120780;https://openalex.org/W2781476437;https://openalex.org/W2795959464;https://openalex.org/W2800802039;https://openalex.org/W2800957691;https://openalex.org/W2913608944;https://openalex.org/W4327991887;https://openalex.org/W6601314394;https://openalex.org/W6638707553;https://openalex.org/W6640436666;https://openalex.org/W6720002157;https://openalex.org/W6729321573,30803534,False,ISI,,"Shamszadeh S, 2019, Journal of Endodontics","Shamszadeh S, 2019, Journal of Endodontics"
https://openalex.org/W3034293320,10.36680/j.itcon.2020.017,A bibliometric and scientometric mapping of Industry 4.0 in construction,2020,Journal of Information Technology in Construction,Journal of Information Technology in Construction,81,article,en,25,,287,307,Safura Zabidin N;Belayutham S;Khairil Izam Che Ibrahim C,Nadia Safura Zabidin;Sheila Belayutham;Che Khairil Izam Che Ibrahim,Universiti Teknologi MARA;Universiti Teknologi MARA,"Industry 4.0 embraces digitization and smart products or processes that are integrated with several technological developments to control the entire value chain of workflows. The construction industry is also captivated with the idea of Industry 4.0 transformation that changes the traditional system into digital and cyber-physical system that interacts and connects across the geographical and organizational borders. However, as construction is commonly known as a low-technologically advanced industry, studies on Industry 4.0 in construction still remains elusive, as compared to other sectors such as manufacturing, electrical and electronic engineering and computer science. Therefore, this study aims to explore the current state of Industry 4.0 application from the construction engineering perspective. A systematic literature review (SLR) was conducted to identify publications related to Industry 4.0 in construction. A bibliometric analysis has been outlined through exclusion and inclusion principles, while a scientometric analysis has been further applied to enhance the SLR findings through ‘science mapping’ visualization techniques. This study presents the relevance, along with the movement, adoption and adaption of Industry 4.0 in the construction industry that further enables the spark of new ideas, in effort to realize and comprehend the current and future technological transformation in construction.",Digitization;Workflow;Relevance (law);Industry 4.0;Engineering;SPARK (programming language);Construction industry;Cyber-physical system;Value chain;Engineering management;Digital transformation;Computer science;Construction engineering;Business;Supply chain;Marketing;World Wide Web;Telecommunications,Digitization;Workflow;Relevance (law);Industry 4.0;Engineering;SPARK (programming language);Construction industry;Cyber-physical system;Value chain;Engineering management;Digital transformation;Computer science;Construction engineering;Business;Supply chain;Marketing;World Wide Web;Telecommunications;Law;Programming language;Operating system;Political science;Embedded system;Database,https://openalex.org/W150292108;https://openalex.org/W2070665593;https://openalex.org/W2100877102;https://openalex.org/W2108680868;https://openalex.org/W2474655341;https://openalex.org/W2498731006;https://openalex.org/W2515112257;https://openalex.org/W2526174653;https://openalex.org/W2528223815;https://openalex.org/W2538102286;https://openalex.org/W2581634786;https://openalex.org/W2591765041;https://openalex.org/W2597718902;https://openalex.org/W2603008685;https://openalex.org/W2606213502;https://openalex.org/W2738421686;https://openalex.org/W2762731413;https://openalex.org/W2767125030;https://openalex.org/W2771032454;https://openalex.org/W2781875978;https://openalex.org/W2782609022;https://openalex.org/W2784350984;https://openalex.org/W2787948291;https://openalex.org/W2789620436;https://openalex.org/W2791029167;https://openalex.org/W2791987562;https://openalex.org/W2795876296;https://openalex.org/W2804804101;https://openalex.org/W2806407311;https://openalex.org/W2810409501;https://openalex.org/W2888092695;https://openalex.org/W2888245595;https://openalex.org/W2891753839;https://openalex.org/W2896513918;https://openalex.org/W2910523134;https://openalex.org/W2920582597;https://openalex.org/W2921574824;https://openalex.org/W2945838180;https://openalex.org/W2997918385;https://openalex.org/W3144573886;https://openalex.org/W3173029075;https://openalex.org/W4211244701;https://openalex.org/W4230643106,,True,ISI,,"Safura Zabidin N, 2020, Journal of Information Technology in Construction","Safura Zabidin N, 2020, Journal of Information Technology in Construction"
https://openalex.org/W3203851764,10.1080/03050068.2021.1981725,Global science and national comparisons: beyond bibliometrics and scientometrics,2021,Comparative Education,Comparative Education,94,article,en,58,2,125,146,Marginson S,Simon Marginson,National Research University Higher School of Economics;University of Oxford,"In the last three decades, a networked global system has emerged in the natural-science-based disciplines, sustained by collegial epistemic relations in universities. Nationally ordered and funded science has expanded alongside the global science system. The common global pool of papers, defined by bibliometric collections, nevertheless excludes large components of knowledge. In the global system, four tendencies are apparent: (1) rapid growth of papers, (2) diversification of scientific capacity to many more countries, (3) expansion of networked international and national collaboration as measured by co-authorship, (4) growing multi-polarity of capacity, outputs and quality, with the rise of China and several middle-sized national systems outside the Euro-American bloc. The paper critiques the interpretation of global science dominant in scientometrics, in which positivist data analyses are applied to performative national comparisons. It argues for a historical-synthetic explanation of the global system that combines data and theorisation, and accounts for relations of power.",Scientometrics;Bibliometrics;China;Regional science;Diversification (marketing strategy);Sociology;Discipline;Social science;Political science;Library science;Computer science;Law,Scientometrics;Bibliometrics;China;Regional science;Diversification (marketing strategy);Sociology;Discipline;Social science;Political science;Library science;Computer science;Law;Marketing;Business,https://openalex.org/W656794031;https://openalex.org/W767067438;https://openalex.org/W1029599486;https://openalex.org/W1529812358;https://openalex.org/W1606367327;https://openalex.org/W1964920419;https://openalex.org/W1966342871;https://openalex.org/W1978977747;https://openalex.org/W1998918462;https://openalex.org/W2013910187;https://openalex.org/W2015970623;https://openalex.org/W2030287307;https://openalex.org/W2037925493;https://openalex.org/W2042333201;https://openalex.org/W2067140652;https://openalex.org/W2070242399;https://openalex.org/W2074846680;https://openalex.org/W2079377779;https://openalex.org/W2101234667;https://openalex.org/W2120217998;https://openalex.org/W2135943618;https://openalex.org/W2140526998;https://openalex.org/W2164039506;https://openalex.org/W2211464343;https://openalex.org/W2264728004;https://openalex.org/W2300346811;https://openalex.org/W2332086916;https://openalex.org/W2471255270;https://openalex.org/W2488347556;https://openalex.org/W2554440378;https://openalex.org/W2753173584;https://openalex.org/W2766853860;https://openalex.org/W2781953656;https://openalex.org/W2801982413;https://openalex.org/W2806499703;https://openalex.org/W2884061206;https://openalex.org/W2884201718;https://openalex.org/W2888503908;https://openalex.org/W2891733564;https://openalex.org/W2896629373;https://openalex.org/W2910917352;https://openalex.org/W2915635728;https://openalex.org/W2941223686;https://openalex.org/W2949884440;https://openalex.org/W2960970188;https://openalex.org/W2971101863;https://openalex.org/W2975166839;https://openalex.org/W2979876508;https://openalex.org/W2984724474;https://openalex.org/W2995007507;https://openalex.org/W2996571224;https://openalex.org/W3001427642;https://openalex.org/W3015488948;https://openalex.org/W3022432912;https://openalex.org/W3101775553;https://openalex.org/W3105287674;https://openalex.org/W3106373511;https://openalex.org/W3130634373;https://openalex.org/W3166095176;https://openalex.org/W3168904593;https://openalex.org/W3190062161;https://openalex.org/W3210462232;https://openalex.org/W4243252020;https://openalex.org/W4250359237;https://openalex.org/W4251270782;https://openalex.org/W4254961713;https://openalex.org/W4301030907;https://openalex.org/W4313450570,,True,ISI,,"Marginson S, 2021, Comparative Education","Marginson S, 2021, Comparative Education"
https://openalex.org/W4286715794,10.1002/rfe.1171,Bibliometric and Scientometric analysis on CSR practices in the banking sector,2022,Review of Financial Economics,Review of Financial Economics,78,article,en,41,2,177,196,Kabir Hassan M;Raza Rabbani M;Brodmann J;Bashar A;Grewal H,M. Kabir Hassan;Mustafa Raza Rabbani;Jennifer Brodmann;Abu Bashar;Himani Grewal,"University of New Orleans;University of Bahrain;California State University, Dominguez Hills;IMS Unison University;IFTM University","Abstract This paper provides a bibliometric and Scientometric analysis of the corporate social responsibility (CSR) in banking sector. Our study analyzes 551 articles from the Scopus database to find out the relationship between CSR and banking. A bibliometric method was used to visualize the results using R‐studio and VOS viewer software. The Scientometric analysis was conducted to determine the findings and mappings of the research themes, directions of current and future research, impact, co‐occurrence, co‐citations and impact and collaboration trends. We explore how CSR literature has evolved over the years in the banking sector between 1993 and 2021. We find that publication in the CSR and banking domain has increased significantly during 2017 and 2021. Social aspects, board of directors, CSR, environment, competitions, Islamic banking, sustainability, disclosure, ethics, legitimacy theory, sustainable banking, loyalty, and brand equity are the popular research trends and collaboration trends identified. We also provide further scope of the study based on the extensive review of the past literature. Our findings may provide help to future researchers, bankers, and regulators in understanding the current trends and future research progression in the CSR and banking sector.",Corporate social responsibility;Scopus;Scope (computer science);Business;Accounting;Sustainability;Political science;Public relations;Computer science,Corporate social responsibility;Scopus;Scope (computer science);Business;Accounting;Sustainability;Political science;Public relations;Computer science;Biology;Law;Programming language;Ecology;MEDLINE,https://openalex.org/W1516832813;https://openalex.org/W1893565718;https://openalex.org/W1964645601;https://openalex.org/W1966315443;https://openalex.org/W1969366402;https://openalex.org/W1973297602;https://openalex.org/W1973515380;https://openalex.org/W1977818320;https://openalex.org/W1988880939;https://openalex.org/W1997015894;https://openalex.org/W2018088630;https://openalex.org/W2033490146;https://openalex.org/W2035880114;https://openalex.org/W2041333064;https://openalex.org/W2041375131;https://openalex.org/W2055038106;https://openalex.org/W2078574753;https://openalex.org/W2092151481;https://openalex.org/W2092220553;https://openalex.org/W2100881735;https://openalex.org/W2105326339;https://openalex.org/W2116714002;https://openalex.org/W2127543758;https://openalex.org/W2164371858;https://openalex.org/W2165022267;https://openalex.org/W2332224127;https://openalex.org/W2464953958;https://openalex.org/W2467759773;https://openalex.org/W2483360048;https://openalex.org/W2508086575;https://openalex.org/W2535919141;https://openalex.org/W2560099565;https://openalex.org/W2588232739;https://openalex.org/W2593122468;https://openalex.org/W2606228498;https://openalex.org/W2746349255;https://openalex.org/W2773755127;https://openalex.org/W2785024367;https://openalex.org/W2804023089;https://openalex.org/W2809655792;https://openalex.org/W2829956021;https://openalex.org/W2894987405;https://openalex.org/W2897773300;https://openalex.org/W2900548841;https://openalex.org/W2900814096;https://openalex.org/W2901334517;https://openalex.org/W2902889017;https://openalex.org/W2915161772;https://openalex.org/W2918921364;https://openalex.org/W2937261302;https://openalex.org/W2937323526;https://openalex.org/W2943514065;https://openalex.org/W2947619435;https://openalex.org/W2951211284;https://openalex.org/W2965135521;https://openalex.org/W2969427533;https://openalex.org/W2981015424;https://openalex.org/W2983685371;https://openalex.org/W2984228991;https://openalex.org/W2988193345;https://openalex.org/W2990007106;https://openalex.org/W2993227938;https://openalex.org/W2997399188;https://openalex.org/W3001491100;https://openalex.org/W3009101767;https://openalex.org/W3012027503;https://openalex.org/W3012703812;https://openalex.org/W3014736367;https://openalex.org/W3016388462;https://openalex.org/W3017244493;https://openalex.org/W3021153481;https://openalex.org/W3021971364;https://openalex.org/W3025688840;https://openalex.org/W3038865932;https://openalex.org/W3048488750;https://openalex.org/W3068361061;https://openalex.org/W3084208620;https://openalex.org/W3087550595;https://openalex.org/W3087830738;https://openalex.org/W3091282609;https://openalex.org/W3092619604;https://openalex.org/W3096532579;https://openalex.org/W3104063893;https://openalex.org/W3106345256;https://openalex.org/W3110911271;https://openalex.org/W3111502185;https://openalex.org/W3115525935;https://openalex.org/W3117223467;https://openalex.org/W3118564667;https://openalex.org/W3118782027;https://openalex.org/W3118810979;https://openalex.org/W3119258816;https://openalex.org/W3119957147;https://openalex.org/W3121443275;https://openalex.org/W3123695382;https://openalex.org/W3125250305;https://openalex.org/W3127222510;https://openalex.org/W3134932078;https://openalex.org/W3135414806;https://openalex.org/W3137582963;https://openalex.org/W3139510662;https://openalex.org/W3143511169;https://openalex.org/W3145449288;https://openalex.org/W3152788962;https://openalex.org/W3158958841;https://openalex.org/W3162428584;https://openalex.org/W3167780084;https://openalex.org/W3170210805;https://openalex.org/W3172773659;https://openalex.org/W3173066252;https://openalex.org/W3173241516;https://openalex.org/W3175016913;https://openalex.org/W3177814550;https://openalex.org/W3184380355;https://openalex.org/W3191647944;https://openalex.org/W3192110884;https://openalex.org/W3194884214;https://openalex.org/W3195802223;https://openalex.org/W3199331322;https://openalex.org/W3200548867;https://openalex.org/W3209296528;https://openalex.org/W4200046284;https://openalex.org/W4206902914;https://openalex.org/W4220879271;https://openalex.org/W4229950476;https://openalex.org/W4232200110;https://openalex.org/W4238383309;https://openalex.org/W4248049325;https://openalex.org/W4248184057,,False,ISI,,"Kabir Hassan M, 2022, Review of Financial Economics","Kabir Hassan M, 2022, Review of Financial Economics"
https://openalex.org/W3215613285,10.1007/s40200-021-00920-1,"The global scientific publications on gut microbiota in type 2 diabetes; a bibliometric, Scientometric, and descriptive analysis",2021,Journal of Diabetes & Metabolic Disorders,Journal of Diabetes & Metabolic Disorders,13,article,en,21,1,13,32,Dehghanbanadaki H;Aazami H;Sadat Ejtahed H;Sohrabi A;Keshavarz Azizi Raftar S;Tarashi S;Tabatabaei‐Malazy O;Bahramali G;Davar Siadat S;Nasli‐Esfahani E;Razi F,Hojat Dehghanbanadaki;Hossein Aazami;Hanieh Sadat Ejtahed;Ahmad Sohrabi;Shahrbanoo Keshavarz Azizi Raftar;Samira Tarashi;Ozra Tabatabaei‐Malazy;Golnaz Bahramali;Seyed Davar Siadat;Ensieh Nasli‐Esfahani;Farideh Razi,Tehran University of Medical Sciences;Tehran University of Medical Sciences;Tehran University of Medical Sciences;Iran University of Medical Sciences;Pasteur Institute of Iran;Pasteur Institute of Iran;Tehran University of Medical Sciences;Pasteur Institute of Iran;Pasteur Institute of Iran;Tehran University of Medical Sciences;Tehran University of Medical Sciences,,Gut flora;Descriptive statistics;Type 2 diabetes;Geography;Biology;Diabetes mellitus;Statistics;Mathematics;Endocrinology;Immunology,Gut flora;Descriptive statistics;Type 2 diabetes;Geography;Biology;Diabetes mellitus;Statistics;Mathematics;Endocrinology;Immunology,https://openalex.org/W1442075714;https://openalex.org/W1577826155;https://openalex.org/W1900993947;https://openalex.org/W1969062424;https://openalex.org/W1971415551;https://openalex.org/W1986759740;https://openalex.org/W2031776562;https://openalex.org/W2037854161;https://openalex.org/W2046273729;https://openalex.org/W2046315492;https://openalex.org/W2055129165;https://openalex.org/W2071841602;https://openalex.org/W2073332363;https://openalex.org/W2083119809;https://openalex.org/W2092328954;https://openalex.org/W2101209169;https://openalex.org/W2103218211;https://openalex.org/W2105805010;https://openalex.org/W2120109270;https://openalex.org/W2126218947;https://openalex.org/W2128769815;https://openalex.org/W2129917444;https://openalex.org/W2139562487;https://openalex.org/W2144956608;https://openalex.org/W2145535121;https://openalex.org/W2147344182;https://openalex.org/W2148755064;https://openalex.org/W2153670376;https://openalex.org/W2159716085;https://openalex.org/W2160883824;https://openalex.org/W2168261002;https://openalex.org/W2168842536;https://openalex.org/W2170291426;https://openalex.org/W2171571559;https://openalex.org/W2443189794;https://openalex.org/W2529872601;https://openalex.org/W2550965594;https://openalex.org/W2552998515;https://openalex.org/W2616333044;https://openalex.org/W2617940752;https://openalex.org/W2636276797;https://openalex.org/W2742018034;https://openalex.org/W2755838029;https://openalex.org/W2772728559;https://openalex.org/W2774743973;https://openalex.org/W2803132482;https://openalex.org/W2808733478;https://openalex.org/W2810560454;https://openalex.org/W2898587007;https://openalex.org/W2912883243;https://openalex.org/W2915014386;https://openalex.org/W2949809879;https://openalex.org/W2952996582;https://openalex.org/W2998420978;https://openalex.org/W2999751090;https://openalex.org/W3015899590;https://openalex.org/W3016462069;https://openalex.org/W3022136636;https://openalex.org/W3025072166;https://openalex.org/W3034532221;https://openalex.org/W3089492775;https://openalex.org/W3119960134;https://openalex.org/W6729640135,35673416,True,ISI,,"Dehghanbanadaki H, 2021, Journal of Diabetes & Metabolic Disorders","Dehghanbanadaki H, 2021, Journal of Diabetes & Metabolic Disorders"
https://openalex.org/W2989886696,10.3390/su11236648,Mapping the Knowledge Domain of Smart-City Research: A Bibliometric and Scientometric Analysis,2019,Sustainability,Sustainability,119,article,en,11,23,6648,6648,Zhao L;Tang Z;Zou X,Li Zhao;Zhiying Tang;Xin Zou,Chengdu University of Technology;Chengdu University of Technology;Monash University,"As urbanization continues to accelerate, the number of cities and their growing populations have created problems, such as the congestion and noise related to transportation, the pollution from industry, and the difficulty of disposing of garbage. An emerging urban strategy is to make use of digital technologies and big data to help improve the quality of life of urban residents. In the past decade, more and more researchers have studied smart cities, and the number of literature in this field grows rapidly, making it “big data”. With the aim of better understanding the contexts of smart-city research, including the distribution of topics, knowledge bases, and the research frontiers in the field, this paper is based on the Science Citation Index Expanded (SCIE) and Social Sciences Citation Index (SSCI) in the Web of Science (WoS) Core Collection, and the method used is that of comprehensive scientometric analysis and knowledge mapping in terms of diversity, time slicing, and dynamics, using VOSviewer and CiteSpace to study the literature in the field. The main research topics can be divided into three areas—“the concepts and elements of the smart city”, “the smart city and the Internet of Things”, and “the smart city of the future”—through document co-citation analysis. There are four key directions—“research objectives and development-strategy research”, “technical-support research”, “data-processing and applied research”, and “management and applied research”—analyzed using keywords co-occurrence. Finally, the research frontiers are urban-development, sustainable cities, cloud computing, artificial intelligence, integration, undertaken through keyword co-occurrence analysis.",Data science;Smart city;Big data;Computer science;Cloud computing;Field (mathematics);Science Citation Index;Social Sciences Citation Index;Urbanization;Beijing;Urban planning;Knowledge management;Citation;World Wide Web;Geography;Engineering;Data mining;Internet of Things;China,Data science;Smart city;Big data;Computer science;Cloud computing;Field (mathematics);Science Citation Index;Social Sciences Citation Index;Urbanization;Beijing;Urban planning;Knowledge management;Citation;World Wide Web;Geography;Engineering;Data mining;Internet of Things;China;Operating system;Archaeology;Economics;Mathematics;Economic growth;Pure mathematics;Civil engineering,https://openalex.org/W4259436;https://openalex.org/W30207540;https://openalex.org/W40911477;https://openalex.org/W58954717;https://openalex.org/W99102765;https://openalex.org/W167368901;https://openalex.org/W1499952918;https://openalex.org/W1521478692;https://openalex.org/W1524318694;https://openalex.org/W1525809409;https://openalex.org/W1527292163;https://openalex.org/W1593284348;https://openalex.org/W1610651915;https://openalex.org/W1661317034;https://openalex.org/W1689942587;https://openalex.org/W1725721317;https://openalex.org/W1767272795;https://openalex.org/W1837982953;https://openalex.org/W1866654974;https://openalex.org/W1901948300;https://openalex.org/W1965446137;https://openalex.org/W1969085745;https://openalex.org/W1974963036;https://openalex.org/W1982300822;https://openalex.org/W1986724421;https://openalex.org/W1987324580;https://openalex.org/W1988708638;https://openalex.org/W1991642373;https://openalex.org/W1998460924;https://openalex.org/W2002118197;https://openalex.org/W2003007819;https://openalex.org/W2003544295;https://openalex.org/W2005207065;https://openalex.org/W2006974280;https://openalex.org/W2010772936;https://openalex.org/W2017685137;https://openalex.org/W2020394509;https://openalex.org/W2024097794;https://openalex.org/W2026942921;https://openalex.org/W2029880576;https://openalex.org/W2031879208;https://openalex.org/W2032327513;https://openalex.org/W2033622708;https://openalex.org/W2037759417;https://openalex.org/W2043074941;https://openalex.org/W2046100206;https://openalex.org/W2048816243;https://openalex.org/W2049329086;https://openalex.org/W2052611239;https://openalex.org/W2053279442;https://openalex.org/W2057041225;https://openalex.org/W2058401212;https://openalex.org/W2058671150;https://openalex.org/W2060231125;https://openalex.org/W2069613886;https://openalex.org/W2070304086;https://openalex.org/W2079421249;https://openalex.org/W2081942550;https://openalex.org/W2082224023;https://openalex.org/W2083277377;https://openalex.org/W2094517468;https://openalex.org/W2094745488;https://openalex.org/W2095455665;https://openalex.org/W2099815523;https://openalex.org/W2105103777;https://openalex.org/W2108680868;https://openalex.org/W2109137664;https://openalex.org/W2110562193;https://openalex.org/W2111619626;https://openalex.org/W2112031167;https://openalex.org/W2118167481;https://openalex.org/W2123726046;https://openalex.org/W2133539063;https://openalex.org/W2134295053;https://openalex.org/W2136719888;https://openalex.org/W2140669960;https://openalex.org/W2150220236;https://openalex.org/W2153457047;https://openalex.org/W2163043615;https://openalex.org/W2179608754;https://openalex.org/W2182617692;https://openalex.org/W2204655733;https://openalex.org/W2211262776;https://openalex.org/W2238499080;https://openalex.org/W2247816666;https://openalex.org/W2255564665;https://openalex.org/W2260783129;https://openalex.org/W2275696275;https://openalex.org/W2284916459;https://openalex.org/W2319419397;https://openalex.org/W2338587829;https://openalex.org/W2342892573;https://openalex.org/W2398971481;https://openalex.org/W2403237691;https://openalex.org/W2413961680;https://openalex.org/W2416799949;https://openalex.org/W2465201232;https://openalex.org/W2477109459;https://openalex.org/W2482049572;https://openalex.org/W2498578223;https://openalex.org/W2509638679;https://openalex.org/W2517745273;https://openalex.org/W2521009279;https://openalex.org/W2527300705;https://openalex.org/W2530232445;https://openalex.org/W2531829851;https://openalex.org/W2535423328;https://openalex.org/W2576179182;https://openalex.org/W2581042172;https://openalex.org/W2594141822;https://openalex.org/W2600942248;https://openalex.org/W2611578116;https://openalex.org/W2622765476;https://openalex.org/W2778953522;https://openalex.org/W2787656392;https://openalex.org/W2791256869;https://openalex.org/W2793241364;https://openalex.org/W2797873488;https://openalex.org/W2804089405;https://openalex.org/W2804310261;https://openalex.org/W2888989557;https://openalex.org/W2891312626;https://openalex.org/W2891501638;https://openalex.org/W2900981450;https://openalex.org/W2902029518;https://openalex.org/W2904350434;https://openalex.org/W2918551816;https://openalex.org/W2918816719;https://openalex.org/W2928249403;https://openalex.org/W2929635159;https://openalex.org/W2943213177;https://openalex.org/W2943459442;https://openalex.org/W2945351381;https://openalex.org/W2947406390;https://openalex.org/W2955895412;https://openalex.org/W2957214579;https://openalex.org/W2958317794;https://openalex.org/W2959315470;https://openalex.org/W2968515930;https://openalex.org/W2968790384;https://openalex.org/W2968913563;https://openalex.org/W3100572281;https://openalex.org/W3121205411;https://openalex.org/W3121995805;https://openalex.org/W3125181003;https://openalex.org/W3125270786;https://openalex.org/W3125866593;https://openalex.org/W4233443229;https://openalex.org/W4238591974;https://openalex.org/W4240705892;https://openalex.org/W4241990970;https://openalex.org/W4248128143;https://openalex.org/W4248252387;https://openalex.org/W4285719527;https://openalex.org/W6602386277;https://openalex.org/W6629870491;https://openalex.org/W6695147765;https://openalex.org/W6695640436;https://openalex.org/W6723389002;https://openalex.org/W6748251081,,True,ISI,,"Zhao L, 2019, Sustainability","Zhao L, 2019, Sustainability"
https://openalex.org/W2009221989,10.1007/bf02019961,An attempt of surveying and classifying bibliometric indicators for scientometric purposes,1988,Scientometrics,Scientometrics,94,article,en,13,5-6,239,259,Vinkler P,P. Vinkler,Hungarian Academy of Sciences,,Citation;Bibliometrics;Scientometrics;Computer science;Impact factor;Data science;Citation analysis;Information retrieval;Library science;Political science,Citation;Bibliometrics;Scientometrics;Computer science;Impact factor;Data science;Citation analysis;Information retrieval;Library science;Political science;Law,https://openalex.org/W431074225;https://openalex.org/W568345026;https://openalex.org/W1559646899;https://openalex.org/W1964104106;https://openalex.org/W1966798973;https://openalex.org/W1972890917;https://openalex.org/W1999398822;https://openalex.org/W2000410783;https://openalex.org/W2003311043;https://openalex.org/W2010199062;https://openalex.org/W2024649255;https://openalex.org/W2026273736;https://openalex.org/W2033874204;https://openalex.org/W2038354038;https://openalex.org/W2039345519;https://openalex.org/W2040697278;https://openalex.org/W2042990063;https://openalex.org/W2053419780;https://openalex.org/W2057060986;https://openalex.org/W2059789020;https://openalex.org/W2060836227;https://openalex.org/W2061312249;https://openalex.org/W2068156122;https://openalex.org/W2071096576;https://openalex.org/W2088684801;https://openalex.org/W2089466924;https://openalex.org/W2094555175;https://openalex.org/W2115591298;https://openalex.org/W2118007443;https://openalex.org/W2148770370;https://openalex.org/W2163159606;https://openalex.org/W2167651468;https://openalex.org/W2203476036;https://openalex.org/W2313834632;https://openalex.org/W2335461596;https://openalex.org/W2399613342;https://openalex.org/W2520643650;https://openalex.org/W4285719527;https://openalex.org/W6633322225,,False,ISI,,"Vinkler P, 1988, Scientometrics","Vinkler P, 1988, Scientometrics"
https://openalex.org/W3036933256,10.1016/j.aap.2020.105568,Fifty Years of Accident Analysis &amp; Prevention: A Bibliometric and Scientometric Overview,2020,Accident Analysis & Prevention,Accident Analysis & Prevention,73,article,en,144,,105568,105568,Zou X;L. Vu H;Huang H,Xin Zou;Hai L. Vu;Helai Huang,Monash University;Monash University;Central South University,,Crash;Bibliometrics;Web of science;Accident analysis;Publishing;Poison control;Occupational safety and health;Data science;Transport engineering;Computer science;Medicine;Library science;Engineering;Political science;Meta-analysis;Environmental health,Crash;Bibliometrics;Web of science;Accident analysis;Publishing;Poison control;Occupational safety and health;Data science;Transport engineering;Computer science;Medicine;Library science;Engineering;Political science;Meta-analysis;Environmental health;Pathology;Law;Internal medicine;Programming language,https://openalex.org/W47338378;https://openalex.org/W588358579;https://openalex.org/W655293066;https://openalex.org/W1499237655;https://openalex.org/W1499800102;https://openalex.org/W1512711506;https://openalex.org/W1521478692;https://openalex.org/W1560564256;https://openalex.org/W1598209419;https://openalex.org/W1611515649;https://openalex.org/W1631393190;https://openalex.org/W1786596391;https://openalex.org/W1964908599;https://openalex.org/W1966886420;https://openalex.org/W1967679139;https://openalex.org/W1967925806;https://openalex.org/W1968097522;https://openalex.org/W1968551146;https://openalex.org/W1968977834;https://openalex.org/W1969084607;https://openalex.org/W1969320611;https://openalex.org/W1970475687;https://openalex.org/W1972149489;https://openalex.org/W1973254444;https://openalex.org/W1973553364;https://openalex.org/W1974707962;https://openalex.org/W1975974950;https://openalex.org/W1976111068;https://openalex.org/W1976303937;https://openalex.org/W1976843358;https://openalex.org/W1976903264;https://openalex.org/W1978317376;https://openalex.org/W1980399291;https://openalex.org/W1980746151;https://openalex.org/W1981530736;https://openalex.org/W1983738939;https://openalex.org/W1985757759;https://openalex.org/W1987302132;https://openalex.org/W1988582424;https://openalex.org/W1989639897;https://openalex.org/W1989669128;https://openalex.org/W1989978483;https://openalex.org/W1990367136;https://openalex.org/W1991478879;https://openalex.org/W1992594517;https://openalex.org/W1992786453;https://openalex.org/W1994984228;https://openalex.org/W1995212144;https://openalex.org/W1996223343;https://openalex.org/W1997042873;https://openalex.org/W1997839992;https://openalex.org/W1998315318;https://openalex.org/W1998408354;https://openalex.org/W1999013095;https://openalex.org/W1999694393;https://openalex.org/W2001963074;https://openalex.org/W2002802905;https://openalex.org/W2003540033;https://openalex.org/W2005207065;https://openalex.org/W2005445120;https://openalex.org/W2006739389;https://openalex.org/W2006868542;https://openalex.org/W2008565704;https://openalex.org/W2008909284;https://openalex.org/W2011514693;https://openalex.org/W2011545736;https://openalex.org/W2011635588;https://openalex.org/W2011835434;https://openalex.org/W2012961182;https://openalex.org/W2013845817;https://openalex.org/W2016124034;https://openalex.org/W2017736273;https://openalex.org/W2017927372;https://openalex.org/W2018292842;https://openalex.org/W2019077572;https://openalex.org/W2019413402;https://openalex.org/W2019883359;https://openalex.org/W2020708932;https://openalex.org/W2020989120;https://openalex.org/W2021784071;https://openalex.org/W2023586817;https://openalex.org/W2024721385;https://openalex.org/W2024861382;https://openalex.org/W2025064357;https://openalex.org/W2025080814;https://openalex.org/W2025401241;https://openalex.org/W2026600011;https://openalex.org/W2026716497;https://openalex.org/W2026851638;https://openalex.org/W2027349022;https://openalex.org/W2028400898;https://openalex.org/W2028740434;https://openalex.org/W2030579736;https://openalex.org/W2031272808;https://openalex.org/W2032117873;https://openalex.org/W2032149001;https://openalex.org/W2032514841;https://openalex.org/W2034179702;https://openalex.org/W2034746930;https://openalex.org/W2035761963;https://openalex.org/W2035920524;https://openalex.org/W2036223982;https://openalex.org/W2036401265;https://openalex.org/W2036619968;https://openalex.org/W2036714794;https://openalex.org/W2036991623;https://openalex.org/W2037048038;https://openalex.org/W2037528341;https://openalex.org/W2037787252;https://openalex.org/W2038083916;https://openalex.org/W2039456928;https://openalex.org/W2039606045;https://openalex.org/W2039850349;https://openalex.org/W2040418644;https://openalex.org/W2043293103;https://openalex.org/W2043558494;https://openalex.org/W2043976122;https://openalex.org/W2044016679;https://openalex.org/W2044221754;https://openalex.org/W2046071287;https://openalex.org/W2046414623;https://openalex.org/W2047942247;https://openalex.org/W2047991958;https://openalex.org/W2049329064;https://openalex.org/W2049599001;https://openalex.org/W2050107338;https://openalex.org/W2051228397;https://openalex.org/W2051657664;https://openalex.org/W2051969679;https://openalex.org/W2052167354;https://openalex.org/W2052392041;https://openalex.org/W2052925250;https://openalex.org/W2053203959;https://openalex.org/W2054217578;https://openalex.org/W2054466380;https://openalex.org/W2055842069;https://openalex.org/W2056662032;https://openalex.org/W2056978120;https://openalex.org/W2056980486;https://openalex.org/W2058433257;https://openalex.org/W2060661883;https://openalex.org/W2060817938;https://openalex.org/W2061518732;https://openalex.org/W2062786991;https://openalex.org/W2062854279;https://openalex.org/W2063584172;https://openalex.org/W2063588951;https://openalex.org/W2064926445;https://openalex.org/W2067710544;https://openalex.org/W2068454912;https://openalex.org/W2069040401;https://openalex.org/W2069725591;https://openalex.org/W2069842088;https://openalex.org/W2069896508;https://openalex.org/W2073559832;https://openalex.org/W2075792684;https://openalex.org/W2075983183;https://openalex.org/W2076261376;https://openalex.org/W2076505509;https://openalex.org/W2076896218;https://openalex.org/W2076978163;https://openalex.org/W2077041921;https://openalex.org/W2079432741;https://openalex.org/W2080116736;https://openalex.org/W2080285081;https://openalex.org/W2081671063;https://openalex.org/W2082024968;https://openalex.org/W2083006184;https://openalex.org/W2083297492;https://openalex.org/W2083873155;https://openalex.org/W2086818867;https://openalex.org/W2088251752;https://openalex.org/W2089010231;https://openalex.org/W2089750800;https://openalex.org/W2090472148;https://openalex.org/W2090597118;https://openalex.org/W2090902826;https://openalex.org/W2090976518;https://openalex.org/W2091369475;https://openalex.org/W2094147539;https://openalex.org/W2094858874;https://openalex.org/W2095033980;https://openalex.org/W2095062293;https://openalex.org/W2096568349;https://openalex.org/W2098490387;https://openalex.org/W2098772869;https://openalex.org/W2099008806;https://openalex.org/W2099037429;https://openalex.org/W2099697766;https://openalex.org/W2100372437;https://openalex.org/W2100936928;https://openalex.org/W2104613635;https://openalex.org/W2106220766;https://openalex.org/W2106949108;https://openalex.org/W2107095871;https://openalex.org/W2107263666;https://openalex.org/W2108192761;https://openalex.org/W2108318372;https://openalex.org/W2109231924;https://openalex.org/W2112120526;https://openalex.org/W2112420691;https://openalex.org/W2114856138;https://openalex.org/W2116119406;https://openalex.org/W2118413857;https://openalex.org/W2119208415;https://openalex.org/W2119480067;https://openalex.org/W2119755537;https://openalex.org/W2122362215;https://openalex.org/W2123677674;https://openalex.org/W2126585161;https://openalex.org/W2128070294;https://openalex.org/W2128438887;https://openalex.org/W2128851328;https://openalex.org/W2132735659;https://openalex.org/W2133896988;https://openalex.org/W2135216654;https://openalex.org/W2136625176;https://openalex.org/W2139367509;https://openalex.org/W2143318894;https://openalex.org/W2144909968;https://openalex.org/W2146631507;https://openalex.org/W2148398225;https://openalex.org/W2150220236;https://openalex.org/W2154239426;https://openalex.org/W2156773607;https://openalex.org/W2161077659;https://openalex.org/W2161309151;https://openalex.org/W2161787802;https://openalex.org/W2161850932;https://openalex.org/W2162778041;https://openalex.org/W2164594255;https://openalex.org/W2164669135;https://openalex.org/W2166088944;https://openalex.org/W2166169000;https://openalex.org/W2166291596;https://openalex.org/W2167654764;https://openalex.org/W2167832071;https://openalex.org/W2169553486;https://openalex.org/W2169763321;https://openalex.org/W2170130593;https://openalex.org/W2172548244;https://openalex.org/W2177882685;https://openalex.org/W2188840939;https://openalex.org/W2191656673;https://openalex.org/W2195780797;https://openalex.org/W2275696275;https://openalex.org/W2285388744;https://openalex.org/W2292045100;https://openalex.org/W2312742674;https://openalex.org/W2326202155;https://openalex.org/W2336244498;https://openalex.org/W2340355443;https://openalex.org/W2343811890;https://openalex.org/W2346257771;https://openalex.org/W2466381818;https://openalex.org/W2490635609;https://openalex.org/W2506450184;https://openalex.org/W2509187435;https://openalex.org/W2510399033;https://openalex.org/W2517873857;https://openalex.org/W2547561911;https://openalex.org/W2561848384;https://openalex.org/W2587248859;https://openalex.org/W2590265614;https://openalex.org/W2595296976;https://openalex.org/W2606989030;https://openalex.org/W2622085303;https://openalex.org/W2625446628;https://openalex.org/W2734778015;https://openalex.org/W2740652677;https://openalex.org/W2753470474;https://openalex.org/W2754657754;https://openalex.org/W2755600837;https://openalex.org/W2755836189;https://openalex.org/W2768076358;https://openalex.org/W2769530688;https://openalex.org/W2772977566;https://openalex.org/W2781476437;https://openalex.org/W2781637380;https://openalex.org/W2781848192;https://openalex.org/W2781875978;https://openalex.org/W2788695806;https://openalex.org/W2789453255;https://openalex.org/W2791470693;https://openalex.org/W2792323693;https://openalex.org/W2794142154;https://openalex.org/W2796115352;https://openalex.org/W2797241270;https://openalex.org/W2803292080;https://openalex.org/W2803602990;https://openalex.org/W2806012053;https://openalex.org/W2808175127;https://openalex.org/W2809899558;https://openalex.org/W2888883397;https://openalex.org/W2891205438;https://openalex.org/W2892013824;https://openalex.org/W2893608909;https://openalex.org/W2905407882;https://openalex.org/W2907176255;https://openalex.org/W2908134851;https://openalex.org/W2913736177;https://openalex.org/W2916991282;https://openalex.org/W2920107241;https://openalex.org/W2932573930;https://openalex.org/W2953039158;https://openalex.org/W2960571241;https://openalex.org/W2972527728;https://openalex.org/W3022562642;https://openalex.org/W3122100588;https://openalex.org/W3124738853;https://openalex.org/W3125534699;https://openalex.org/W4236518547;https://openalex.org/W4238591974;https://openalex.org/W4248565612;https://openalex.org/W4253398270;https://openalex.org/W6601882903;https://openalex.org/W6676156567;https://openalex.org/W6695147765;https://openalex.org/W6749477911;https://openalex.org/W6750050371;https://openalex.org/W6765837866,32562929,False,ISI,,"Zou X, 2020, Accident Analysis & Prevention","Zou X, 2020, Accident Analysis & Prevention"
https://openalex.org/W3045623748,10.2196/18835,Harnessing Telemedicine for the Provision of Health Care: Bibliometric and Scientometric Analysis,2020,Journal of Medical Internet Research,Journal of Medical Internet Research,83,article,en,22,10,e18835,e18835,Waqas A;Huat Teoh S;Velez Lapão L;Ary Messina L;César Correia J,Ahmed Waqas;Soo Huat Teoh;Luís Velez Lapão;Luíz Ary Messina;Jorge César Correia,University of Liverpool;Universiti Sains Malaysia;Universidade Nova de Lisboa;National Education and Research Network;University of Geneva,"BACKGROUND: In recent decades, advances in information technology have given new momentum to telemedicine research. These advances in telemedicine range from individual to population levels, allowing the exchange of patient information for diagnosis and management of health problems, primary care prevention, and education of physicians via distance learning. OBJECTIVE: This scientometric investigation aims to examine collaborative research networks, dominant research themes and disciplines, and seminal research studies that have contributed most to the field of telemedicine. This information is vital for scientists, institutions, and policy stakeholders to evaluate research areas where more infrastructural or scholarly contributions are required. METHODS: For analyses, we used CiteSpace (version 4.0 R5; Drexel University), which is a Java-based software that allows scientometric analysis, especially visualization of collaborative networks and research themes in a specific field. RESULTS: We found that scholarly activity has experienced a significant increase in the last decade. Most important works were conducted by institutions located in high-income countries. A discipline-specific shift from radiology to telestroke, teledermatology, telepsychiatry, and primary care was observed. The most important innovations that yielded a collaborative influence were reported in the following medical disciplines, in descending order: public environmental and occupational health, psychiatry, pediatrics, health policy and services, nursing, rehabilitation, radiology, pharmacology, surgery, respiratory medicine, neurosciences, obstetrics, and geriatrics. CONCLUSIONS: Despite a continuous rise in scholarly activity in telemedicine, we noticed several gaps in the literature. For instance, all the primary and secondary research central to telemedicine was conducted in the context of high-income countries, including the evidence synthesis approaches that pertained to implementation aspects of telemedicine. Furthermore, the research landscape and implementation of telemedicine infrastructure are expected to see exponential progress during and after the COVID-19 era.",Telemedicine;Health care;Medicine;Medical education;Context (archaeology);Health informatics;Public health;Nursing;Public relations;Political science,Telemedicine;Health care;Medicine;Medical education;Context (archaeology);Health informatics;Public health;Nursing;Public relations;Political science;Paleontology;Biology;Law,https://openalex.org/W220752475;https://openalex.org/W1840044458;https://openalex.org/W1965624054;https://openalex.org/W1970501322;https://openalex.org/W1976907388;https://openalex.org/W1984971720;https://openalex.org/W1987766795;https://openalex.org/W1990461339;https://openalex.org/W2002134891;https://openalex.org/W2016397815;https://openalex.org/W2016468586;https://openalex.org/W2022175645;https://openalex.org/W2028552006;https://openalex.org/W2032509976;https://openalex.org/W2034597297;https://openalex.org/W2035682989;https://openalex.org/W2041637846;https://openalex.org/W2045028900;https://openalex.org/W2051399804;https://openalex.org/W2059840575;https://openalex.org/W2077583655;https://openalex.org/W2079885394;https://openalex.org/W2097087826;https://openalex.org/W2101931042;https://openalex.org/W2110228606;https://openalex.org/W2113222987;https://openalex.org/W2120715704;https://openalex.org/W2125201323;https://openalex.org/W2140744331;https://openalex.org/W2144162573;https://openalex.org/W2145450009;https://openalex.org/W2148763706;https://openalex.org/W2272539827;https://openalex.org/W2319718307;https://openalex.org/W2441996974;https://openalex.org/W2463102023;https://openalex.org/W2591864320;https://openalex.org/W2968216620;https://openalex.org/W4238591974,33006571,True,ISI,,"Waqas A, 2020, Journal of Medical Internet Research","Waqas A, 2020, Journal of Medical Internet Research"
https://openalex.org/W2084540239,10.1007/s11192-014-1484-3,Scientometrics and information retrieval: weak-links revitalized,2014,Scientometrics,Scientometrics,186,article,en,102,3,2193,2199,Mayr P;Scharnhorst A,Philipp Mayr;Andrea Scharnhorst,GESIS - Leibniz-Institute for the Social Sciences;Leibniz Association;Royal Netherlands Academy of Arts and Sciences,,Informetrics;Scientometrics;Bibliometrics;Information science;Computer science;Information retrieval;Webometrics;Library science;Data science;Sociology,Informetrics;Scientometrics;Bibliometrics;Information science;Computer science;Information retrieval;Webometrics;Library science;Data science;Sociology,https://openalex.org/W596883077;https://openalex.org/W1488271674;https://openalex.org/W1530517025;https://openalex.org/W1532325895;https://openalex.org/W1586276670;https://openalex.org/W1952255788;https://openalex.org/W1999290016;https://openalex.org/W2021277795;https://openalex.org/W2023679223;https://openalex.org/W2026032877;https://openalex.org/W2045148710;https://openalex.org/W2047733065;https://openalex.org/W2051203797;https://openalex.org/W2059859669;https://openalex.org/W2072897447;https://openalex.org/W2073196152;https://openalex.org/W2075685994;https://openalex.org/W2091285870;https://openalex.org/W2101131350;https://openalex.org/W2143493069;https://openalex.org/W2145116747;https://openalex.org/W2153825445;https://openalex.org/W2159419130;https://openalex.org/W2399070686;https://openalex.org/W2750515355;https://openalex.org/W4206537334;https://openalex.org/W4233468685;https://openalex.org/W4243814156;https://openalex.org/W4250810012;https://openalex.org/W4302374918,,True,ISI,,"Mayr P, 2014, Scientometrics","Mayr P, 2014, Scientometrics"
https://openalex.org/W3204279168,10.3389/frma.2021.742311,Exploring Topics in Bibliometric Research Through Citation Networks and Semantic Analysis,2021,Frontiers in Research Metrics and Analytics,Frontiers in Research Metrics and Analytics,289,review,en,6,,742311,742311,Mejía C;Wu M;Zhang Y;Kajikawa Y,Cristian Mejía;Mengjia Wu;Yi Zhang;Yuya Kajikawa,Tokyo Institute of Technology;University of Technology Sydney;University of Technology Sydney;Tokyo Institute of Technology;The University of Tokyo,"This article surveys topic distributions of the academic literature that employs the terms bibliometrics, scientometrics, and informetrics. This exploration allows informing on the adoption of those terms and publication patterns of the authors acknowledging their work to be part of bibliometric research. We retrieved 20,268 articles related to bibliometrics and applied methodologies that exploit various features of the dataset to surface different topic representations. Across them, we observe major trends including discussions on theory, regional publication patterns, databases, and tools. There is a great increase in the application of bibliometrics as science mapping and decision-making tools in management, public health, sustainability, and medical fields. It is also observed that the term bibliometrics has reached an overall generality, while the terms scientometrics and informetrics may be more accurate in representing the core of bibliometric research as understood by the information and library science field. This article contributes by providing multiple snapshots of a field that has grown too quickly beyond the confines of library science.",Bibliometrics;Scientometrics;Informetrics;Data science;Field (mathematics);Citation analysis;Computer science;Citation;Library science;Mathematics,Bibliometrics;Scientometrics;Informetrics;Data science;Field (mathematics);Citation analysis;Computer science;Citation;Library science;Mathematics;Pure mathematics,https://openalex.org/W55385738;https://openalex.org/W64746063;https://openalex.org/W229097380;https://openalex.org/W246140593;https://openalex.org/W567258626;https://openalex.org/W643826803;https://openalex.org/W1021000864;https://openalex.org/W1485792508;https://openalex.org/W1499206742;https://openalex.org/W1531521180;https://openalex.org/W1559665635;https://openalex.org/W1572894270;https://openalex.org/W1577162051;https://openalex.org/W1600077369;https://openalex.org/W1767663529;https://openalex.org/W1858317710;https://openalex.org/W1888811121;https://openalex.org/W1965964177;https://openalex.org/W1968963246;https://openalex.org/W1978034499;https://openalex.org/W1981686904;https://openalex.org/W1982149803;https://openalex.org/W1982564000;https://openalex.org/W1984066943;https://openalex.org/W1989243004;https://openalex.org/W1991119149;https://openalex.org/W1993692165;https://openalex.org/W1997797506;https://openalex.org/W2001616711;https://openalex.org/W2005207065;https://openalex.org/W2007240911;https://openalex.org/W2009117424;https://openalex.org/W2015846187;https://openalex.org/W2019753053;https://openalex.org/W2020002812;https://openalex.org/W2020474111;https://openalex.org/W2029088861;https://openalex.org/W2032402175;https://openalex.org/W2039358761;https://openalex.org/W2039869791;https://openalex.org/W2040517495;https://openalex.org/W2040610317;https://openalex.org/W2044764121;https://openalex.org/W2046173262;https://openalex.org/W2046852280;https://openalex.org/W2047940964;https://openalex.org/W2055458526;https://openalex.org/W2065589403;https://openalex.org/W2071096576;https://openalex.org/W2073023209;https://openalex.org/W2077217220;https://openalex.org/W2077611838;https://openalex.org/W2079530479;https://openalex.org/W2080450835;https://openalex.org/W2087238585;https://openalex.org/W2088037265;https://openalex.org/W2099424129;https://openalex.org/W2100390860;https://openalex.org/W2101174610;https://openalex.org/W2106488040;https://openalex.org/W2108680868;https://openalex.org/W2110562193;https://openalex.org/W2115043726;https://openalex.org/W2115687735;https://openalex.org/W2116575643;https://openalex.org/W2117269329;https://openalex.org/W2117679835;https://openalex.org/W2118839838;https://openalex.org/W2123730213;https://openalex.org/W2125910575;https://openalex.org/W2127048411;https://openalex.org/W2130247873;https://openalex.org/W2131681506;https://openalex.org/W2133928412;https://openalex.org/W2141975087;https://openalex.org/W2147002372;https://openalex.org/W2148230070;https://openalex.org/W2149164687;https://openalex.org/W2150220236;https://openalex.org/W2151936673;https://openalex.org/W2158290178;https://openalex.org/W2159419130;https://openalex.org/W2161793142;https://openalex.org/W2162666608;https://openalex.org/W2163354434;https://openalex.org/W2164224768;https://openalex.org/W2164277894;https://openalex.org/W2165122403;https://openalex.org/W2169089330;https://openalex.org/W2178471959;https://openalex.org/W2183887601;https://openalex.org/W2207112134;https://openalex.org/W2229748565;https://openalex.org/W2272802225;https://openalex.org/W2275696275;https://openalex.org/W2277310227;https://openalex.org/W2279988883;https://openalex.org/W2294895850;https://openalex.org/W2311406757;https://openalex.org/W2416609019;https://openalex.org/W2518646621;https://openalex.org/W2588960398;https://openalex.org/W2593866034;https://openalex.org/W2599784308;https://openalex.org/W2606989030;https://openalex.org/W2621121024;https://openalex.org/W2624340006;https://openalex.org/W2773943570;https://openalex.org/W2785537869;https://openalex.org/W2803459330;https://openalex.org/W2898738390;https://openalex.org/W2945625738;https://openalex.org/W2977116938;https://openalex.org/W3001304293;https://openalex.org/W3022136636;https://openalex.org/W3025072166;https://openalex.org/W3042008996;https://openalex.org/W3098217728;https://openalex.org/W3099296232;https://openalex.org/W3099768174;https://openalex.org/W3102641634;https://openalex.org/W3103443220;https://openalex.org/W3124263630;https://openalex.org/W3124680412;https://openalex.org/W3125707221;https://openalex.org/W3126768004;https://openalex.org/W3175412777;https://openalex.org/W4248898022;https://openalex.org/W4255356361;https://openalex.org/W6634621312;https://openalex.org/W6645770027;https://openalex.org/W6655189866;https://openalex.org/W6679070811;https://openalex.org/W6685893656;https://openalex.org/W6695147765;https://openalex.org/W6751784141,34632257,True,ISI,,"Mejía C, 2021, Frontiers in Research Metrics and Analytics","Mejía C, 2021, Frontiers in Research Metrics and Analytics"
https://openalex.org/W4211163373,10.1007/978-3-319-32010-6_520,Bibliometrics/Scientometrics,2022,,,2,book-chapter,en,,,72,75,Milojević S;Leydesdorff L,Staša Milojević;Loet Leydesdorff,Indiana University Bloomington;University of Amsterdam,,Scientometrics;Bibliometrics;Library science;Computer science,Scientometrics;Bibliometrics;Library science;Computer science,https://openalex.org/W170821200;https://openalex.org/W1503513660;https://openalex.org/W1546171873;https://openalex.org/W2004434228;https://openalex.org/W2010109510;https://openalex.org/W2017361137;https://openalex.org/W2028442912;https://openalex.org/W2053549370;https://openalex.org/W2065589403;https://openalex.org/W2069656088;https://openalex.org/W2088209891;https://openalex.org/W2125922307;https://openalex.org/W2128438887;https://openalex.org/W2130247873;https://openalex.org/W2137818458;https://openalex.org/W2571054566;https://openalex.org/W4230382378;https://openalex.org/W4233925072;https://openalex.org/W4234378029;https://openalex.org/W4245920622;https://openalex.org/W4247265503;https://openalex.org/W4252944073;https://openalex.org/W6614049965;https://openalex.org/W6996884875;https://openalex.org/W7019665847;https://openalex.org/W7024500149,,False,ISI,,"Milojević S, 2022, ","Milojević S, 2022, "
https://openalex.org/W2135961839,10.1007/s11192-010-0230-8,"Scientometric indicators: peer-review, bibliometric methods and conflict of interests",2010,Scientometrics,Scientometrics,50,article,en,85,2,429,441,Južnič P;Pečlin S;Žaucer M;Mandelj T;Pušnik M;Demšar F,Primož Južnič;Stojan Pečlin;Matjaž Žaucer;Tilen Mandelj;Miro Pušnik;Franci Demšar,University of Ljubljana;The Slovenian Research and Innovation Agency;University of Ljubljana;University of Ljubljana;University of Ljubljana;The Slovenian Research and Innovation Agency,,Bibliometrics;Peer review;Conflict of interest;Computer science;Technical peer review;Strengths and weaknesses;Set (abstract data type);Operations research;Political science;Psychology;Data mining;Engineering;Social psychology,Bibliometrics;Peer review;Conflict of interest;Computer science;Technical peer review;Strengths and weaknesses;Set (abstract data type);Operations research;Political science;Psychology;Data mining;Engineering;Social psychology;Programming language;Law,https://openalex.org/W1485792508;https://openalex.org/W1981154310;https://openalex.org/W1987341880;https://openalex.org/W1991217140;https://openalex.org/W1991747566;https://openalex.org/W1994896207;https://openalex.org/W2007508381;https://openalex.org/W2032160096;https://openalex.org/W2042122549;https://openalex.org/W2042269644;https://openalex.org/W2046156642;https://openalex.org/W2046932836;https://openalex.org/W2047635976;https://openalex.org/W2059035794;https://openalex.org/W2091375917;https://openalex.org/W2095271263;https://openalex.org/W2111001702;https://openalex.org/W2116209312;https://openalex.org/W2139081384;https://openalex.org/W2140283616;https://openalex.org/W2158942069;https://openalex.org/W2168887002,,False,ISI,,"Južnič P, 2010, Scientometrics","Južnič P, 2010, Scientometrics"
https://openalex.org/W2559145525,10.1111/joes.12183,SUSTAINABILITY AND WELLBEING: A SCIENTOMETRIC AND BIBLIOMETRIC REVIEW OF THE LITERATURE,2016,Journal of Economic Surveys,Journal of Economic Surveys,67,article,en,31,4,1035,1061,Qasim M,Mubashir Qasim,University of Waikato,"Abstract Interdisciplinary research on measuring the progress towards sustainability and well‐being (SaW) from different perspectives and in various contexts has developed dramatically over recent decades. This growth in the literature has not only added an enormous number of dimensions to the SaW debate, but the sheer scale of the expansion has challenged researchers to be able to conduct a comprehensive analysis of the available SaW indicators. In this work, we have proposed a hybrid method comprised of sophisticated scientometric analysis to summarise scientific developments in the massive text corpus of the SaW literature in conjunction with a more traditional literature review to categorise the ‘fuzzy’ details that remain. Scientometric analysis highlights that the developed OECD countries play a vital role in the development and applications of SaW indicators and we describe key developments in this regard via a range of graphical approaches. Using an extensive collection of existing SaW indicators, the analysis is then summarised in a matrix of ranked indicators which serve as a powerful tool to compare, contrast, filter and select indicators for SaW assessment with minimum redundancies between indicators. The approach undertaken in this study is intended to be flexible and can be extended and applied to other fields of research.",Sustainability;Bibliometrics;Scientometrics;Management science;Computer science;Data science;Scientific literature;Regional science;Economics;Sociology;Data mining;Library science,Sustainability;Bibliometrics;Scientometrics;Management science;Computer science;Data science;Scientific literature;Regional science;Economics;Sociology;Data mining;Library science;Ecology;Biology;Paleontology,https://openalex.org/W117033772;https://openalex.org/W143494085;https://openalex.org/W584756343;https://openalex.org/W1494967364;https://openalex.org/W1531315089;https://openalex.org/W1541135825;https://openalex.org/W1544623050;https://openalex.org/W1736726159;https://openalex.org/W1830719945;https://openalex.org/W1957883004;https://openalex.org/W1964551258;https://openalex.org/W1968160266;https://openalex.org/W1973262153;https://openalex.org/W1985791643;https://openalex.org/W1987708126;https://openalex.org/W1987916930;https://openalex.org/W1989823719;https://openalex.org/W1990744291;https://openalex.org/W1993772548;https://openalex.org/W2019096529;https://openalex.org/W2021122617;https://openalex.org/W2026755501;https://openalex.org/W2030849919;https://openalex.org/W2039596594;https://openalex.org/W2042308645;https://openalex.org/W2045108252;https://openalex.org/W2047348303;https://openalex.org/W2048377712;https://openalex.org/W2050104595;https://openalex.org/W2058362709;https://openalex.org/W2058435921;https://openalex.org/W2062505214;https://openalex.org/W2065624430;https://openalex.org/W2073716048;https://openalex.org/W2077581082;https://openalex.org/W2083721083;https://openalex.org/W2085605077;https://openalex.org/W2090961555;https://openalex.org/W2094864959;https://openalex.org/W2098754032;https://openalex.org/W2103807550;https://openalex.org/W2105057414;https://openalex.org/W2120830385;https://openalex.org/W2123610169;https://openalex.org/W2124350766;https://openalex.org/W2125629801;https://openalex.org/W2131681506;https://openalex.org/W2133920189;https://openalex.org/W2134417682;https://openalex.org/W2135716927;https://openalex.org/W2140726154;https://openalex.org/W2140851977;https://openalex.org/W2150220236;https://openalex.org/W2157422108;https://openalex.org/W2159827482;https://openalex.org/W2163586691;https://openalex.org/W2166354010;https://openalex.org/W2182654917;https://openalex.org/W2277904870;https://openalex.org/W2334865972;https://openalex.org/W2491935822;https://openalex.org/W2583956950;https://openalex.org/W2652380765;https://openalex.org/W2767544505;https://openalex.org/W2905472076;https://openalex.org/W2913390697;https://openalex.org/W2963675088;https://openalex.org/W3099350049;https://openalex.org/W3099768174;https://openalex.org/W3110497459;https://openalex.org/W3121753986;https://openalex.org/W3122788023;https://openalex.org/W3123853243;https://openalex.org/W3124660844;https://openalex.org/W3125534699;https://openalex.org/W4210958102;https://openalex.org/W4246746009;https://openalex.org/W4301267015;https://openalex.org/W6662158270;https://openalex.org/W6675875803,,False,ISI,,"Qasim M, 2016, Journal of Economic Surveys","Qasim M, 2016, Journal of Economic Surveys"
https://openalex.org/W4394652158,10.48550/arxiv.1602.02412,"The counting house: measuring those who count. Presence of Bibliometrics, Scientometrics, Informetrics, Webometrics and Altmetrics in the Google Scholar Citations, ResearcherID, ResearchGate, Mendeley &amp; Twitter",2016,arXiv (Cornell University),arXiv (Cornell University),11,preprint,en,,,,,Martín‐Martín A;Orduña‐Malea E;Manuel Ayllón J;Delgado López‐Cózar E,Alberto Martín‐Martín;Enrique Orduña‐Malea;Juan Manuel Ayllón;Emilio Delgado López‐Cózar,,"Following in the footsteps of the model of scientific communication, which has recently gone through a metamorphosis (from the Gutenberg galaxy to the Web galaxy), a change in the model and methods of scientific evaluation is also taking place. A set of new scientific tools are now providing a variety of indicators which measure all actions and interactions among scientists in the digital space, making new aspects of scientific communication emerge. In this work we present a method for capturing the structure of an entire scientific community (the Bibliometrics, Scientometrics, Informetrics, Webometrics, and Altmetrics community) and the main agents that are part of it (scientists, documents, and sources) through the lens of Google Scholar Citations. Additionally, we compare these author portraits to the ones offered by other profile or social platforms currently used by academics (ResearcherID, ResearchGate, Mendeley, and Twitter), in order to test their degree of use, completeness, reliability, and the validity of the information they provide. A sample of 814 authors (researchers in Bibliometrics with a public profile created in Google Scholar Citations was subsequently searched in the other platforms, collecting the main indicators computed by each of them. The data collection was carried out on September, 2015. The Spearman correlation was applied to these indicators (a total of 31) , and a Principal Component Analysis was carried out in order to reveal the relationships among metrics and platforms as well as the possible existence of metric clusters",Altmetrics;Webometrics;Scientometrics;Bibliometrics;Informetrics;Computer science;Data science;Citation;World Wide Web,Altmetrics;Webometrics;Scientometrics;Bibliometrics;Informetrics;Computer science;Data science;Citation;World Wide Web,,,True,ISI,,"Martín‐Martín A, 2016, arXiv (Cornell University)-a","Martín‐Martín A, 2016, arXiv (Cornell University)"
https://openalex.org/W4408044610,10.56294/mw2024395,"Tools and methodologies for scientific evaluation: bibliometrics, scientometrics and informatics",2024,Seminars in Medical Writing and Education,Seminars in Medical Writing and Education,3,article,en,3,,395,395,Humberto Puente J;Viviana Lucero Baldevenites E;Yang Díaz-Chieng L;Manuel Quintero-Ramírez J;Román-Acosta D,José Humberto Puente;Elisabeth Viviana Lucero Baldevenites;Lee Yang Díaz-Chieng;Juan Manuel Quintero-Ramírez;Daniel Román-Acosta,Universidad de Oriente;Universidad Independiente;Universidad de Las Palmas de Gran Canaria;Universidad de Guantánamo;Consejo Nacional de Ciencia y Tecnología;Colegio de Postgraduados;Hospital Universitario de Sincelejo,"This study analyzed the main tools and methodologies used in bibliometrics, scientometrics, informatics and altmetrics, through a descriptive analytical review of secondary sources published between 2019-2024. The research identified and evaluated the most used tools, including VOSviewer (75% usage in network analysis), CiteSpace (60% in trend identification), and Altmetric.com (80% in alternative metrics). The results revealed that fundamental mathematical models such as Lotka's law (70% application), Zipf's law (55%) and Bradford's law (50%) continue to be essential pillars for the quantitative analysis of scientific production. Altmetrics were found to be gaining significant relevance, with Plum Analytics used in 65% of applications to assess the social impact of research. The study concluded that the integration of traditional and emerging tools allows for a more complete and multidimensional evaluation of scientific activity, although there are limitations in the accessibility and complexity of implementation of some tools.",Scientometrics;Bibliometrics;Informatics;Altmetrics;Health informatics;Data science;Computer science;Library science;Engineering;Medicine,Scientometrics;Bibliometrics;Informatics;Altmetrics;Health informatics;Data science;Computer science;Library science;Engineering;Medicine;Electrical engineering;Nursing;Public health,https://openalex.org/W3113616921;https://openalex.org/W3116774755;https://openalex.org/W3192488273;https://openalex.org/W3197503028;https://openalex.org/W3198222053;https://openalex.org/W3215933325;https://openalex.org/W4200468394;https://openalex.org/W4200470955;https://openalex.org/W4221102544;https://openalex.org/W4224237587;https://openalex.org/W4225120497;https://openalex.org/W4226087415;https://openalex.org/W4280532903;https://openalex.org/W4296588599;https://openalex.org/W4306408045;https://openalex.org/W4310458276;https://openalex.org/W4311945523;https://openalex.org/W4315926658;https://openalex.org/W4321612761;https://openalex.org/W4366548337;https://openalex.org/W4381660624;https://openalex.org/W4382584805;https://openalex.org/W4385373424;https://openalex.org/W4385891563;https://openalex.org/W4386238137;https://openalex.org/W4387934227;https://openalex.org/W4388657379;https://openalex.org/W4390340173;https://openalex.org/W4390457758;https://openalex.org/W4391410169;https://openalex.org/W4391798309;https://openalex.org/W4392304778;https://openalex.org/W4392357241;https://openalex.org/W4392830205;https://openalex.org/W4393021281;https://openalex.org/W4393021295;https://openalex.org/W4393021596;https://openalex.org/W4393868205;https://openalex.org/W4394675253;https://openalex.org/W4394923122;https://openalex.org/W4394931535;https://openalex.org/W4394931748;https://openalex.org/W4394934518;https://openalex.org/W4396901126;https://openalex.org/W4399475605;https://openalex.org/W4399798481;https://openalex.org/W4400027099;https://openalex.org/W4400061806;https://openalex.org/W4400061819;https://openalex.org/W4400101459;https://openalex.org/W4400101765;https://openalex.org/W4400101807;https://openalex.org/W4400224871;https://openalex.org/W4400225469;https://openalex.org/W4400540065;https://openalex.org/W4400920336;https://openalex.org/W4401478502;https://openalex.org/W4401533619;https://openalex.org/W4401533651;https://openalex.org/W4401665299;https://openalex.org/W4401665333;https://openalex.org/W4401683093;https://openalex.org/W4402380534;https://openalex.org/W4402567799;https://openalex.org/W4402572801;https://openalex.org/W4402621926;https://openalex.org/W4402639675;https://openalex.org/W4402644792;https://openalex.org/W4402814566;https://openalex.org/W4403165594;https://openalex.org/W4403167107;https://openalex.org/W4403167144;https://openalex.org/W4403167482;https://openalex.org/W4403223002;https://openalex.org/W4403337618;https://openalex.org/W4404303812;https://openalex.org/W4404822436;https://openalex.org/W4404880865;https://openalex.org/W4406505988;https://openalex.org/W4406507141;https://openalex.org/W4406587981;https://openalex.org/W4407282262;https://openalex.org/W4409965149,,True,ISI,,"Humberto Puente J, 2024, Seminars in Medical Writing and Education","Humberto Puente J, 2024, Seminars in Medical Writing and Education"
https://openalex.org/W4400068247,10.4103/jioh.jioh_23_24,RAMIBS: Reporting and Measurement of Items for Bibliometric or Scientometric Studies in Health Sciences,2024,Journal of international oral health,Journal of international oral health,46,article,en,16,3,253,256,Mayta‐Tovalino F;E. Diaz-Barrera M;M. Runzer-Colmenares F;Pacheco‐Mendoza J,Frank Mayta‐Tovalino;Mario E. Diaz-Barrera;Fernando M. Runzer-Colmenares;Josmel Pacheco‐Mendoza,Universidad San Ignacio de Loyola;Universidad Científica del Sur;Universidad Científica del Sur,"Abstract There is often a lack of standardization in the publication of this type of bibliometrics and scientometrics studies, which makes it difficult to evaluate their validity and contrast the findings. Hence, inspired by the existence of different guidelines for other methodological designs, a group of Peruvian bibliometricians develop guidelines for the presentation of bibliometric and scientometric studies focusing on the three main types of studies used in bibliometrics and scientometrics: citations, number of publications, co-citation analysis, co-occurrence analysis and social network analysis, structural patterns, spatial distribution, etc. Bibliometricians, editors, and researchers collaborated to develop the RAMIBS guideline: Reporting and Measurement of Items for Bibliometric or Scientometric Studies for verifying the items that should be included in the reports of bibliometric and scientometric studies. This process of consensus, drafting, and review resulted in a checklist of 12 items that are related to the title, abstract, introduction, methods, results, and discussion of the articles. It is hoped that these guidelines will improve the quality of the presentation of bibliometric and scientometric studies, thus facilitating their reporting, evaluation, and application.",Bibliometrics;Scientometrics;Checklist;Standardization;Presentation (obstetrics);Data science;Library science;Computer science;Medicine;Psychology,Bibliometrics;Scientometrics;Checklist;Standardization;Presentation (obstetrics);Data science;Library science;Computer science;Medicine;Psychology;Operating system;Cognitive psychology;Radiology,https://openalex.org/W2068452509;https://openalex.org/W2069134922;https://openalex.org/W2780300400;https://openalex.org/W3094889772;https://openalex.org/W3160856016;https://openalex.org/W4200395585;https://openalex.org/W4319982867;https://openalex.org/W6784989298,,True,ISI,,"Mayta‐Tovalino F, 2024, Journal of international oral health","Mayta‐Tovalino F, 2024, Journal of international oral health"
https://openalex.org/W3022136636,10.13140/rg.2.2.22435.50726,"Are Scientometrics, Informetrics, and Bibliometrics different?",2018,,,50,article,en,,,1507,1518,Yang S;Yuan Q;Yu Y,Siluo Yang;Qingli Yuan;Yonghao Yu,,,Informetrics;Scientometrics;Bibliometrics;Computer science;Library science,Informetrics;Scientometrics;Bibliometrics;Computer science;Library science,,,True,ISI,,"Yang S, 2018, ","Yang S, 2018, "
https://openalex.org/W2731315321,10.3233/jad-170184,Four Decades of Research in Alzheimer’s Disease (1975–2014): A Bibliometric and Scientometric Analysis,2017,Journal of Alzheimer s Disease,Journal of Alzheimer s Disease,57,article,en,59,2,763,783,Serrano‐Pozo A;M. Aldridge G;Zhang Q,Alberto Serrano‐Pozo;Georgina M. Aldridge;Qiang Zhang,University of Iowa Hospitals and Clinics;University of Iowa Hospitals and Clinics;University of Iowa Hospitals and Clinics,"BACKGROUND: Bibliometric and scientometric methods can be applied to the study of a research field. OBJECTIVE: We hypothesized that a bibliometric and scientometric analysis of the Alzheimer's disease (AD) research field could render trends that provide researchers and funding agencies valuable insight into the history of the field, current tendencies, and potential future directions. METHODS: We performed searches in publicly available databases including PubMed, Scopus, Web of Science, and Alzheimer's Funding Analyzer for the period 1975-2014, and conducted a curve fitting analysis with non-linear regression. RESULTS: While the rate and impact of publications continue to increase, the number of patents per year is currently declining after peaking in the late 2000s, and the funding budget has plateaued in the last 5-10 years analyzed. Genetics is the area growing at a fastest pace, whereas pathophysiology and therapy have not grown further in the last decade. Among the targets of pathophysiology research, amyloid-β continues to be the focus of greatest interest, with tau and apolipoprotein E stagnant after a surge in the 1990s. The role of inflammation, microglia, and the synapse are other research topics with growing interest. Regarding preventative strategies, education attainment, diet, and exercise are recently gaining some momentum, whereas NSAIDs and statins have lost the spotlight they once had. CONCLUSION: Our bibliometric and scientometric analysis provides distinct trends in AD research in the last four decades, including publication and patent output, funding, impact, and topics. Our findings could inform the decision-making of research funding agencies in the near future.",Bibliometrics;Scientometrics;Library science;Computer science,Bibliometrics;Scientometrics;Library science;Computer science,https://openalex.org/W1572894270;https://openalex.org/W1575078744;https://openalex.org/W1585083630;https://openalex.org/W1607135210;https://openalex.org/W1611407165;https://openalex.org/W1907967862;https://openalex.org/W1929269608;https://openalex.org/W1966831629;https://openalex.org/W1977277944;https://openalex.org/W1982816514;https://openalex.org/W1991993391;https://openalex.org/W1992318681;https://openalex.org/W1997886955;https://openalex.org/W2009870816;https://openalex.org/W2010556975;https://openalex.org/W2014670147;https://openalex.org/W2016575029;https://openalex.org/W2017260345;https://openalex.org/W2017859333;https://openalex.org/W2018962529;https://openalex.org/W2021696430;https://openalex.org/W2030025114;https://openalex.org/W2030079540;https://openalex.org/W2031149574;https://openalex.org/W2031422229;https://openalex.org/W2032920422;https://openalex.org/W2034088916;https://openalex.org/W2034963833;https://openalex.org/W2036288989;https://openalex.org/W2036362108;https://openalex.org/W2036745486;https://openalex.org/W2037099926;https://openalex.org/W2044138536;https://openalex.org/W2045836468;https://openalex.org/W2047511834;https://openalex.org/W2047613132;https://openalex.org/W2049144486;https://openalex.org/W2051776695;https://openalex.org/W2052742260;https://openalex.org/W2057643747;https://openalex.org/W2059156680;https://openalex.org/W2062214806;https://openalex.org/W2063993968;https://openalex.org/W2074427084;https://openalex.org/W2076676029;https://openalex.org/W2077464099;https://openalex.org/W2079749054;https://openalex.org/W2082219060;https://openalex.org/W2082429191;https://openalex.org/W2083556882;https://openalex.org/W2091924214;https://openalex.org/W2092356280;https://openalex.org/W2096410114;https://openalex.org/W2099556509;https://openalex.org/W2107242452;https://openalex.org/W2107327698;https://openalex.org/W2108615047;https://openalex.org/W2114293963;https://openalex.org/W2115779804;https://openalex.org/W2116618054;https://openalex.org/W2116831158;https://openalex.org/W2117134611;https://openalex.org/W2118685119;https://openalex.org/W2122692162;https://openalex.org/W2124490243;https://openalex.org/W2126800086;https://openalex.org/W2128228199;https://openalex.org/W2128438887;https://openalex.org/W2128613449;https://openalex.org/W2129771097;https://openalex.org/W2131165643;https://openalex.org/W2132806643;https://openalex.org/W2136520115;https://openalex.org/W2142514276;https://openalex.org/W2143461767;https://openalex.org/W2145210308;https://openalex.org/W2146729934;https://openalex.org/W2147048440;https://openalex.org/W2149151184;https://openalex.org/W2149954869;https://openalex.org/W2151568674;https://openalex.org/W2151603390;https://openalex.org/W2152119060;https://openalex.org/W2157064933;https://openalex.org/W2160668226;https://openalex.org/W2162148080;https://openalex.org/W2163110760;https://openalex.org/W2165840723;https://openalex.org/W2167720733;https://openalex.org/W2168845544;https://openalex.org/W2170937822;https://openalex.org/W2171405125;https://openalex.org/W2171682279;https://openalex.org/W2197269766;https://openalex.org/W2290598353;https://openalex.org/W2336463934;https://openalex.org/W2412168215;https://openalex.org/W2516374594;https://openalex.org/W2775750683;https://openalex.org/W3014251530;https://openalex.org/W3214092816;https://openalex.org/W4210516726;https://openalex.org/W4210975612;https://openalex.org/W4299599928;https://openalex.org/W6675757033;https://openalex.org/W6685449024,28671119,False,ISI,,"Serrano‐Pozo A, 2017, Journal of Alzheimer s Disease","Serrano‐Pozo A, 2017, Journal of Alzheimer s Disease"
https://openalex.org/W2610026983,10.1007/s11192-017-2399-6,Are peer-review activities related to reviewer bibliometric performance? A scientometric analysis of Publons,2017,Scientometrics,Scientometrics,56,article,en,112,2,947,962,Luís Ortega J,José Luís Ortega,,,Scientometrics;Peer review;Bibliometrics;Psychology;Data science;Sociology;Library science;Computer science;Political science,Scientometrics;Peer review;Bibliometrics;Psychology;Data science;Sociology;Library science;Computer science;Political science;Law,https://openalex.org/W1490425099;https://openalex.org/W1546171873;https://openalex.org/W1557448944;https://openalex.org/W1930403392;https://openalex.org/W1964118131;https://openalex.org/W1964602390;https://openalex.org/W1976461435;https://openalex.org/W1991869139;https://openalex.org/W1993018298;https://openalex.org/W1997515562;https://openalex.org/W2002559130;https://openalex.org/W2018223524;https://openalex.org/W2018606774;https://openalex.org/W2021882344;https://openalex.org/W2027822081;https://openalex.org/W2029866471;https://openalex.org/W2032160096;https://openalex.org/W2032864034;https://openalex.org/W2036017407;https://openalex.org/W2038579646;https://openalex.org/W2053164735;https://openalex.org/W2059888405;https://openalex.org/W2060345484;https://openalex.org/W2081614222;https://openalex.org/W2085271766;https://openalex.org/W2091375917;https://openalex.org/W2095301612;https://openalex.org/W2102073367;https://openalex.org/W2114059546;https://openalex.org/W2129513604;https://openalex.org/W2130453155;https://openalex.org/W2133386222;https://openalex.org/W2134426391;https://openalex.org/W2139081384;https://openalex.org/W2142709701;https://openalex.org/W2142900202;https://openalex.org/W2147245877;https://openalex.org/W2155754692;https://openalex.org/W2161177747;https://openalex.org/W2164136002;https://openalex.org/W2173257495;https://openalex.org/W2184784649;https://openalex.org/W2212838023;https://openalex.org/W2239420864;https://openalex.org/W2911980033;https://openalex.org/W4236891926;https://openalex.org/W4244800545;https://openalex.org/W4248617828;https://openalex.org/W4301905207;https://openalex.org/W4385793531;https://openalex.org/W6629447139,,False,ISI,,"Luís Ortega J, 2017, Scientometrics","Luís Ortega J, 2017, Scientometrics"
https://openalex.org/W2781775665,10.1007/s10943-017-0539-1,Bibliometric and Scientometric Analysis of the Articles Published in the Journal of Religion and Health Between 1975 and 2016,2018,Journal of Religion and Health,Journal of Religion and Health,60,article,en,57,4,1473,1482,Şenel E;Demir E,Engin Şenel;Emre Demir,Hitit Üniversitesi;Hitit Üniversitesi,,Bibliometrics;Scientometrics;Web of science;Spirituality;Social science;Library science;Publication;Sociology;MEDLINE;Medicine;Political science;Alternative medicine;Law;Computer science,Bibliometrics;Scientometrics;Web of science;Spirituality;Social science;Library science;Publication;Sociology;MEDLINE;Medicine;Political science;Alternative medicine;Law;Computer science;Pathology,https://openalex.org/W1888811121;https://openalex.org/W1984066943;https://openalex.org/W1996537012;https://openalex.org/W2016397815;https://openalex.org/W2038383538;https://openalex.org/W2046464121;https://openalex.org/W2069134922;https://openalex.org/W2139059190;https://openalex.org/W2275696275;https://openalex.org/W2333579499;https://openalex.org/W2500002853;https://openalex.org/W2734755895;https://openalex.org/W4239294174;https://openalex.org/W4243784543,29299786,True,ISI,,"Şenel E, 2018, Journal of Religion and Health","Şenel E, 2018, Journal of Religion and Health"
https://openalex.org/W2033216378,10.1108/14684520911011070,Calculating the h‐index and other bibliometric and scientometric indicators from Google Scholar with the Publish or Perish software,2009,Online Information Review,Online Information Review,84,article,en,33,6,1189,1200,Jacsó P,Péter Jacsó,University of Hawaiʻi at Mānoa;University of Hawaii System;Honolulu University,"Purpose The purpose of this paper is to is to discuss the results of recent experiments in calculating the h‐index and other bibliometric and scientometric indicators from Google Scholar with the Publish or Perish software. Design/methodology/approach The paper discusses the Publish or Perish (PoP) software and finds that is a swift and elegant tool to provide the essential output features that Google Scholar does not offer. Findings It is found that PoP allows the user to edit the result lists presented in a compact, efficient grid‐format. It facilitates the identification and removal of duplicate entries by offering dynamic sorting of the set by eight metadata elements, un‐checking items and instant recalculation of the indicators. Originality/value Some changes are recommended to enhance this useful utility by allowing users to clean and edit the erroneous entries in the result set, and then back‐load it to PoP for the recalculation of the indicators. It is also suggested that the option to upload into PoP the result lists produced in CSV format from Web of Science and Scopus (which have much more reliable and reproducible data than Google Scholar) should also be offered.",Computer science;Publish or perish;Upload;Index (typography);Publication;World Wide Web;Information retrieval;Scopus;Metadata;Set (abstract data type);Software;Publishing;Operating system,Computer science;Publish or perish;Upload;Index (typography);Publication;World Wide Web;Information retrieval;Scopus;Metadata;Set (abstract data type);Software;Publishing;Operating system;Advertising;MEDLINE;Business;Political science;Programming language;Law,https://openalex.org/W1982149803;https://openalex.org/W1994377666;https://openalex.org/W2000432130;https://openalex.org/W2002728047;https://openalex.org/W2018789940;https://openalex.org/W2024289364;https://openalex.org/W2042852414;https://openalex.org/W2043434824;https://openalex.org/W2043702690;https://openalex.org/W2053928690;https://openalex.org/W2087791114;https://openalex.org/W2102661446;https://openalex.org/W2117331411;https://openalex.org/W2128438887;https://openalex.org/W2129513604;https://openalex.org/W2160110217;https://openalex.org/W2170324356;https://openalex.org/W4243763775;https://openalex.org/W4254403236;https://openalex.org/W4255356361;https://openalex.org/W6683304263;https://openalex.org/W6694478746,,False,ISI,,"Jacsó P, 2009, Online Information Review","Jacsó P, 2009, Online Information Review"
https://openalex.org/W2075685994,10.1007/s11192-014-1480-7,Bibliometrics-aided retrieval: where information retrieval meets scientometrics,2014,Scientometrics,Scientometrics,44,article,en,102,3,2215,2222,Glänzel W,Wolfgang Glänzel,KU Leuven;Library and Information Centre of the Hungarian Academy of Sciences,,Scientometrics;Bibliometrics;Information retrieval;Computer science;Relevance (law);Sketch;Context (archaeology);Cluster analysis;Data science;Bibliographic coupling;Document retrieval;Citation;Data mining;Artificial intelligence;World Wide Web;Geography,Scientometrics;Bibliometrics;Information retrieval;Computer science;Relevance (law);Sketch;Context (archaeology);Cluster analysis;Data science;Bibliographic coupling;Document retrieval;Citation;Data mining;Artificial intelligence;World Wide Web;Geography;Political science;Algorithm;Archaeology;Law,https://openalex.org/W1548799126;https://openalex.org/W1633836618;https://openalex.org/W1835403953;https://openalex.org/W1969949383;https://openalex.org/W1981340255;https://openalex.org/W2005207065;https://openalex.org/W2028442912;https://openalex.org/W2053711084;https://openalex.org/W2054602743;https://openalex.org/W2062310802;https://openalex.org/W2143217695;https://openalex.org/W2162889863;https://openalex.org/W2526090541;https://openalex.org/W4235943384,,False,ISI,,"Glänzel W, 2014, Scientometrics","Glänzel W, 2014, Scientometrics"
https://openalex.org/W3001554335,10.1162/qss_a_00019,"Scopus as a curated, high-quality bibliometric data source for academic research in quantitative science studies",2020,Quantitative Science Studies,Quantitative Science Studies,1789,article,en,1,1,377,386,Baas J;Schotten M;Plume A;Côté G;Karimi R,Jeroen Baas;Michiel Schotten;Andrew Plume;Grégoire Côté;Reza Karimi,RELX Group (Netherlands);RELX Group (Netherlands);RELX Group (Netherlands);RELX Group (Netherlands);RELX Group (Netherlands),"Scopus is among the largest curated abstract and citation databases, with a wide global and regional coverage of scientific journals, conference proceedings, and books, while ensuring only the highest quality data are indexed through rigorous content selection and re-evaluation by an independent Content Selection and Advisory Board. Additionally, extensive quality assurance processes continuously monitor and improve all data elements in Scopus. Besides enriched metadata records of scientific articles, Scopus offers comprehensive author and institution profiles, obtained from advanced profiling algorithms and manual curation, ensuring high precision and recall. The trustworthiness of Scopus has led to its use as bibliometric data source for large-scale analyses in research assessments, research landscape studies, science policy evaluations, and university rankings. Scopus data have been offered for free for selected studies by the academic research community, such as through application programming interfaces, which have led to many publications employing Scopus data to investigate topics such as researcher mobility, network visualizations, and spatial bibliometrics. In June 2019, the International Center for the Study of Research was launched, with an advisory board consisting of bibliometricians, aiming to work with the scientometric research community and offering a virtual laboratory where researchers will be able to utilize Scopus data.",Scopus;Bibliometrics;Metadata;Computer science;Data science;Citation;Profiling (computer programming);Information retrieval;Library science;World Wide Web;Political science;MEDLINE,Scopus;Bibliometrics;Metadata;Computer science;Data science;Citation;Profiling (computer programming);Information retrieval;Library science;World Wide Web;Political science;MEDLINE;Law;Operating system,https://openalex.org/W1904486621;https://openalex.org/W2000074009;https://openalex.org/W2045313021;https://openalex.org/W2065562675;https://openalex.org/W2081254119;https://openalex.org/W2083714175;https://openalex.org/W2088605208;https://openalex.org/W2091013346;https://openalex.org/W2140190064;https://openalex.org/W2144925873;https://openalex.org/W2154268750;https://openalex.org/W2157485171;https://openalex.org/W2168621403;https://openalex.org/W2176845722;https://openalex.org/W2324810750;https://openalex.org/W2763898449;https://openalex.org/W2796617552;https://openalex.org/W2802390855;https://openalex.org/W2808703721;https://openalex.org/W2884629747;https://openalex.org/W2890459920;https://openalex.org/W2892300837;https://openalex.org/W2905801917;https://openalex.org/W2907285057;https://openalex.org/W2915059225;https://openalex.org/W2950598371;https://openalex.org/W2951889570;https://openalex.org/W2953252885;https://openalex.org/W2953283747;https://openalex.org/W2962744526;https://openalex.org/W2968900048;https://openalex.org/W2969068369;https://openalex.org/W2971378166;https://openalex.org/W2972472097;https://openalex.org/W3101042272;https://openalex.org/W3103952011;https://openalex.org/W3122074984;https://openalex.org/W3134853862;https://openalex.org/W4247068105;https://openalex.org/W4383905441,,True,ISI,,"Baas J, 2020, Quantitative Science Studies","Baas J, 2020, Quantitative Science Studies"
https://openalex.org/W570543927,,"Bibliometrics, scientometrics and informetrics",1996,Medical Entomology and Zoology,Medical Entomology and Zoology,2,book,en,,,,,M. Gupta B,B. M. Gupta,,,Informetrics;Scientometrics;Bibliometrics;Library science;Computer science,Informetrics;Scientometrics;Bibliometrics;Library science;Computer science,,,False,ISI,,"M. Gupta B, 1996, Medical Entomology and Zoology","M. Gupta B, 1996, Medical Entomology and Zoology"
https://openalex.org/W2222805919,,"The proceedings of the first and second international conferences on bibliometrics, scientometrics and informetrics: a data analysis",2007,Document Server@UHasselt (UHasselt),Document Server@UHasselt (UHasselt),6,article,en,,,,,Rousseau R,Ronald Rousseau,,,Informetrics;Scientometrics;Bibliometrics;Webometrics;Altmetrics;Library science;Data science;Computer science,Informetrics;Scientometrics;Bibliometrics;Webometrics;Altmetrics;Library science;Data science;Computer science,,,False,ISI,,"Rousseau R, 2007, Document Server@UHasselt (UHasselt)","Rousseau R, 2007, Document Server@UHasselt (UHasselt)"
https://openalex.org/W4220835441,10.19181/smtp.2022.4.1.10,"Bibliometrics, scientometrics and informetrics. Part 4. Object",2022,Science management theory and practice,Science management theory and practice,2,article,en,4,1,180,214,С. Лазарев В,В. С. Лазарев,Belarusian National Technical University,"A simplified and sometimes vulgar understanding of the role of scientometrics in the management of science makes it necessary to better understand its essential characteristics. In this paper, scientometrics is considered in interrelations with bibliometrics and informetrics that are the fields of knowledge closest to it. In relation to the three mentioned “metrics”, this part discusses the representation of their methods. Consideration of the methodological “arsenal” of the three “metrics” made us possible to come to the conclusion that there are no such specific methods in any of them, the presence of which would be a distinctive feature of exactly and exclusively this “metrics”. The opinion is expressed that the high prevalenceof some methodological component in any of the “metrics”, the use of general scientific methods in them and the use of econometrics and sociometrics techniques in scientometric research cannot be treated as distinguishing features of this or that “metrics”, as the principle of delimitation of one “metrics” from another. As it follows from the very term “metrics”, the methods of bibliometrics, scientometrics and informetrics are methods of quantitative research. The emergence of new “metrics” methods was characteristic of the entire twentieth century, and, of course, there is no reason to believe that the list of these methods known today is final, complete.",Informetrics;Scientometrics;Bibliometrics;Relation (database);Computer science;Data science;Information retrieval;Data mining;Library science,Informetrics;Scientometrics;Bibliometrics;Relation (database);Computer science;Data science;Information retrieval;Data mining;Library science,https://openalex.org/W55385738;https://openalex.org/W67782297;https://openalex.org/W590062233;https://openalex.org/W1888811121;https://openalex.org/W1964104106;https://openalex.org/W1970859146;https://openalex.org/W1984066943;https://openalex.org/W2001873453;https://openalex.org/W2005207065;https://openalex.org/W2009117424;https://openalex.org/W2030467267;https://openalex.org/W2048893862;https://openalex.org/W2058730894;https://openalex.org/W2058780579;https://openalex.org/W2069818529;https://openalex.org/W2079227135;https://openalex.org/W2080516195;https://openalex.org/W2103162194;https://openalex.org/W2125074335;https://openalex.org/W2140526998;https://openalex.org/W2161374975;https://openalex.org/W2766523680;https://openalex.org/W2915069347;https://openalex.org/W2952104620;https://openalex.org/W2953912179;https://openalex.org/W2997375181;https://openalex.org/W3115068246;https://openalex.org/W3145021233;https://openalex.org/W3154793279;https://openalex.org/W4207059865;https://openalex.org/W4238295905;https://openalex.org/W4242549536;https://openalex.org/W6607799844;https://openalex.org/W6739504368,,True,ISI,,"С. Лазарев В, 2022, Science management theory and practice","С. Лазарев В, 2022, Science management theory and practice"
https://openalex.org/W4313226300,10.20944/preprints202212.0533.v1,Identification of Actual Bibliometric/Scientometric Issues Based on 2018-2022 Data from the Lens Platform by Building Key Term Co-occurrence Network,2022,Preprints.org,Preprints.org,5,preprint,en,,,,,Chigarev B,Boris Chigarev,Oil and Gas Research Institute,"The purpose of this article is to demonstrate the ability of bibliometric data from the Lens platform to identify relevant bibliometric/scientometric issues based on the construction of a network of key terms co-occurrence and their clustering. The advantages of using the Lens platform for bibliometric analysis are briefly demonstrated. Key terms were selected on the basis of n-grams and noun phrases. VOSviewer, Scimago Graphica, and Sifaka text mining application were used as analytical tools. Analysis of the Lens metadata on bibliometrics/scientometrics showed their predominant use in the political, social, and medical fields of research.",Scientometrics;Bibliometrics;Metadata;Key (lock);Data science;Computer science;Identification (biology);Through-the-lens metering;Cluster analysis;Information retrieval;Data mining;Lens (geology);Library science;World Wide Web;Engineering;Artificial intelligence,Scientometrics;Bibliometrics;Metadata;Key (lock);Data science;Computer science;Identification (biology);Through-the-lens metering;Cluster analysis;Information retrieval;Data mining;Lens (geology);Library science;World Wide Web;Engineering;Artificial intelligence;Biology;Computer security;Botany;Petroleum engineering,https://openalex.org/W2150220236;https://openalex.org/W2895072236;https://openalex.org/W3101883599;https://openalex.org/W4281664593;https://openalex.org/W4283170615;https://openalex.org/W4284879025;https://openalex.org/W4292714646;https://openalex.org/W4295154874,,True,ISI,,"Chigarev B, 2022, Preprints org","Chigarev B, 2022, Preprints org"
https://openalex.org/W4292394438,10.1016/j.ssci.2022.105897,Bibliometric and scientometric analysis-based review of construction safety and health research in developing countries from 1990 to 2021,2022,Safety Science,Safety Science,69,article,en,156,,105897,105897,Umeokafor N;Umar T;Evangelinos K,Nnedinma Umeokafor;Tariq Umar;Konstantinos Evangelinos,Liverpool John Moores University;University of the West of England;University of the Aegean,"This bibliometric and scientometric analyses and critical review of construction health and safety (H&S) research in developing countries (DCs) over the past 31 years, identifies its trends, dissemination, knowledge gaps, study implications, and direction of future research. These are area overlooked. Using a science mapping approach, involving systematic bibliometric analysis of the Scopus database and scientometric analysis with VOSViewer software, this research fills the knowledge gap. The findings include that while construction H&S research is growing in a few countries such as China and South Africa, the majority of DCs such as Venezuela are yet to experience this increase. However, the research focus is not aligned with their problems. The studies examined mainly focus on risk-based research (e.g. risk management and assessment), accidents, human-related factors, safety management, site safety, and performance management. The research focus of construction H&S scholars in DCs differs from their global counterparts. Equality, diversity and inclusion in construction H&S; and safety culture and climate are still minimal. Many aspects of industry 4.0 concerning safety need to be examined, for example, ‘Big data and construction H&S', and industry 4.0 skills and knowledge requirements for construction H&S -associated activities. There is linear relationship (correlation) between keywords occurrences and their total strength. Mainly quantitative surveys and analytic hierarchy processes (AHP) are adopted, hence the need for qualitative methods studies. The study provides the first detailed evidence of the characteristics of construction H&S research in DCs and its underrepresentation in H&S research.",Scopus;Analytic hierarchy process;Occupational safety and health;Bibliometrics;Safety culture;Human factors and ergonomics;Knowledge management;Engineering;Poison control;Political science;Operations research;Computer science;MEDLINE;Environmental health;Medicine;Management;Library science,Scopus;Analytic hierarchy process;Occupational safety and health;Bibliometrics;Safety culture;Human factors and ergonomics;Knowledge management;Engineering;Poison control;Political science;Operations research;Computer science;MEDLINE;Environmental health;Medicine;Management;Library science;Economics;Law,https://openalex.org/W594731572;https://openalex.org/W1490564628;https://openalex.org/W1559646899;https://openalex.org/W1603743759;https://openalex.org/W1981124167;https://openalex.org/W1994252878;https://openalex.org/W1994757309;https://openalex.org/W2007960405;https://openalex.org/W2019314737;https://openalex.org/W2045409371;https://openalex.org/W2045552263;https://openalex.org/W2050872293;https://openalex.org/W2053209699;https://openalex.org/W2058370135;https://openalex.org/W2062700607;https://openalex.org/W2066735969;https://openalex.org/W2072182213;https://openalex.org/W2094864959;https://openalex.org/W2099748784;https://openalex.org/W2104236163;https://openalex.org/W2113037525;https://openalex.org/W2126102308;https://openalex.org/W2144692353;https://openalex.org/W2145535121;https://openalex.org/W2151357365;https://openalex.org/W2154326351;https://openalex.org/W2155784661;https://openalex.org/W2185245165;https://openalex.org/W2188595189;https://openalex.org/W2235238329;https://openalex.org/W2275696275;https://openalex.org/W2284787390;https://openalex.org/W2285688692;https://openalex.org/W2344469150;https://openalex.org/W2345914897;https://openalex.org/W2508482499;https://openalex.org/W2587242826;https://openalex.org/W2592084954;https://openalex.org/W2604936959;https://openalex.org/W2607282517;https://openalex.org/W2613910969;https://openalex.org/W2738763945;https://openalex.org/W2770205780;https://openalex.org/W2783127227;https://openalex.org/W2806100949;https://openalex.org/W2808419795;https://openalex.org/W2888783651;https://openalex.org/W2894565646;https://openalex.org/W2899509554;https://openalex.org/W2899666428;https://openalex.org/W2900767680;https://openalex.org/W2903619742;https://openalex.org/W2905012612;https://openalex.org/W2913788248;https://openalex.org/W2914731828;https://openalex.org/W2921862917;https://openalex.org/W2941074675;https://openalex.org/W2943090492;https://openalex.org/W2946689878;https://openalex.org/W2947600117;https://openalex.org/W2970263100;https://openalex.org/W2971055599;https://openalex.org/W2971363984;https://openalex.org/W2971821718;https://openalex.org/W2972031023;https://openalex.org/W2980378826;https://openalex.org/W2984481454;https://openalex.org/W2987599609;https://openalex.org/W2990159528;https://openalex.org/W2991316568;https://openalex.org/W2994429193;https://openalex.org/W2999226820;https://openalex.org/W3001675569;https://openalex.org/W3009659826;https://openalex.org/W3011085816;https://openalex.org/W3013519679;https://openalex.org/W3018168496;https://openalex.org/W3022038304;https://openalex.org/W3036152057;https://openalex.org/W3045401401;https://openalex.org/W3082636433;https://openalex.org/W3092075124;https://openalex.org/W3098027861;https://openalex.org/W3107128716;https://openalex.org/W3116566930;https://openalex.org/W3117499255;https://openalex.org/W3120966492;https://openalex.org/W3121344786;https://openalex.org/W3152433441;https://openalex.org/W3162666186;https://openalex.org/W3166574690;https://openalex.org/W3194490952;https://openalex.org/W3206898720;https://openalex.org/W3214493329;https://openalex.org/W4233661061;https://openalex.org/W4245063196;https://openalex.org/W6636161680;https://openalex.org/W6649411546;https://openalex.org/W6674460537;https://openalex.org/W6675289292;https://openalex.org/W6678718121;https://openalex.org/W6680526843;https://openalex.org/W6686587349;https://openalex.org/W6688528691;https://openalex.org/W6695147765;https://openalex.org/W6704576290;https://openalex.org/W6735784133;https://openalex.org/W6736958027;https://openalex.org/W6755103654;https://openalex.org/W6768293355;https://openalex.org/W6769806620;https://openalex.org/W6770954289;https://openalex.org/W6772837056;https://openalex.org/W6785058123;https://openalex.org/W6787934482;https://openalex.org/W6788127802;https://openalex.org/W6788798059;https://openalex.org/W6790522299;https://openalex.org/W6793224693;https://openalex.org/W6795307153;https://openalex.org/W6803588627;https://openalex.org/W7046518687,,True,ISI,,"Umeokafor N, 2022, Safety Science","Umeokafor N, 2022, Safety Science"
https://openalex.org/W3208565407,10.3390/app11219966,A Critical Review of Unmanned Aerial Vehicles (UAVs) Use in Architecture and Urbanism: Scientometric and Bibliometric Analysis,2021,Applied Sciences,Applied Sciences,69,review,en,11,21,9966,9966,Videras Rodríguez M;Gómez Melgar S;Sánchez Cordero A;Manuel Andújar J,Marta Videras Rodríguez;Sergio Gómez Melgar;Antonio Sánchez Cordero;José Manuel Andújar,Universidad de Huelva;Universidad de Huelva;Universidad de Huelva;Universidad de Huelva,"In recent years the use of UAVs (Unmanned aerial vehicles) have proliferated in the civil sector for purposes such as search and rescue, remote sensing or real-time monitoring of road traffic, among others. In the architecture, engineering and construction fields (AEC) UAVs have demonstrated to be an ideal technology due to their optimal performance in terms of time, precision, safety and cost. Given the rapid growth of interest in this technology, this research presents a critical review of the literature on the use of UAVs in architecture and urbanism to define the most widely used techniques and delimit the fields of application based on the experimentation published by the scientific community. A scientific mapping was carried out in two stages using the VOSviewerTM software: a scientometric and a bibliometric analysis. This technique allowed us to analyse a large body of literature and bibliographic data to obtain trends, patterns and directions of this domain of knowledge. Then, a literature review was presented, highlighting the relevant information identified in the previous analysis. The fields of application of UAVs were delimited and the most commonly used payload types and the most appropriate post-processing techniques were specified, depending on the aerial mission objective. The fields of application identified included different techniques related to the generation of 3D models, land mapping, construction site monitoring, building surveying to detect structural damage and energy losses and urban remote sensing. The literature review showed that UAVs provide a useful multi-tasking tool at any stage of an architectural project. These techniques can be applied to buildings or public spaces from the design and construction processes when the project is initiated to the later stages of maintenance and inspection of the building during its life cycle.",Payload (computing);Field (mathematics);Architecture;Computer science;Systems engineering;Domain (mathematical analysis);Drone;Data science;Geography;Engineering;Computer security,Payload (computing);Field (mathematics);Architecture;Computer science;Systems engineering;Domain (mathematical analysis);Drone;Data science;Geography;Engineering;Computer security;Biology;Network packet;Mathematical analysis;Genetics;Mathematics;Archaeology;Pure mathematics,https://openalex.org/W87671119;https://openalex.org/W148878710;https://openalex.org/W150292108;https://openalex.org/W1557452405;https://openalex.org/W2000987239;https://openalex.org/W2009622804;https://openalex.org/W2016768068;https://openalex.org/W2019400639;https://openalex.org/W2020845243;https://openalex.org/W2022156535;https://openalex.org/W2023497544;https://openalex.org/W2031850322;https://openalex.org/W2032841931;https://openalex.org/W2045108252;https://openalex.org/W2046337672;https://openalex.org/W2047908798;https://openalex.org/W2059232157;https://openalex.org/W2065258378;https://openalex.org/W2067751945;https://openalex.org/W2075572532;https://openalex.org/W2081306264;https://openalex.org/W2084866496;https://openalex.org/W2088331957;https://openalex.org/W2094447963;https://openalex.org/W2100189541;https://openalex.org/W2108680868;https://openalex.org/W2120109270;https://openalex.org/W2145538803;https://openalex.org/W2150220236;https://openalex.org/W2163311420;https://openalex.org/W2175159455;https://openalex.org/W2229940056;https://openalex.org/W2250628385;https://openalex.org/W2282512006;https://openalex.org/W2283031475;https://openalex.org/W2319477217;https://openalex.org/W2328009699;https://openalex.org/W2338210996;https://openalex.org/W2387009321;https://openalex.org/W2486654687;https://openalex.org/W2500259733;https://openalex.org/W2512695020;https://openalex.org/W2523454627;https://openalex.org/W2540594005;https://openalex.org/W2541577353;https://openalex.org/W2545803144;https://openalex.org/W2551395988;https://openalex.org/W2581240084;https://openalex.org/W2589867875;https://openalex.org/W2592084954;https://openalex.org/W2597364644;https://openalex.org/W2599784308;https://openalex.org/W2603037071;https://openalex.org/W2604832526;https://openalex.org/W2616474338;https://openalex.org/W2619464418;https://openalex.org/W2753094218;https://openalex.org/W2766203946;https://openalex.org/W2769699424;https://openalex.org/W2773323744;https://openalex.org/W2781875978;https://openalex.org/W2789612608;https://openalex.org/W2790402941;https://openalex.org/W2791347938;https://openalex.org/W2795429692;https://openalex.org/W2797042082;https://openalex.org/W2800106108;https://openalex.org/W2801452379;https://openalex.org/W2801904754;https://openalex.org/W2802156567;https://openalex.org/W2803119246;https://openalex.org/W2803173278;https://openalex.org/W2804948039;https://openalex.org/W2807113035;https://openalex.org/W2807994085;https://openalex.org/W2809239921;https://openalex.org/W2884466562;https://openalex.org/W2890022364;https://openalex.org/W2892648567;https://openalex.org/W2893032184;https://openalex.org/W2896070335;https://openalex.org/W2896139124;https://openalex.org/W2896419628;https://openalex.org/W2896829689;https://openalex.org/W2896994486;https://openalex.org/W2897018699;https://openalex.org/W2897043274;https://openalex.org/W2910984544;https://openalex.org/W2912093940;https://openalex.org/W2912399502;https://openalex.org/W2913636631;https://openalex.org/W2917029731;https://openalex.org/W2919854756;https://openalex.org/W2930103769;https://openalex.org/W2937688152;https://openalex.org/W2944506030;https://openalex.org/W2951448333;https://openalex.org/W2952541788;https://openalex.org/W2952984634;https://openalex.org/W2963138728;https://openalex.org/W2963647620;https://openalex.org/W2964922823;https://openalex.org/W2965127303;https://openalex.org/W2966176175;https://openalex.org/W2968041550;https://openalex.org/W2968805317;https://openalex.org/W2987361643;https://openalex.org/W2991074454;https://openalex.org/W2992725730;https://openalex.org/W2994408221;https://openalex.org/W2998460252;https://openalex.org/W2999558594;https://openalex.org/W3004904391;https://openalex.org/W3006561271;https://openalex.org/W3008683284;https://openalex.org/W3010584763;https://openalex.org/W3013765851;https://openalex.org/W3017158891;https://openalex.org/W3022498288;https://openalex.org/W3024720120;https://openalex.org/W3028908553;https://openalex.org/W3084044208;https://openalex.org/W3124664719;https://openalex.org/W3138295133;https://openalex.org/W4211211006;https://openalex.org/W4213147678;https://openalex.org/W4239336326;https://openalex.org/W4243763775;https://openalex.org/W6606038314;https://openalex.org/W6655587342;https://openalex.org/W6691329524;https://openalex.org/W6726964220;https://openalex.org/W6729288431;https://openalex.org/W6735735312;https://openalex.org/W6766404462;https://openalex.org/W6792115143,,True,ISI,,"Videras Rodríguez M, 2021, Applied Sciences","Videras Rodríguez M, 2021, Applied Sciences"
https://openalex.org/W2948432400,10.37591/joals.v6i1.1807,Science Mapping and Visualization Tools Used for Bibliometric and Scientometric Studies: A Comparative Study,2019,Journal of Advancements in Library Sciences,Journal of Advancements in Library Sciences,42,article,en,6,1,382,394,S. Bankar R;R. Lihitkar S,Ravindra S. Bankar;Shalini R. Lihitkar,,"In the fastest growing technological world of information and communication technology, scientific research and development, an overwhelming amount of information / data in various formats is generated directly or indirectly. As far as academic and scientific community is concerned, a large number of scholarly articles are being published on daily basis by research scholars and academician across the world. After the introduction of Computer Technology computerized data processing has become common among the researchers, this has been prompted to develop Bibliometric software. Some of them are open source software (Freeware) and others are commercial products. The study comprises to assess the potential value of data analysis of selected open source Bibliometric and Scientometric Packages (Tools). Keywords: Scientometric, Bibliometrics, Science Mapping and Visualization Tools, Bibexcel, Publish or Perish, Citespace II, CiteNetExplorer, VOSviewer. Cite this Article Ravindra S Bankar, Shalini R Lihitkar. Science Mapping and Visualization Tools Used for Bibliometric and Scientometric Studies: A Comparative Study. Journal of Advancements in Library Sciences. 2019; 6(Special Issue 1): 382s–394s.",Bibliometrics;Data science;Visualization;Scientometrics;Computer science;Publish or perish;Information visualization;Data visualization;World Wide Web;Publishing;Data mining,Bibliometrics;Data science;Visualization;Scientometrics;Computer science;Publish or perish;Information visualization;Data visualization;World Wide Web;Publishing;Data mining;Law;Political science,,,True,ISI,,"S. Bankar R, 2019, Journal of Advancements in Library Sciences","S. Bankar R, 2019, Journal of Advancements in Library Sciences"
https://openalex.org/W3094933329,10.37772/2518-1718-2020-3(31)-4,"Information technologies and resources of open science: bibliometric, scientometric vision",2020,Law and innovations,Law and innovations,3,article,en,,3 (31),24,33,Pasmor Y;M. KULYK M,Yuliya Pasmor;M. M. KULYK,Yaroslav Mudryi National Law University;Yaroslav Mudryi National Law University,"Problem setting. Today our country joins the European Research Area, in particular, taking into account the experience and successful practices of the European Union in open science, cooperation in digital projects, ensuring access of Ukrainian scientists to international databases, electronic journals, scientific and educational networks and scientometric systems and platforms. Some analysis issues of the state and prospects of the national system of open science development, the application of information technologies and open science resources for scientometric and bibliometric analysis of modern trends in scientific communication, don`t lose their relevance, were and remain in the center of attention of foreign and national scientists, specialists, practitioners, such as: S. Glibko, Y. Pasmor, A. Strizhkova. The target of this article is to define tasks and directions concerning scientometric and bibliometric definition of modern problems of scientific activity on the basis of the analysis. Article`s main body. In the context of Ukraine’s solution of tasks and implementation of long-term plans for integration of achievements and obtainings of scientists into the European information space, EU development strategy until 2020 is aimed at «Innovation Union» and at building open innovation. It seems convincing that the concept of open access has become the basis for the emergence of a number of projects, which were realised in the paradigm of open science through the joint use and dissemination of research results, ideas, innovations for global progress, development and presence of Ukraine in the world scientific community. Conclusions and prospects for the development. 44.8 % of respondents said that scientometrics is very important. 89.6 % support scientometrics as a new but necessary way to measure scientific achievements. Therefore, in the current trends of global technologies of open science, natural transformations of society, the evolution of forms and research methodologies are obvious. In the paradigm of open innovations, which are also based on scientometric, bibliometric indicators and resources of open science, the following issues are relevant: 1) providing grant support for the best projects of Ukrainian scientists within the competition of the National Research Foundation; 2) implementation of measures for Ukraine accession to the grant program «Horizon Europe»; 3) continuation of work on the creation of the National Scientific Information System «URIS»; 4) stimulation of activities in the field of technology transfer to provide more transparency and accessibility to national science; 5) implementation of a pilot project of the creation a network of startup-school-incubator-accelerator on the basis of higher education institutions and research institutions.",Scientometrics;European union;Context (archaeology);Open science;Relevance (law);Political science;Ukrainian;Regional science;Knowledge management;Data science;Computer science;Business;Sociology;Library science;Geography,Scientometrics;European union;Context (archaeology);Open science;Relevance (law);Political science;Ukrainian;Regional science;Knowledge management;Data science;Computer science;Business;Sociology;Library science;Geography;Law;Linguistics;Philosophy;Physics;Astronomy;Archaeology;Economic policy,,,True,ISI,,"Pasmor Y, 2020, Law and innovations","Pasmor Y, 2020, Law and innovations"
https://openalex.org/W2098903378,10.1007/s11192-010-0159-y,Indicators are the essence of scientometrics and bibliometrics,2010,Scientometrics,Scientometrics,36,article,en,85,3,861,866,Vinkler P,Péter Vinkler,HUN-REN Research Centre for Natural Sciences,,Scientometrics;Bibliometrics;Sociology;Data science;Computer science;Library science;Social science,Scientometrics;Bibliometrics;Sociology;Data science;Computer science;Library science;Social science,https://openalex.org/W1488271674;https://openalex.org/W1490214024;https://openalex.org/W1747769665;https://openalex.org/W1969539550;https://openalex.org/W1972225872;https://openalex.org/W1996911859;https://openalex.org/W2009309108;https://openalex.org/W2009950444;https://openalex.org/W2015226907;https://openalex.org/W2016927894;https://openalex.org/W2030528640;https://openalex.org/W2089466924;https://openalex.org/W2097350739;https://openalex.org/W2098615852;https://openalex.org/W2104087701;https://openalex.org/W2137029902;https://openalex.org/W2169882007;https://openalex.org/W4211201332;https://openalex.org/W4250810012;https://openalex.org/W4252262423,,False,ISI,,"Vinkler P, 2010, Scientometrics","Vinkler P, 2010, Scientometrics"
https://openalex.org/W2099095131,,THE EXTENT OF MUlTIDISCIPlINARY AUTHORSHIP OF ARTIClES ON SCIENTOMETRICS AND BIBlIOMETRICS IN BRAZIl,2010,Americanae (AECID Library),Americanae (AECID Library),32,article,en,35,7,510,514,Meneghini R;L. Packer A,Rogério Meneghini;Abel L. Packer,Universidade de São Paulo;Universidade de São Paulo,"Made available in DSpace on 2018-06-15T17:44:09Z (GMT). No. of bitstreams: 0 Previous issue date: 2010-07-01. Added 1 bitstream(s) on 2018-07-31T12:29:03Z : No. of bitstreams: 1 WOS000280461000007.pdf: 141161 bytes, checksum: 28d8bbd4cf8a2356be799233607201a3 (MD5)",Humanities;Political science;Web of science;Philosophy;MEDLINE,Humanities;Political science;Web of science;Philosophy;MEDLINE;Law,https://openalex.org/W1513475161;https://openalex.org/W1528766293;https://openalex.org/W1907254961;https://openalex.org/W1963843821;https://openalex.org/W1967654962;https://openalex.org/W2005944538;https://openalex.org/W2011189463;https://openalex.org/W2016040129;https://openalex.org/W2042146608;https://openalex.org/W2058180517;https://openalex.org/W2064621604;https://openalex.org/W2089230616;https://openalex.org/W2092198770;https://openalex.org/W2128438887;https://openalex.org/W2746216401,,True,ISI,,"Meneghini R, 2010, Americanae (AECID Library)","Meneghini R, 2010, Americanae (AECID Library)"
https://openalex.org/W2989686880,10.3390/ijerph16234755,Phytoremediation of Heavy Metal Pollution: A Bibliometric and Scientometric Analysis from 1989 to 2018,2019,International Journal of Environmental Research and Public Health,International Journal of Environmental Research and Public Health,49,article,en,16,23,4755,4755,Li C;Ji X;Luo X,Chen Li;Xiaohui Ji;Xuegang Luo,Southwest University of Science and Technology;Shaanxi University of Technology;Southwest University of Science and Technology;Shaanxi University of Technology;Southwest University of Science and Technology,"This paper aims to evaluate the knowledge landscape of the phytoremediation of heavy metals (HMs) by constructing a series of scientific maps and exploring the research hotspots and trends of this field. This study presents a review of 6873 documents published about phytoremediation of HMs in the international context from the Web of Science Core Collection (WoSCC) (1989-2018). Two different processing software applications were used, CiteSpace and Bibliometrix. This research field is characterized by high interdisciplinarity and a rapid increase in the subject categories of engineering applications. The basic supporting categories mainly included ""Environmental Sciences & Ecology"", ""Plant Sciences"", and ""Agriculture"". In addition, there has been a trend in recent years to focus on categories such as ""Engineering, Multidisciplinary"", ""Engineering, Chemical"", and ""Green & Sustainable Science & Technology"". ""Soil"", ""hyperaccumulator"", ""enrichment mechanism/process"", and ""enhance technology"" were found to be the main research hotspots. ""Wastewater"", ""field crops"", ""genetically engineered microbes/plants"", and ""agromining"" may be the main research trends. Bibliometric and scientometric analysis are useful methods to qualitatively and quantitatively measure research hotspots and trends in phytoremediation of HM, and can be widely used to help new researchers to review the available research in a certain research field.",Phytoremediation;Hyperaccumulator;Context (archaeology);Multidisciplinary approach;Bibliometrics;Environmental research;Environmental engineering science;Environmental science;Geography;Biogeosciences;Computer science;Environmental resource management;Earth science;Library science;Social science;Soil water;Soil science;Archaeology;Sociology,Phytoremediation;Hyperaccumulator;Context (archaeology);Multidisciplinary approach;Bibliometrics;Environmental research;Environmental engineering science;Environmental science;Geography;Biogeosciences;Computer science;Environmental resource management;Earth science;Library science;Social science;Soil water;Soil science;Archaeology;Sociology;Geology,https://openalex.org/W850872596;https://openalex.org/W1451714758;https://openalex.org/W1485271943;https://openalex.org/W1495499839;https://openalex.org/W1588978217;https://openalex.org/W1842886380;https://openalex.org/W1954445256;https://openalex.org/W1971937094;https://openalex.org/W1978328844;https://openalex.org/W1980090141;https://openalex.org/W1980618479;https://openalex.org/W1983134170;https://openalex.org/W1990636434;https://openalex.org/W1993036604;https://openalex.org/W1994660235;https://openalex.org/W1997847407;https://openalex.org/W2003009756;https://openalex.org/W2009424587;https://openalex.org/W2013874115;https://openalex.org/W2014756226;https://openalex.org/W2015753278;https://openalex.org/W2016695043;https://openalex.org/W2023242017;https://openalex.org/W2025192385;https://openalex.org/W2027997630;https://openalex.org/W2031055067;https://openalex.org/W2036133324;https://openalex.org/W2036996062;https://openalex.org/W2037117929;https://openalex.org/W2039071784;https://openalex.org/W2047068935;https://openalex.org/W2049468190;https://openalex.org/W2049574121;https://openalex.org/W2054108763;https://openalex.org/W2056476608;https://openalex.org/W2065272884;https://openalex.org/W2065437088;https://openalex.org/W2067551097;https://openalex.org/W2067765008;https://openalex.org/W2068198627;https://openalex.org/W2070470338;https://openalex.org/W2074462889;https://openalex.org/W2074702931;https://openalex.org/W2075961646;https://openalex.org/W2082247002;https://openalex.org/W2083832480;https://openalex.org/W2084859042;https://openalex.org/W2087276505;https://openalex.org/W2087993711;https://openalex.org/W2098268071;https://openalex.org/W2101261020;https://openalex.org/W2104192199;https://openalex.org/W2106091704;https://openalex.org/W2108602763;https://openalex.org/W2109191009;https://openalex.org/W2109476428;https://openalex.org/W2118054386;https://openalex.org/W2136239632;https://openalex.org/W2147601118;https://openalex.org/W2148909277;https://openalex.org/W2151847356;https://openalex.org/W2158309523;https://openalex.org/W2159014038;https://openalex.org/W2160441315;https://openalex.org/W2161920846;https://openalex.org/W2164512472;https://openalex.org/W2168745285;https://openalex.org/W2169933959;https://openalex.org/W2175082172;https://openalex.org/W2179130036;https://openalex.org/W2192622390;https://openalex.org/W2204950854;https://openalex.org/W2310043472;https://openalex.org/W2315352871;https://openalex.org/W2327420528;https://openalex.org/W2327936232;https://openalex.org/W2337705698;https://openalex.org/W2389728739;https://openalex.org/W2440247599;https://openalex.org/W2486801788;https://openalex.org/W2508416991;https://openalex.org/W2545944877;https://openalex.org/W2547722273;https://openalex.org/W2558848999;https://openalex.org/W2588689081;https://openalex.org/W2599784308;https://openalex.org/W2600142543;https://openalex.org/W2600636203;https://openalex.org/W2611875086;https://openalex.org/W2616977183;https://openalex.org/W2715798275;https://openalex.org/W2758769676;https://openalex.org/W2790752611;https://openalex.org/W2791304372;https://openalex.org/W2794589122;https://openalex.org/W2796909310;https://openalex.org/W2801772148;https://openalex.org/W2805716702;https://openalex.org/W2807476856;https://openalex.org/W2889033495;https://openalex.org/W2899740735;https://openalex.org/W2901365605;https://openalex.org/W2901433590;https://openalex.org/W2902103470;https://openalex.org/W2903255821;https://openalex.org/W2906622366;https://openalex.org/W2907664709;https://openalex.org/W2908234750;https://openalex.org/W2909366732;https://openalex.org/W2910337666;https://openalex.org/W2910738333;https://openalex.org/W2911126309;https://openalex.org/W2911383708;https://openalex.org/W2911733020;https://openalex.org/W2914872420;https://openalex.org/W2916555509;https://openalex.org/W2944492545;https://openalex.org/W2944873649;https://openalex.org/W2946419697;https://openalex.org/W2949231210;https://openalex.org/W2969382439;https://openalex.org/W2976098709;https://openalex.org/W3088799574;https://openalex.org/W3149504792;https://openalex.org/W4254064177;https://openalex.org/W6645586324;https://openalex.org/W6699333816;https://openalex.org/W6703710509;https://openalex.org/W6735735312;https://openalex.org/W6744880203;https://openalex.org/W6758087110,31783655,True,ISI,,"Li C, 2019, International Journal of Environmental Research and Public Health","Li C, 2019, International Journal of Environmental Research and Public Health"
https://openalex.org/W4233566947,10.1007/978-3-319-32001-4_520-1,Bibliometrics/Scientometrics,2020,,,1,book-chapter,en,,,1,3,Milojević S;Leydesdorff L,Staša Milojević;Loet Leydesdorff,Indiana University Bloomington;University of Amsterdam,,Scientometrics;Bibliometrics;Library science;Computer science,Scientometrics;Bibliometrics;Library science;Computer science,https://openalex.org/W170821200;https://openalex.org/W1546171873;https://openalex.org/W2004434228;https://openalex.org/W2005772800;https://openalex.org/W2010109510;https://openalex.org/W2017361137;https://openalex.org/W2028442912;https://openalex.org/W2053549370;https://openalex.org/W2065589403;https://openalex.org/W2069656088;https://openalex.org/W2088209891;https://openalex.org/W2125922307;https://openalex.org/W2128438887;https://openalex.org/W2130247873;https://openalex.org/W2137818458;https://openalex.org/W2571054566;https://openalex.org/W4230382378;https://openalex.org/W4233925072;https://openalex.org/W4234378029;https://openalex.org/W4247265503;https://openalex.org/W4252944073;https://openalex.org/W4383956329;https://openalex.org/W6614049965;https://openalex.org/W6996884875;https://openalex.org/W7019665847;https://openalex.org/W7024500149,,False,ISI,,"Milojević S, 2020, ","Milojević S, 2020, "
https://openalex.org/W4381052975,10.1007/s11192-023-04767-6,Scientometric assessment of funded scientometrics and bibliometrics research (2011–2021),2023,Scientometrics,Scientometrics,22,article,en,128,8,4305,4320,Kumar Verma M;Khan D;Yuvaraj M,Manoj Kumar Verma;Daud Khan;Mayank Yuvaraj,Mizoram University;Aligarh Muslim University;Central University of South Bihar,,Scientometrics;Bibliometrics;Web of science;Index (typography);Library science;Regional science;Political science;Geography;Computer science;MEDLINE;World Wide Web,Scientometrics;Bibliometrics;Web of science;Index (typography);Library science;Regional science;Political science;Geography;Computer science;MEDLINE;World Wide Web;Law,https://openalex.org/W566254505;https://openalex.org/W1678171433;https://openalex.org/W1910879047;https://openalex.org/W2004890562;https://openalex.org/W2017741079;https://openalex.org/W2038784600;https://openalex.org/W2071905745;https://openalex.org/W2089466924;https://openalex.org/W2153933365;https://openalex.org/W2183977741;https://openalex.org/W2227872244;https://openalex.org/W2403617881;https://openalex.org/W2510406529;https://openalex.org/W2771141311;https://openalex.org/W2784045614;https://openalex.org/W2788236805;https://openalex.org/W2793098094;https://openalex.org/W2794465725;https://openalex.org/W2884130275;https://openalex.org/W2919891892;https://openalex.org/W2957080203;https://openalex.org/W3002010585;https://openalex.org/W3002229233;https://openalex.org/W3015863150;https://openalex.org/W3032868513;https://openalex.org/W3036872755;https://openalex.org/W3093949161;https://openalex.org/W3094134433;https://openalex.org/W3096038852;https://openalex.org/W3101865437;https://openalex.org/W3138596048;https://openalex.org/W3163855067;https://openalex.org/W3170968253;https://openalex.org/W3196994941;https://openalex.org/W4206167457;https://openalex.org/W4281630353,,False,ISI,,"Kumar Verma M, 2023, Scientometrics","Kumar Verma M, 2023, Scientometrics"
https://openalex.org/W2414873783,,Bibliometric/scientometric investigation of African Journal of Medicine and Medical Sciences between 2001-2010.,2014,PubMed,PubMed,4,article,en,43,2,115,25,Smart Obajemu A;Olubunmi Jaiyeola Akinade H;N. Osagie J,Ayodele Smart Obajemu;Helen Olubunmi Jaiyeola Akinade;J. N. Osagie,,"BACKGROUND: Bibliometric or Scientometric appraisal of a research publication outfit of this nature serves as a tool to evaluate the direction of research activities of the scholars who published in African Journal of Medicine and Medical Sciences between 2001 and 2010, and to determine the research impacts on the body of knowledge. OBJECTIVE: The essence of this research is to determine the quantum volume of research output, patterns of research collaboration by authorship, citations/regional and subjects distributions. METHODS: Information/data was transcribed on the cataloguing cards for the generation of data bank. Subject analysis was carried out using Medical Subject Headings of 2010 edition. Medical Tree Structure was consulted to know the broad spectrum down to the specifics of each concept, and Bradford's Mathematical tool was used to analyze the data. RESULTS: Six hundred and sixty three research articles were published within the period of study. The highest 85 (12.9%) number of articles was published in 2001, followed by 2003 with 82 articles (12.4%) and the least published year was 2010 with 45. A total of 13,859 references were cited. Three authorship collaboration was the highest and Oyo State recorded maximum number of publications in terms of geographical distribution. CONCLUSION: AJMMS has contributed significantly to the body of knowledge with a total of 663 research output, 13,859 citations and high degree of research collaboration recorded over a ten year period. However, there was a gradual decline in research output during the period.",Subject (documents);Medical journal;Medicine;Period (music);Bibliometrics;Library science;Original research;Family medicine;Computer science,Subject (documents);Medical journal;Medicine;Period (music);Bibliometrics;Library science;Original research;Family medicine;Computer science;Acoustics;Physics,,25474986,False,ISI,,"Smart Obajemu A, 2014, PubMed","Smart Obajemu A, 2014, PubMed"
https://openalex.org/W3099532581,10.24108/2658-3143-2020-3-2-3-104-130,"Expanding the Meaning of the Term “Document” as a Possible Factor of Reconsideration of the Objects of Bibliometrics, Scientometrics, and Informetrics. 1. Towards the Evolution of the Concept of a Document",2020,Scholarly Research and Information,Scholarly Research and Information,4,article,en,3,2-3,104,130,С. Лазарев В,В. С. Лазарев,Belarusian National Technical University,"Introduction. In the context of methodological problems of bibliometrics, we consider the concept of the object of bibliometrics, viz. a document. In regard with the author’s view that the document is also an integral component of the objects of scientometrics and informetrics, the share of this component being very significant, it seems important to attempt to review some of the evolution that the concept of a “document” has undergone since the dictionary definition of 1975, as the perception of the document as the object of bibliometrics did not incorporate the changes that the concept of a document has undergone irrespectively of its application to “metric” research. Materials and methods. Analytical interpretation of scientific literature, international and national standards, as well as dictionary articles related to this problem. Based on the above interpretation, an attempt to review the evolution of the term “document” has been made. Results. The article traces some of the evolution of the concept of “document” since the dictionary definition of 1975 up to the definition of the international standard of 2017 and the paper by Yu. N. Stolyarov of 2018. Currently, any material object that can be used to obtain the information a person needs may be considered as a document. Discussion and conclusion. This interpretation of the concept of a document, as well as a number of its predecessors, can be fruitful for a possible reconsideration of the concepts of the objects of bibliometrics, scientometrics and informetrics.",Informetrics;Bibliometrics;Scientometrics;Interpretation (philosophy);Context (archaeology);Computer science;Object (grammar);Information retrieval;Data science;Library science;Artificial intelligence;Geography;Archaeology,Informetrics;Bibliometrics;Scientometrics;Interpretation (philosophy);Context (archaeology);Computer science;Object (grammar);Information retrieval;Data science;Library science;Artificial intelligence;Geography;Archaeology;Programming language,https://openalex.org/W2009405785;https://openalex.org/W2047590689;https://openalex.org/W2079227135;https://openalex.org/W2125074335;https://openalex.org/W2137224556;https://openalex.org/W2275696275;https://openalex.org/W2511302837;https://openalex.org/W2770567674;https://openalex.org/W2904630798;https://openalex.org/W4242840101,,True,ISI,,"С. Лазарев В, 2020, Scholarly Research and Information","С. Лазарев В, 2020, Scholarly Research and Information"
https://openalex.org/W4387582182,10.1016/j.jafr.2023.100819,Forecasting disruptions in global food value chains to tackle food insecurity: The role of AI and big data analytics – A bibliometric and scientometric analysis,2023,Journal of Agriculture and Food Research,Journal of Agriculture and Food Research,77,article,en,14,,100819,100819,Tamasiga P;houssin Ouassou E;Onyeaka H;Bakwena M;Happonen A;Molala M,Phemelo Tamasiga;El houssin Ouassou;Helen Onyeaka;Malebogo Bakwena;Ari Happonen;Malesela Molala,Mohammed V University;University of Birmingham;University of Botswana;Lappeenranta-Lahti University of Technology;University of Johannesburg,"Globalization and interconnected supply chains have led to complex disruptions in global value chains, caused by various factors such as natural disasters, climate events, geopolitical conflicts, and economic crises. Recent breakthroughs in AI, machine learning, blockchain, and big data analytics offer new possibilities for forecasting and managing these disruptions effectively. This study examines the role of AI in forecasting and managing disruptions within global value chain to tackle food insecurity. We conducted a bibliometric and scientometric analysis using comprehensive data from Scopus and Web of Science to explore emerging research trends, influential publications, leading institutions, collaborations, themes, policy implications, and future research avenues. The research revealed an average yearly growth rate of 13.78 % in publications from 1973 to 2022. China, the United Kingdom, and the United States lead in AI applications to address supply chain disruptions, particularly concerning food insecurity. Frequently used keywords include ""food security,"" ""supply chain management,"" ""agriculture,"" ""modelling,"" ""climate change,"" and ""COVID-19."" Themes identified focus on the impact of COVID-19 on food supply chains, achieving food security amidst climate change, leveraging predictive models in agriculture, and assessing the impact of disruptions on food price volatility and global supply chain risk assessment approaches. The insights gained from this research offer valuable guidance for policymakers and researchers to enhance food security. The identified themes provide direction for future research efforts in advancing food security amidst uncertainties and disruptions in global value chains.",Food security;Supply chain;Big data;Agriculture;Analytics;Business;Food prices;Economics;Marketing;Data science;Geography;Computer science,Food security;Supply chain;Big data;Agriculture;Analytics;Business;Food prices;Economics;Marketing;Data science;Geography;Computer science;Archaeology;Operating system,https://openalex.org/W1870330596;https://openalex.org/W1897589344;https://openalex.org/W1972420894;https://openalex.org/W1997289088;https://openalex.org/W1999977788;https://openalex.org/W2012051100;https://openalex.org/W2014898726;https://openalex.org/W2023936764;https://openalex.org/W2024416205;https://openalex.org/W2044128460;https://openalex.org/W2048375771;https://openalex.org/W2072182213;https://openalex.org/W2074865628;https://openalex.org/W2075010294;https://openalex.org/W2081757228;https://openalex.org/W2093535522;https://openalex.org/W2101702311;https://openalex.org/W2102399226;https://openalex.org/W2103650480;https://openalex.org/W2123699526;https://openalex.org/W2127029557;https://openalex.org/W2144430199;https://openalex.org/W2150220236;https://openalex.org/W2153538771;https://openalex.org/W2158209261;https://openalex.org/W2159775284;https://openalex.org/W2159806606;https://openalex.org/W2161374975;https://openalex.org/W2178280949;https://openalex.org/W2188338416;https://openalex.org/W2314182880;https://openalex.org/W2318904462;https://openalex.org/W2398564531;https://openalex.org/W2468113847;https://openalex.org/W2478738147;https://openalex.org/W2520452758;https://openalex.org/W2549919379;https://openalex.org/W2604695903;https://openalex.org/W2606785389;https://openalex.org/W2608295428;https://openalex.org/W2610818236;https://openalex.org/W2612150699;https://openalex.org/W2614819110;https://openalex.org/W2620512139;https://openalex.org/W2755950973;https://openalex.org/W2756371942;https://openalex.org/W2767152153;https://openalex.org/W2781775665;https://openalex.org/W2793430084;https://openalex.org/W2810130046;https://openalex.org/W2884629410;https://openalex.org/W2904044633;https://openalex.org/W2914956960;https://openalex.org/W2918825222;https://openalex.org/W2945729646;https://openalex.org/W2947675648;https://openalex.org/W2950099013;https://openalex.org/W2951377767;https://openalex.org/W2953773016;https://openalex.org/W2970759669;https://openalex.org/W2974763449;https://openalex.org/W2976824019;https://openalex.org/W2989767070;https://openalex.org/W2989776482;https://openalex.org/W2989865446;https://openalex.org/W2990450011;https://openalex.org/W2990520469;https://openalex.org/W2996375266;https://openalex.org/W3004993310;https://openalex.org/W3007722773;https://openalex.org/W3016428958;https://openalex.org/W3019464069;https://openalex.org/W3032338189;https://openalex.org/W3032628389;https://openalex.org/W3033114109;https://openalex.org/W3035856362;https://openalex.org/W3039531289;https://openalex.org/W3040016437;https://openalex.org/W3040069742;https://openalex.org/W3046658102;https://openalex.org/W3047349259;https://openalex.org/W3084376488;https://openalex.org/W3087935424;https://openalex.org/W3089252064;https://openalex.org/W3096753723;https://openalex.org/W3097693500;https://openalex.org/W3097763105;https://openalex.org/W3116029335;https://openalex.org/W3120805833;https://openalex.org/W3122287636;https://openalex.org/W3123716562;https://openalex.org/W3124787267;https://openalex.org/W3126924255;https://openalex.org/W3126943609;https://openalex.org/W3127209611;https://openalex.org/W3130265010;https://openalex.org/W3133133259;https://openalex.org/W3137875885;https://openalex.org/W3140968591;https://openalex.org/W3154524432;https://openalex.org/W3155229685;https://openalex.org/W3157036748;https://openalex.org/W3158143693;https://openalex.org/W3161713184;https://openalex.org/W3164445154;https://openalex.org/W3164826379;https://openalex.org/W3172242543;https://openalex.org/W3174303509;https://openalex.org/W3174897088;https://openalex.org/W3178853696;https://openalex.org/W3183119561;https://openalex.org/W3183917959;https://openalex.org/W3184144688;https://openalex.org/W3185283549;https://openalex.org/W3188465708;https://openalex.org/W3193620804;https://openalex.org/W3194178852;https://openalex.org/W3195983209;https://openalex.org/W3197222752;https://openalex.org/W3199104032;https://openalex.org/W3202393140;https://openalex.org/W3205724994;https://openalex.org/W3210223829;https://openalex.org/W3212091386;https://openalex.org/W3213938563;https://openalex.org/W3216540000;https://openalex.org/W4200191781;https://openalex.org/W4205954259;https://openalex.org/W4205974971;https://openalex.org/W4206207580;https://openalex.org/W4206357429;https://openalex.org/W4207080841;https://openalex.org/W4210262099;https://openalex.org/W4210268862;https://openalex.org/W4210310627;https://openalex.org/W4210997151;https://openalex.org/W4214814944;https://openalex.org/W4220672172;https://openalex.org/W4220845611;https://openalex.org/W4220848002;https://openalex.org/W4220900917;https://openalex.org/W4224279074;https://openalex.org/W4224305133;https://openalex.org/W4225116140;https://openalex.org/W4225129558;https://openalex.org/W4225310625;https://openalex.org/W4226058946;https://openalex.org/W4251518973;https://openalex.org/W4253493748;https://openalex.org/W4280506026;https://openalex.org/W4280537256;https://openalex.org/W4280565337;https://openalex.org/W4281671225;https://openalex.org/W4283378156;https://openalex.org/W4283693889;https://openalex.org/W4283699887;https://openalex.org/W4285011864;https://openalex.org/W4285741921;https://openalex.org/W4287958736;https://openalex.org/W4288780987;https://openalex.org/W4296127264;https://openalex.org/W4296143942;https://openalex.org/W4296864001;https://openalex.org/W4297225486;https://openalex.org/W4298132459;https://openalex.org/W4300187744;https://openalex.org/W4304789279;https://openalex.org/W4304959477;https://openalex.org/W4306160193;https://openalex.org/W4306292554;https://openalex.org/W4307486628;https://openalex.org/W4307804863;https://openalex.org/W4308381275;https://openalex.org/W4308902188;https://openalex.org/W4309288168;https://openalex.org/W4311710725;https://openalex.org/W4312085960;https://openalex.org/W4312612006;https://openalex.org/W4312712951;https://openalex.org/W4312900939;https://openalex.org/W4313487458;https://openalex.org/W4318426690;https://openalex.org/W4319926009;https://openalex.org/W4321004042;https://openalex.org/W4324359891;https://openalex.org/W4327568958;https://openalex.org/W4360615284;https://openalex.org/W4366149357;https://openalex.org/W4367399900;https://openalex.org/W4377020544;https://openalex.org/W4379521334;https://openalex.org/W4383068763;https://openalex.org/W4386981037;https://openalex.org/W6749615248;https://openalex.org/W6762806025;https://openalex.org/W6765456526;https://openalex.org/W6769289567;https://openalex.org/W6771112253;https://openalex.org/W6783658298;https://openalex.org/W6784529975;https://openalex.org/W6788860965;https://openalex.org/W6795754891;https://openalex.org/W6806129453;https://openalex.org/W6806510465;https://openalex.org/W6806729833;https://openalex.org/W6806898050;https://openalex.org/W6815470754;https://openalex.org/W6832756430;https://openalex.org/W6840662724;https://openalex.org/W6840739521;https://openalex.org/W6843147770;https://openalex.org/W6845845161;https://openalex.org/W6846321351;https://openalex.org/W6847580609;https://openalex.org/W6847595728;https://openalex.org/W6848518427;https://openalex.org/W6848638318,,True,ISI,,"Tamasiga P, 2023, Journal of Agriculture and Food Research","Tamasiga P, 2023, Journal of Agriculture and Food Research"
https://openalex.org/W571806812,,"Informetrics 89/90 : selection of papers submitted for the second International Conference on Bibliometrics, Scientometrics and Informetrics, London, Ontario, Canada, 5-7 July 1989",1990,Elsevier eBooks,Elsevier eBooks,10,book,en,,,,,Egghe L;Rousseau R,Leo Egghe;Ronald Rousseau,,,Informetrics;Bibliometrics;Scientometrics;Selection (genetic algorithm);Library science;Geography;Computer science,Informetrics;Bibliometrics;Scientometrics;Selection (genetic algorithm);Library science;Geography;Computer science;Artificial intelligence,,,False,ISI,,"Egghe L, 1990, Elsevier eBooks","Egghe L, 1990, Elsevier eBooks"
https://openalex.org/W4313534955,10.1162/qss_a_00231,Mapping the use of Google Scholar in evaluative bibliometric or scientometric studies: A bibliometric review,2023,Quantitative Science Studies,Quantitative Science Studies,23,review,en,4,1,233,245,Andrade Pereira F;Mugnaini R,Fabiana Andrade Pereira;Rogério Mugnaini,Universidade de São Paulo;Universidade de São Paulo,"Abstract Google Scholar (GS) has aroused a good deal of interest among the bibliometric and scientometric community, owing to its capacity for gathering publication data, tracking citations, and creating metrics. This has led to reflections on its potential value as a means of enhancing evaluative procedures. However, despite being a useful tool because of its wide coverage, it has been monitored by specialists. For this reason, we aimed to map out the publications in the areas of Information Science &amp; Library Science and/or Computer Science that make use of GS through a bibliometric review. Comprising data retrieved from the WoS and Dimensions, the results drew the attention of the bibliometric and scientometric community to the range of research problems in studies using GS. They also made it possible to identify the most prolific countries and authors and their preferred sources for publication. The presence of non-Anglophone countries and those from Latin America highlights the importance of alternative information sources to bibliometric and scientometric studies.",Bibliometrics;Scientometrics;Data science;Library science;Geography;Computer science,Bibliometrics;Scientometrics;Data science;Library science;Geography;Computer science,https://openalex.org/W2099095131;https://openalex.org/W2110562193;https://openalex.org/W2131922422;https://openalex.org/W2770649074;https://openalex.org/W2796667150;https://openalex.org/W2900201388;https://openalex.org/W2990447522;https://openalex.org/W3122218456;https://openalex.org/W3157875029;https://openalex.org/W3171728466;https://openalex.org/W4206700203;https://openalex.org/W4394045402;https://openalex.org/W6674676152,,True,ISI,,"Andrade Pereira F, 2023, Quantitative Science Studies","Andrade Pereira F, 2023, Quantitative Science Studies"
https://openalex.org/W4377967023,10.46254/na07.20220234,Scientometric Analysis of Digital Entrepreneurship Through Bibliometric Visualizing in the Last 20 Years,2023,,,52,article,en,,,888,896,Iqbal Maulana F;Purnomo A;Candra Pratama F;Pradwiyasma Widartha V;Arifuddin R,Fairuz Iqbal Maulana;Agung Purnomo;Febby Candra Pratama;Vandha Pradwiyasma Widartha;Rahman Arifuddin,Binus University;Binus University;Binus University;Telkom University;Universitas Merdeka Malang,"The widespread availability of the Internet has surely altered how business is conducted.The journey from jobs to entrepreneurship is growing easier with continually expanding technology, business models, and increasingly imaginative advertising advances on social media.This research aims to identify research trends and visualization mapping on the issue of Digital Entrepreneurship using bibliometric analysis.The Scopus database was used to collect data for this study, and bibliometric network mapping was demonstrated online using the Scopus website and VOSViewer.We employ an article selection approach that begins with the searched keywords and year constraints and ends with the database being exported to RIS and CSV format files.We retrieved 1659 scientific publications from the Scopus database in the last ten years, from 2012 to 2021.VOSViewer is also used to map the network.According to the database the most knowledge is in the field of ""Business, Management and Accounting"", with 25.2% academic documents (N=584).Then the second is ""Social Sciences"" with 444 academic documents, and the third is Computer Science with 15% academic documents (N=347).Data study demonstrates a considerable growth in producing scientific articles on Digital Entrepreneurship worldwide from 2012 to 2021.This study suggests merging numerous Digital Entrepreneurship research themes, abbreviated as the LADESO research theme: Literature,",Scopus;Entrepreneurship;The Internet;Bibliometrics;Digital library;Theme (computing);Data science;Social network analysis;Web of science;Computer science;Field (mathematics);Data visualization;Social media;Visualization;World Wide Web;Political science;Data mining,Scopus;Entrepreneurship;The Internet;Bibliometrics;Digital library;Theme (computing);Data science;Social network analysis;Web of science;Computer science;Field (mathematics);Data visualization;Social media;Visualization;World Wide Web;Political science;Data mining;Poetry;Law;Literature;Art;Mathematics;MEDLINE;Pure mathematics,https://openalex.org/W2012821684;https://openalex.org/W2054214011;https://openalex.org/W2117390210;https://openalex.org/W2122391400;https://openalex.org/W2149604183;https://openalex.org/W2530432988;https://openalex.org/W2537035126;https://openalex.org/W2582274018;https://openalex.org/W2742910676;https://openalex.org/W2756494060;https://openalex.org/W2792333171;https://openalex.org/W2940549837;https://openalex.org/W3048980780;https://openalex.org/W3121593591;https://openalex.org/W3123711316;https://openalex.org/W3125505924;https://openalex.org/W3158281125;https://openalex.org/W3200029660;https://openalex.org/W4249618025;https://openalex.org/W6677860986;https://openalex.org/W7028591493,,True,ISI,,"Iqbal Maulana F, 2023, ","Iqbal Maulana F, 2023, "
https://openalex.org/W2803459330,,Bibliometrics and scientometrics in India: An overview of studies during 1995-2014Part II: Contents of the articles in terms of disciplines and their bibliometric aspects,2018,Annals of Library and Information Studies,Annals of Library and Information Studies,13,article,en,65,1,7,42,C. Garg K;Kumar Tripathi H,K. C. Garg;Harish Kumar Tripathi,"National Institute of Science, Technology and Development Studies",This part of the study highlights the contents of the published articles in terms of various disciplines or sub-disciplines and the bibliometric aspects discussed in these articles. The analysis of 902 papers published by Indian scholars during1995-2014 indicates that the main focus of bibliometrics/scientometrics is on assessment of science and technology in India in different sub-disciplines including contributions by Indian states and other individual countries followed by bibliometric analysis of individual journals. Papers dealing with bibliometric laws received a low priority as compared to other subdisciplines of bibliometrics/scientometrics. The analysis of data indicates that the share of theoretical studies using mathematical and statistical techniques which were missing in the earlier period (1970-1994) has increased during 1995-2014. The field of medicine as a discipline received the highest attention as compared to other disciplines.,Scientometrics;Bibliometrics;Informetrics;Library science;Social science;Field (mathematics);Citation analysis;Sociology;Data science;Citation;Computer science;Mathematics,Scientometrics;Bibliometrics;Informetrics;Library science;Social science;Field (mathematics);Citation analysis;Sociology;Data science;Citation;Computer science;Mathematics;Pure mathematics,,,True,ISI,,"C. Garg K, 2018, Annals of Library and Information Studies","C. Garg K, 2018, Annals of Library and Information Studies"
https://openalex.org/W2068763704,10.1007/bf02018483,The unit of analysis (objects of study) in bibliometrics and scientometrics,1996,Scientometrics,Scientometrics,23,article,en,35,2,257,264,E. McGrath W,William E. McGrath,"University at Buffalo, State University of New York",,Scientometrics;Bibliometrics;Unit (ring theory);Informetrics;Computer science;Sampling (signal processing);Statistics;Neglect;Variable (mathematics);Citation analysis;Information retrieval;Data science;Data mining;Citation;Mathematics;Library science;Psychology,Scientometrics;Bibliometrics;Unit (ring theory);Informetrics;Computer science;Sampling (signal processing);Statistics;Neglect;Variable (mathematics);Citation analysis;Information retrieval;Data science;Data mining;Citation;Mathematics;Library science;Psychology;Filter (signal processing);Mathematics education;Computer vision;Mathematical analysis;Psychiatry,https://openalex.org/W598688954;https://openalex.org/W615841159;https://openalex.org/W2004033875;https://openalex.org/W2021949942;https://openalex.org/W2035609388;https://openalex.org/W2038886783;https://openalex.org/W2477896583;https://openalex.org/W2739484854;https://openalex.org/W4213456951,,False,ISI,,"E. McGrath W, 1996, Scientometrics","E. McGrath W, 1996, Scientometrics"
https://openalex.org/W1984066943,10.1016/0306-4573(92)90087-g,An introduction to informetrics,1992,Information Processing & Management,Information Processing & Management,760,article,en,28,1,1,3,Tague‐Sutcliffe J,Jean Tague‐Sutcliffe,Western University,,Informetrics;Scientometrics;Bibliometrics;Scope (computer science);Field (mathematics);Data science;Computer science;Information retrieval;Library science;Mathematics,Informetrics;Scientometrics;Bibliometrics;Scope (computer science);Field (mathematics);Data science;Computer science;Information retrieval;Library science;Mathematics;Pure mathematics;Programming language,https://openalex.org/W1481721193;https://openalex.org/W1601529450;https://openalex.org/W1871524959;https://openalex.org/W1969949383;https://openalex.org/W1986109719;https://openalex.org/W1995746228;https://openalex.org/W2028372193;https://openalex.org/W2040610317;https://openalex.org/W2065249925;https://openalex.org/W2069134922;https://openalex.org/W2079656678;https://openalex.org/W2080450835;https://openalex.org/W2085912276;https://openalex.org/W2100176599;https://openalex.org/W2275696275;https://openalex.org/W2279988883;https://openalex.org/W2463095032;https://openalex.org/W3002292256;https://openalex.org/W4235943384;https://openalex.org/W4238243588;https://openalex.org/W4243394285;https://openalex.org/W6695147765;https://openalex.org/W6695290093;https://openalex.org/W6719649792,,False,ISI,,"Tague‐Sutcliffe J, 1992, Information Processing & Management","Tague‐Sutcliffe J, 1992, Information Processing & Management"
https://openalex.org/W4308866976,10.3390/ijerph192214821,Global Research Trends on Smart Homes for Older Adults: Bibliometric and Scientometric Analyses,2022,International Journal of Environmental Research and Public Health,International Journal of Environmental Research and Public Health,27,article,en,19,22,14821,14821,Hong Y;Wang Z;Young Cho J,Yi-Kyung Hong;Zeyu Wang;Ji Young Cho,Kyung Hee University;Kyung Hee University;Kyung Hee University,"A growing aging population across the world signifies the importance of smart homes equipped with appropriate technology for the safety and health of older adults. Well-designed smart homes can increase the desire of older adults' aging-in-place and bring economic benefits to the country by reducing budgets for care providers. To obtain a structural overview and provide significant insights into the characteristics of smart homes for older adults, this study conducted bibliometric and scientometric analyses. We used the Web of Science Core Collection database, searching for keywords ""smart home*"", ""home automation"", or ""domotics"" with terms related to older adults, resulting in a total of 1408 documents. VOSviewer software was used to map and visualize the documents. The results showed that research on smart homes for older adults began appearing from 1997 and increased steadily, peaking from 2015. The main research areas were technical engineering fields, such as computer science and engineering, telecommunications with minimal research in humanities, social sciences, and design, indicating the necessity to expand research toward a human-centered perspective, age-friendly technology, and convergence study.",Gerontology;Geography;Environmental health;Regional science;Medicine,Gerontology;Geography;Environmental health;Regional science;Medicine,https://openalex.org/W659173962;https://openalex.org/W1184083544;https://openalex.org/W1497385253;https://openalex.org/W1517879342;https://openalex.org/W1865429067;https://openalex.org/W1986847617;https://openalex.org/W1992215715;https://openalex.org/W2004513044;https://openalex.org/W2009793008;https://openalex.org/W2015200434;https://openalex.org/W2020648835;https://openalex.org/W2043405049;https://openalex.org/W2046862111;https://openalex.org/W2079422867;https://openalex.org/W2104956067;https://openalex.org/W2105499459;https://openalex.org/W2108680868;https://openalex.org/W2121391047;https://openalex.org/W2153869637;https://openalex.org/W2156385131;https://openalex.org/W2167311298;https://openalex.org/W2296193698;https://openalex.org/W2339270675;https://openalex.org/W2441818430;https://openalex.org/W2461646415;https://openalex.org/W2494390592;https://openalex.org/W2606266744;https://openalex.org/W2744549108;https://openalex.org/W2781775665;https://openalex.org/W2789283869;https://openalex.org/W2792342425;https://openalex.org/W2794438001;https://openalex.org/W2886354130;https://openalex.org/W2903637157;https://openalex.org/W2911594278;https://openalex.org/W2922217154;https://openalex.org/W2945684350;https://openalex.org/W2970447946;https://openalex.org/W2979953909;https://openalex.org/W2989886696;https://openalex.org/W3084089997;https://openalex.org/W3103622390;https://openalex.org/W3126649901;https://openalex.org/W3147163005;https://openalex.org/W3162965951;https://openalex.org/W3172563701;https://openalex.org/W3183623918;https://openalex.org/W3185349529;https://openalex.org/W3187055873;https://openalex.org/W3196704696;https://openalex.org/W3217207786;https://openalex.org/W4200190505;https://openalex.org/W4200372491;https://openalex.org/W4221062463;https://openalex.org/W4226147077;https://openalex.org/W4255497883;https://openalex.org/W4283589151;https://openalex.org/W4283756333;https://openalex.org/W6661259188;https://openalex.org/W6718642938,36429540,True,ISI,,"Hong Y, 2022, International Journal of Environmental Research and Public Health","Hong Y, 2022, International Journal of Environmental Research and Public Health"
https://openalex.org/W3110505762,,"BIBLIOMETRICS, SCIENTOMETRICS, INFORMETRICS: CONCEPTS AND APPLICATIONS",2018,,,1,article,en,24,2,,,Nonato Macedo dos Santos R;Yumiko Kobashi N,Raimundo Nonato Macedo dos Santos;Nair Yumiko Kobashi,,"Analise da constituicao e institucionalizacao da bibliometria, da cientometria e da infometria. O estudo teve como objetivos principais identificar os conceitos-chave dessas disciplinas, suas semelhancas e diferencas, suas potencialidades e limites e as tendencias contemporâneas da pesquisa. De natureza exploratoria, o estudo se apoiou em literatura classica e recente da area. Observou-se que, num primeiro momento, com o nome de bibliometria, os estudos procuravam quantificar os produtos da atividade cientifica (livros, artigos e revistas) para fins de gestao de bibliotecas e bases de dados; a cientometria, por sua vez, se constituiu como modelo que se preocupa com a interpretacao dos dados quantitativos, a luz das teorias construidas no âmbito das ciencias humanas e sociais (CHS). Seu objetivo principal e fornecer insumos para o planejamento e a avaliacao de politicas cientificas. A infometria, modelo mais recente, se apropria dos metodos bibliometricos e cientometricos para apreender os aspectos cognitivos da atividade cientifica. Nesse sentido, tem como preocupacao central conhecer o estado-da-arte dos diferentes dominios do conhecimento. Observou-se, tambem, interesse crescente por tecnicas de visualizacao da informacao, com a finalidade de elaborar mapas que possam representar adequadamente os aspectos quantitativos e cognitivos da ciencia. Conclui-se que os estudos metricos da informacao se aproximam, desde Price, das CHS em busca de teorias e modelos que sustentem a interpretacao dos dados quantitativos. Nesse sentido, os estudos metricos da informacao, em sua configuracao contemporânea, se configuram como campo interdisciplinar que se fertiliza entrecruzando as teorias e os metodos de quantificacao com as teorias sociais.",Humanities;Philosophy;SciELO;Informetrics;Sociology;Scientometrics;Epistemology;Social science;Political science,Humanities;Philosophy;SciELO;Informetrics;Sociology;Scientometrics;Epistemology;Social science;Political science;Law;MEDLINE,,,False,ISI,,"Nonato Macedo dos Santos R, 2018, ","Nonato Macedo dos Santos R, 2018, "
https://openalex.org/W4391707094,10.1108/lht-10-2023-0514,"Unleashing the power of AI: a systematic review of cutting-edge techniques in AI-enhanced scientometrics, webometrics and bibliometrics",2024,Library Hi Tech,Library Hi Tech,30,review,en,43,4-5,1292,1314,Reza Saeidnia H;Hosseini E;Abdoli S;Ausloos M,Hamid Reza Saeidnia;Elaheh Hosseini;Shadi Abdoli;Marcel Ausloos,Tarbiat Modares University;Alzahra University;Université de Montréal;University of Leicester;Bucharest University of Economic Studies,"Purpose The study aims to analyze the synergy of artificial intelligence (AI), with scientometrics, webometrics and bibliometrics to unlock and to emphasize the potential of the applications and benefits of AI algorithms in these fields. Design/methodology/approach By conducting a systematic literature review, our aim is to explore the potential of AI in revolutionizing the methods used to measure and analyze scholarly communication, identify emerging research trends and evaluate the impact of scientific publications. To achieve this, we implemented a comprehensive search strategy across reputable databases such as ProQuest, IEEE Explore, EBSCO, Web of Science and Scopus. Our search encompassed articles published from January 1, 2000, to September 2022, resulting in a thorough review of 61 relevant articles. Findings (1) Regarding scientometrics, the application of AI yields various distinct advantages, such as conducting analyses of publications, citations, research impact prediction, collaboration, research trend analysis and knowledge mapping, in a more objective and reliable framework. (2) In terms of webometrics, AI algorithms are able to enhance web crawling and data collection, web link analysis, web content analysis, social media analysis, web impact analysis and recommender systems. (3) Moreover, automation of data collection, analysis of citations, disambiguation of authors, analysis of co-authorship networks, assessment of research impact, text mining and recommender systems are considered as the potential of AI integration in the field of bibliometrics. Originality/value This study covers the particularly new benefits and potential of AI-enhanced scientometrics, webometrics and bibliometrics to highlight the significant prospects of the synergy of this integration through AI.",Webometrics;Scientometrics;Bibliometrics;Altmetrics;Web of science;Computer science;Information retrieval;Data science;World Wide Web;MEDLINE;Biology,Webometrics;Scientometrics;Bibliometrics;Altmetrics;Web of science;Computer science;Information retrieval;Data science;World Wide Web;MEDLINE;Biology;Biochemistry,https://openalex.org/W6609858;https://openalex.org/W1802130322;https://openalex.org/W2153648813;https://openalex.org/W2162430746;https://openalex.org/W2344469150;https://openalex.org/W2754962128;https://openalex.org/W2808649887;https://openalex.org/W2891378911;https://openalex.org/W2902461985;https://openalex.org/W2903467393;https://openalex.org/W2906927267;https://openalex.org/W2907638671;https://openalex.org/W2920929883;https://openalex.org/W2942193471;https://openalex.org/W2966516793;https://openalex.org/W2971825409;https://openalex.org/W2991574913;https://openalex.org/W2999075180;https://openalex.org/W3003802619;https://openalex.org/W3013745385;https://openalex.org/W3015060290;https://openalex.org/W3021395787;https://openalex.org/W3022312705;https://openalex.org/W3034702370;https://openalex.org/W3034713566;https://openalex.org/W3049568452;https://openalex.org/W3092782196;https://openalex.org/W3093918989;https://openalex.org/W3094521121;https://openalex.org/W3097904695;https://openalex.org/W3099632057;https://openalex.org/W3110463920;https://openalex.org/W3111488881;https://openalex.org/W3112730137;https://openalex.org/W3125204069;https://openalex.org/W3126234255;https://openalex.org/W3128923306;https://openalex.org/W3136003884;https://openalex.org/W3142760838;https://openalex.org/W3153945221;https://openalex.org/W3160856016;https://openalex.org/W3162023868;https://openalex.org/W3163015928;https://openalex.org/W3167835154;https://openalex.org/W3168142004;https://openalex.org/W3180841863;https://openalex.org/W3183795108;https://openalex.org/W3185077430;https://openalex.org/W3198525581;https://openalex.org/W3198769357;https://openalex.org/W3199231375;https://openalex.org/W3204847336;https://openalex.org/W3207470445;https://openalex.org/W3210165781;https://openalex.org/W3210837814;https://openalex.org/W4200146754;https://openalex.org/W4200470955;https://openalex.org/W4210997956;https://openalex.org/W4220659753;https://openalex.org/W4231988333;https://openalex.org/W4251745552;https://openalex.org/W4280553325;https://openalex.org/W4285402409;https://openalex.org/W4286797646;https://openalex.org/W4292541968;https://openalex.org/W4293066262;https://openalex.org/W4293241088;https://openalex.org/W4294316335;https://openalex.org/W4303614436;https://openalex.org/W4311129238;https://openalex.org/W4312191068;https://openalex.org/W4313535028;https://openalex.org/W4317718093;https://openalex.org/W4317886244;https://openalex.org/W4362471845;https://openalex.org/W4376851422;https://openalex.org/W4378893376;https://openalex.org/W4380564054;https://openalex.org/W4385858464;https://openalex.org/W4386624058;https://openalex.org/W4386928707;https://openalex.org/W4387313211;https://openalex.org/W4387876830;https://openalex.org/W4388137879;https://openalex.org/W4390229867,,True,ISI,,"Reza Saeidnia H, 2024, Library Hi Tech","Reza Saeidnia H, 2024, Library Hi Tech"
https://openalex.org/W3080460386,10.1111/jan.14489,Research trends and hotspots in caregiver studies: A bibliometric and scientometric analysis of nursing journals,2020,Journal of Advanced Nursing,Journal of Advanced Nursing,29,article,en,76,11,2955,2970,Dong J;Wei W;Wang C;Fu Y;Li Y;Li J;Peng X,Jianyu Dong;Wenqi Wei;Canfei Wang;Ying Fu;Yuan Li;Jiaxin Li;Xin Peng,Jilin Medical University;Jilin University;Jilin Medical University;Jilin University;Jilin University;Jilin Medical University;Jilin Medical University;Jilin University;Jilin University;Jilin Medical University;Jilin University;Jilin Medical University;Jilin University;Jilin Medical University,"Abstract Aims To explore the intellectual landscape of care‐giving studies and identify research trends and hotspots in this field. Design A bibliometric and scientometric analysis of care‐giving literature was undertaken from January ‐ February 2020. Methods CiteSpace was used to analyse research published between 1900 ‐ 2019. A references‐based co‐citation analysis was used to identify the intellectual landscape of care‐giving research. A keywords‐based co‐occurrence analysis with citation bursts was used to explore research hotspots and frontiers. Lastly, a co‐authorship network analysis was used to identify co‐operation among authors, countries, and institutions. Results There has been an increasing trend in the number of publications on care‐giving research with light fluctuations. Relevant literature mainly focused on the fields of oncology and psychiatry. The keywords‐based analysis indicated that the main research targets had previously been informal caregivers of patients with stroke, Alzheimer's disease, and schizophrenia. In recent years, focus has shifted onto informal caregivers of patients with cancer, heart failure, and those at end‐of‐life. Conclusion This bibliometric and scientometric analysis helps us understand the current state of caregiver research and its recent developments. Impact Caregivers’ mental health and care experience have become research hotspots. Where and on whom will the research have an impact? This research allows the development of future research on care‐giving. Future researchers should explore effective interventions for the health of patient–caregiver dyads.",Citation;Bibliometrics;Psychological intervention;Citation analysis;Health care;Psychology;Medicine;Nursing;Library science;Political science;Computer science,Citation;Bibliometrics;Psychological intervention;Citation analysis;Health care;Psychology;Medicine;Nursing;Library science;Political science;Computer science;Law,https://openalex.org/W246829850;https://openalex.org/W1974751769;https://openalex.org/W1984768353;https://openalex.org/W2035868540;https://openalex.org/W2043976122;https://openalex.org/W2050842756;https://openalex.org/W2050850506;https://openalex.org/W2054359417;https://openalex.org/W2069037759;https://openalex.org/W2089084955;https://openalex.org/W2124145929;https://openalex.org/W2135905161;https://openalex.org/W2148440488;https://openalex.org/W2148543186;https://openalex.org/W2150220236;https://openalex.org/W2157125041;https://openalex.org/W2170147411;https://openalex.org/W2275696275;https://openalex.org/W2465930272;https://openalex.org/W2581063857;https://openalex.org/W2597959056;https://openalex.org/W2621416026;https://openalex.org/W2802651615;https://openalex.org/W2809627158;https://openalex.org/W2884780744;https://openalex.org/W2890241246;https://openalex.org/W2891618799;https://openalex.org/W2894671546;https://openalex.org/W2894815108;https://openalex.org/W2898365183;https://openalex.org/W2899330812;https://openalex.org/W2903419959;https://openalex.org/W2910084534;https://openalex.org/W2911398689;https://openalex.org/W2911441810;https://openalex.org/W2919174356;https://openalex.org/W2922265758;https://openalex.org/W2923885222;https://openalex.org/W2935149863;https://openalex.org/W2944756696;https://openalex.org/W2960165628;https://openalex.org/W2993206654;https://openalex.org/W3008719697;https://openalex.org/W3012023632;https://openalex.org/W4238591974;https://openalex.org/W6695147765,32820562,False,ISI,,"Dong J, 2020, Journal of Advanced Nursing","Dong J, 2020, Journal of Advanced Nursing"
https://openalex.org/W4291018354,10.3389/fpls.2022.955340,Research hotspots and frontiers in agricultural multispectral technology: Bibliometrics and scientometrics analysis of the Web of Science,2022,Frontiers in Plant Science,Frontiers in Plant Science,48,article,en,13,,955340,955340,Zhang Y;Zhao D;Liu H;Huang X;Deng J;Jia R;He X;Naveed Tahir M;Lan Y,Yali Zhang;Dehua Zhao;Hanchao Liu;Xinrong Huang;Jizhong Deng;Ruichang Jia;Xiaoping He;Muhammad Naveed Tahir;Yubin Lan,South China Agricultural University;South China Agricultural University;South China Agricultural University;South China Agricultural University;South China Agricultural University;South China Agricultural University;South China Agricultural University;Pir Mehr Ali Shah Arid Agriculture University;South China Agricultural University,"Multispectral technology has a wide range of applications in agriculture. By obtaining spectral information during crop production, key information such as growth, pests and diseases, fertilizer and pesticide application can be determined quickly, accurately and efficiently. The scientific analysis based on Web of Science aims to understand the research hotspots and areas of interest in the field of agricultural multispectral technology. The publications related to agricultural multispectral research in agriculture between 2002 and 2021 were selected as the research objects. The softwares of CiteSpace, VOSviewer, and Microsoft Excel were used to provide a comprehensive review of agricultural multispectral research in terms of research areas, institutions, influential journals, and core authors. Results of the analysis show that the number of publications increased each year, with the largest increase in 2019. Remote sensing, imaging technology, environmental science, and ecology are the most popular research directions. The journal Remote Sensing is one of the most popular publishers, showing a high publishing potential in multispectral research in agriculture. The institution with the most research literature and citations is the USDA. In terms of the number of papers, Mtanga is the author with the most published articles in recent years. Through keyword co-citation analysis, it is determined that the main research areas of this topic focus on remote sensing, crop classification, plant phenotypes and other research areas. The literature co-citation analysis indicates that the main research directions concentrate in vegetation index, satellite remote sensing applications and machine learning modeling. There is still a lot of room for development of multi-spectrum technology. Further development can be carried out in the areas of multi-device synergy, spectral fusion, airborne equipment improvement, and real-time image processing technology, which will cooperate with each other to further play the role of multi-spectrum in agriculture and promote the development of agriculture.",Multispectral image;Bibliometrics;Agriculture;Computer science;Citation;Data science;Scientometrics;Science Citation Index;Remote sensing;Geography;World Wide Web,Multispectral image;Bibliometrics;Agriculture;Computer science;Citation;Data science;Scientometrics;Science Citation Index;Remote sensing;Geography;World Wide Web;Archaeology,https://openalex.org/W1516502116;https://openalex.org/W1559528524;https://openalex.org/W1559665635;https://openalex.org/W1966483366;https://openalex.org/W1971489226;https://openalex.org/W1981105828;https://openalex.org/W1984091965;https://openalex.org/W1995029758;https://openalex.org/W1995345006;https://openalex.org/W2018627383;https://openalex.org/W2034085189;https://openalex.org/W2042795904;https://openalex.org/W2060426168;https://openalex.org/W2062982970;https://openalex.org/W2063907334;https://openalex.org/W2064636932;https://openalex.org/W2067877300;https://openalex.org/W2069209512;https://openalex.org/W2073956583;https://openalex.org/W2074464158;https://openalex.org/W2077116289;https://openalex.org/W2080091930;https://openalex.org/W2095464314;https://openalex.org/W2103476002;https://openalex.org/W2133125644;https://openalex.org/W2150220236;https://openalex.org/W2150986124;https://openalex.org/W2157707218;https://openalex.org/W2160667287;https://openalex.org/W2162772680;https://openalex.org/W2202464059;https://openalex.org/W2243003515;https://openalex.org/W2273708466;https://openalex.org/W2501127344;https://openalex.org/W2531338938;https://openalex.org/W2549024254;https://openalex.org/W2593795997;https://openalex.org/W2598591505;https://openalex.org/W2599784308;https://openalex.org/W2617056706;https://openalex.org/W2622954938;https://openalex.org/W2646675373;https://openalex.org/W2755766995;https://openalex.org/W2767657507;https://openalex.org/W2767861487;https://openalex.org/W2795350203;https://openalex.org/W2795455834;https://openalex.org/W2837916766;https://openalex.org/W2898710507;https://openalex.org/W2906866237;https://openalex.org/W2910437273;https://openalex.org/W2911821804;https://openalex.org/W2976250475;https://openalex.org/W2981792938;https://openalex.org/W2983056308;https://openalex.org/W2987472362;https://openalex.org/W2990742692;https://openalex.org/W2995187556;https://openalex.org/W2996041315;https://openalex.org/W2996445195;https://openalex.org/W3000049009;https://openalex.org/W3006300699;https://openalex.org/W3022160004;https://openalex.org/W3022517580;https://openalex.org/W3039926407;https://openalex.org/W3043449979;https://openalex.org/W3043487840;https://openalex.org/W3047211622;https://openalex.org/W3092263277;https://openalex.org/W3093660509;https://openalex.org/W3094051720;https://openalex.org/W3096856538;https://openalex.org/W3097222248;https://openalex.org/W3097566126;https://openalex.org/W3098217728;https://openalex.org/W3102181181;https://openalex.org/W3103899040;https://openalex.org/W3111198182;https://openalex.org/W3113186458;https://openalex.org/W3115734772;https://openalex.org/W3117698487;https://openalex.org/W3137564971;https://openalex.org/W3147702135;https://openalex.org/W3152041191;https://openalex.org/W3153034381;https://openalex.org/W3180978627;https://openalex.org/W3185004595;https://openalex.org/W3188181112;https://openalex.org/W3216879711;https://openalex.org/W4200528078;https://openalex.org/W4238591974;https://openalex.org/W6725828322,36035687,True,ISI,,"Zhang Y, 2022, Frontiers in Plant Science","Zhang Y, 2022, Frontiers in Plant Science"
https://openalex.org/W4206956225,10.1007/s11356-022-18491-w,A scientometric analysis of agricultural pollution by using bibliometric software VoSViewer and Histcite™,2022,Environmental Science and Pollution Research,Environmental Science and Pollution Research,43,article,en,29,25,37882,37893,Li B;Hu K;Lysenko V;Yasmin Khan K;Yingkuan W;Jiang Y;Guo Y,Bin Li;Kai Hu;Vladimir Lysenko;Kiran Yasmin Khan;Wang Yingkuan;Yongnian Jiang;Ya Guo,Beijing Academy of Agricultural and Forestry Sciences;Jiangnan University;Southern Federal University;Jiangnan University;Chinese Academy of Agricultural Engineering;ZTT (China);University of Missouri,,Agriculture;Science Citation Index;Environmental science;Pollution;China;Environmental resource management;Citation;Geography;Computer science;Ecology;Library science,Agriculture;Science Citation Index;Environmental science;Pollution;China;Environmental resource management;Citation;Geography;Computer science;Ecology;Library science;Biology;Archaeology,https://openalex.org/W1264360482;https://openalex.org/W1570096975;https://openalex.org/W1708085422;https://openalex.org/W1775749144;https://openalex.org/W1970865605;https://openalex.org/W1972568665;https://openalex.org/W1978042669;https://openalex.org/W1991771952;https://openalex.org/W1994227400;https://openalex.org/W2003375930;https://openalex.org/W2004174317;https://openalex.org/W2012836208;https://openalex.org/W2017680781;https://openalex.org/W2027620171;https://openalex.org/W2027881290;https://openalex.org/W2036538049;https://openalex.org/W2051718657;https://openalex.org/W2056506782;https://openalex.org/W2070076788;https://openalex.org/W2081781496;https://openalex.org/W2088591073;https://openalex.org/W2088638459;https://openalex.org/W2090345409;https://openalex.org/W2099656668;https://openalex.org/W2099689505;https://openalex.org/W2105468384;https://openalex.org/W2105587095;https://openalex.org/W2106717977;https://openalex.org/W2110388569;https://openalex.org/W2112122115;https://openalex.org/W2116950002;https://openalex.org/W2117342593;https://openalex.org/W2119141224;https://openalex.org/W2121292191;https://openalex.org/W2122266551;https://openalex.org/W2123455699;https://openalex.org/W2138990027;https://openalex.org/W2149121549;https://openalex.org/W2153639796;https://openalex.org/W2154062191;https://openalex.org/W2186544211;https://openalex.org/W2190546151;https://openalex.org/W2515101019;https://openalex.org/W2587892995;https://openalex.org/W2605612103;https://openalex.org/W2743272648;https://openalex.org/W2765637995;https://openalex.org/W2790542267;https://openalex.org/W2793071066;https://openalex.org/W2895609963;https://openalex.org/W2911262429;https://openalex.org/W2911733930;https://openalex.org/W2922013359;https://openalex.org/W2946304374;https://openalex.org/W2957819584;https://openalex.org/W2964552279;https://openalex.org/W2971872998;https://openalex.org/W2997339393;https://openalex.org/W3001990354;https://openalex.org/W3005952920;https://openalex.org/W3006444115;https://openalex.org/W3026404885;https://openalex.org/W3141224092;https://openalex.org/W3213178444,35067891,False,ISI,,"Li B, 2022, Environmental Science and Pollution Research","Li B, 2022, Environmental Science and Pollution Research"
https://openalex.org/W767067438,10.1016/j.joi.2016.02.007,A review of the literature on citation impact indicators,2016,Journal of Informetrics,Journal of Informetrics,1234,review,en,10,2,365,391,Waltman L,Ludo Waltman,Leiden University,,Citation impact;Citation;Scopus;Computer science;Web of science;Normalization (sociology);Impact factor;Citation analysis;Bibliometrics;Data science;Information retrieval;Library science;Political science;Sociology;Social science;MEDLINE,Citation impact;Citation;Scopus;Computer science;Web of science;Normalization (sociology);Impact factor;Citation analysis;Bibliometrics;Data science;Information retrieval;Library science;Political science;Sociology;Social science;MEDLINE;Law,https://openalex.org/W17751427;https://openalex.org/W150292108;https://openalex.org/W336172304;https://openalex.org/W628012024;https://openalex.org/W985847679;https://openalex.org/W1162230171;https://openalex.org/W1264067528;https://openalex.org/W1479140451;https://openalex.org/W1488271674;https://openalex.org/W1502183989;https://openalex.org/W1505519009;https://openalex.org/W1546460521;https://openalex.org/W1547304362;https://openalex.org/W1559646899;https://openalex.org/W1572181180;https://openalex.org/W1604224809;https://openalex.org/W1747769665;https://openalex.org/W1767272795;https://openalex.org/W1768565926;https://openalex.org/W1778780124;https://openalex.org/W1787605394;https://openalex.org/W1799284535;https://openalex.org/W1851798099;https://openalex.org/W1856837095;https://openalex.org/W1873141500;https://openalex.org/W1890493318;https://openalex.org/W1891258619;https://openalex.org/W1920360620;https://openalex.org/W1934095247;https://openalex.org/W1941049987;https://openalex.org/W1949140393;https://openalex.org/W1949569492;https://openalex.org/W1956112196;https://openalex.org/W1963595704;https://openalex.org/W1964036498;https://openalex.org/W1964117853;https://openalex.org/W1964902459;https://openalex.org/W1965179799;https://openalex.org/W1965631677;https://openalex.org/W1965955726;https://openalex.org/W1966024011;https://openalex.org/W1966391136;https://openalex.org/W1966973870;https://openalex.org/W1968257888;https://openalex.org/W1968470708;https://openalex.org/W1970211697;https://openalex.org/W1970765079;https://openalex.org/W1972045502;https://openalex.org/W1972230306;https://openalex.org/W1972364692;https://openalex.org/W1973800825;https://openalex.org/W1973828007;https://openalex.org/W1974757460;https://openalex.org/W1977401594;https://openalex.org/W1978071138;https://openalex.org/W1978273326;https://openalex.org/W1978384731;https://openalex.org/W1980011771;https://openalex.org/W1981678650;https://openalex.org/W1981745473;https://openalex.org/W1981805682;https://openalex.org/W1982149803;https://openalex.org/W1982564000;https://openalex.org/W1983508230;https://openalex.org/W1984250866;https://openalex.org/W1984324662;https://openalex.org/W1984537723;https://openalex.org/W1984558542;https://openalex.org/W1984693836;https://openalex.org/W1985696031;https://openalex.org/W1986219263;https://openalex.org/W1986226110;https://openalex.org/W1986382509;https://openalex.org/W1986452940;https://openalex.org/W1986759740;https://openalex.org/W1989783390;https://openalex.org/W1990367385;https://openalex.org/W1990476851;https://openalex.org/W1991119149;https://openalex.org/W1991217140;https://openalex.org/W1991481378;https://openalex.org/W1991869139;https://openalex.org/W1992497809;https://openalex.org/W1993001003;https://openalex.org/W1993171516;https://openalex.org/W1993451046;https://openalex.org/W1993562201;https://openalex.org/W1996587013;https://openalex.org/W1997043923;https://openalex.org/W1997736672;https://openalex.org/W1998040366;https://openalex.org/W1999136415;https://openalex.org/W2001769177;https://openalex.org/W2002297348;https://openalex.org/W2005620653;https://openalex.org/W2005706022;https://openalex.org/W2005880551;https://openalex.org/W2006605121;https://openalex.org/W2007482872;https://openalex.org/W2007591921;https://openalex.org/W2008540933;https://openalex.org/W2008563183;https://openalex.org/W2010353872;https://openalex.org/W2011111873;https://openalex.org/W2011453004;https://openalex.org/W2012268837;https://openalex.org/W2012598154;https://openalex.org/W2012636016;https://openalex.org/W2013219926;https://openalex.org/W2015398090;https://openalex.org/W2015860488;https://openalex.org/W2015905558;https://openalex.org/W2018027932;https://openalex.org/W2018257987;https://openalex.org/W2018353135;https://openalex.org/W2019203520;https://openalex.org/W2019753053;https://openalex.org/W2025600322;https://openalex.org/W2025878701;https://openalex.org/W2029391677;https://openalex.org/W2029902769;https://openalex.org/W2030192775;https://openalex.org/W2030264895;https://openalex.org/W2030528640;https://openalex.org/W2031669872;https://openalex.org/W2033079808;https://openalex.org/W2033325382;https://openalex.org/W2033718417;https://openalex.org/W2034085520;https://openalex.org/W2034765382;https://openalex.org/W2034993557;https://openalex.org/W2035180021;https://openalex.org/W2035212405;https://openalex.org/W2036084600;https://openalex.org/W2036452579;https://openalex.org/W2037310863;https://openalex.org/W2037485074;https://openalex.org/W2037997493;https://openalex.org/W2039723993;https://openalex.org/W2040517495;https://openalex.org/W2041044658;https://openalex.org/W2041165234;https://openalex.org/W2042852414;https://openalex.org/W2045275585;https://openalex.org/W2045474314;https://openalex.org/W2046301960;https://openalex.org/W2046586603;https://openalex.org/W2048018123;https://openalex.org/W2048246885;https://openalex.org/W2048575178;https://openalex.org/W2049076011;https://openalex.org/W2049720067;https://openalex.org/W2049965366;https://openalex.org/W2050524575;https://openalex.org/W2051761001;https://openalex.org/W2052828883;https://openalex.org/W2053549370;https://openalex.org/W2053657277;https://openalex.org/W2054988762;https://openalex.org/W2055364388;https://openalex.org/W2055589427;https://openalex.org/W2056179849;https://openalex.org/W2057845655;https://openalex.org/W2057954853;https://openalex.org/W2057983682;https://openalex.org/W2057994224;https://openalex.org/W2058641444;https://openalex.org/W2058745548;https://openalex.org/W2059035794;https://openalex.org/W2059495357;https://openalex.org/W2059503205;https://openalex.org/W2060532203;https://openalex.org/W2060560908;https://openalex.org/W2061991552;https://openalex.org/W2063103323;https://openalex.org/W2063273718;https://openalex.org/W2063709399;https://openalex.org/W2065183318;https://openalex.org/W2065409953;https://openalex.org/W2065562675;https://openalex.org/W2066636486;https://openalex.org/W2067494627;https://openalex.org/W2068452509;https://openalex.org/W2068673304;https://openalex.org/W2068844935;https://openalex.org/W2069544221;https://openalex.org/W2070242399;https://openalex.org/W2070593969;https://openalex.org/W2071113256;https://openalex.org/W2071158498;https://openalex.org/W2071195592;https://openalex.org/W2071707531;https://openalex.org/W2072182213;https://openalex.org/W2072790842;https://openalex.org/W2072930682;https://openalex.org/W2073204981;https://openalex.org/W2074441884;https://openalex.org/W2079053771;https://openalex.org/W2079307987;https://openalex.org/W2079432766;https://openalex.org/W2080222100;https://openalex.org/W2080937708;https://openalex.org/W2082081686;https://openalex.org/W2083011282;https://openalex.org/W2083859117;https://openalex.org/W2084091192;https://openalex.org/W2084972127;https://openalex.org/W2084977988;https://openalex.org/W2085456845;https://openalex.org/W2086513015;https://openalex.org/W2087876208;https://openalex.org/W2088075343;https://openalex.org/W2088194563;https://openalex.org/W2090000005;https://openalex.org/W2091465442;https://openalex.org/W2092022048;https://openalex.org/W2092142860;https://openalex.org/W2094649542;https://openalex.org/W2094864959;https://openalex.org/W2095132760;https://openalex.org/W2095454618;https://openalex.org/W2095771273;https://openalex.org/W2096741094;https://openalex.org/W2096869410;https://openalex.org/W2098615852;https://openalex.org/W2098908673;https://openalex.org/W2102447898;https://openalex.org/W2102681052;https://openalex.org/W2104671992;https://openalex.org/W2105071441;https://openalex.org/W2105292964;https://openalex.org/W2105806663;https://openalex.org/W2106163721;https://openalex.org/W2106758373;https://openalex.org/W2107363066;https://openalex.org/W2109102024;https://openalex.org/W2109145036;https://openalex.org/W2111001702;https://openalex.org/W2112256138;https://openalex.org/W2113048053;https://openalex.org/W2115641591;https://openalex.org/W2115701185;https://openalex.org/W2118472569;https://openalex.org/W2118839838;https://openalex.org/W2120262090;https://openalex.org/W2121098238;https://openalex.org/W2123411730;https://openalex.org/W2124106033;https://openalex.org/W2124124291;https://openalex.org/W2124353954;https://openalex.org/W2125236256;https://openalex.org/W2125810311;https://openalex.org/W2126053020;https://openalex.org/W2126361022;https://openalex.org/W2126566678;https://openalex.org/W2126622095;https://openalex.org/W2127484150;https://openalex.org/W2127540269;https://openalex.org/W2127970360;https://openalex.org/W2128125167;https://openalex.org/W2128438887;https://openalex.org/W2129513604;https://openalex.org/W2130247873;https://openalex.org/W2130456849;https://openalex.org/W2131409840;https://openalex.org/W2132040345;https://openalex.org/W2132442097;https://openalex.org/W2132615533;https://openalex.org/W2132631086;https://openalex.org/W2132937812;https://openalex.org/W2133928412;https://openalex.org/W2134920874;https://openalex.org/W2135465664;https://openalex.org/W2136149743;https://openalex.org/W2136177758;https://openalex.org/W2136922469;https://openalex.org/W2137126354;https://openalex.org/W2139883426;https://openalex.org/W2140107527;https://openalex.org/W2140283616;https://openalex.org/W2141857922;https://openalex.org/W2142182511;https://openalex.org/W2142201442;https://openalex.org/W2142776847;https://openalex.org/W2143628338;https://openalex.org/W2145203895;https://openalex.org/W2145490222;https://openalex.org/W2145833478;https://openalex.org/W2146211986;https://openalex.org/W2147002372;https://openalex.org/W2148605492;https://openalex.org/W2150455238;https://openalex.org/W2150857665;https://openalex.org/W2151866568;https://openalex.org/W2152167823;https://openalex.org/W2152361179;https://openalex.org/W2153511600;https://openalex.org/W2154378827;https://openalex.org/W2156577392;https://openalex.org/W2157278578;https://openalex.org/W2158237825;https://openalex.org/W2159299749;https://openalex.org/W2160139880;https://openalex.org/W2160695983;https://openalex.org/W2161171886;https://openalex.org/W2163286025;https://openalex.org/W2163809794;https://openalex.org/W2164534115;https://openalex.org/W2165122403;https://openalex.org/W2165235748;https://openalex.org/W2166369082;https://openalex.org/W2167367784;https://openalex.org/W2168006545;https://openalex.org/W2168160236;https://openalex.org/W2168201538;https://openalex.org/W2168532836;https://openalex.org/W2168621403;https://openalex.org/W2169089330;https://openalex.org/W2170331721;https://openalex.org/W2172025811;https://openalex.org/W2173130871;https://openalex.org/W2178471959;https://openalex.org/W2187587692;https://openalex.org/W2193275474;https://openalex.org/W2201934376;https://openalex.org/W2205435089;https://openalex.org/W2217890970;https://openalex.org/W2231201268;https://openalex.org/W2235214564;https://openalex.org/W2256002694;https://openalex.org/W2263342651;https://openalex.org/W2281464557;https://openalex.org/W2300855701;https://openalex.org/W2315140021;https://openalex.org/W2525880732;https://openalex.org/W2531098728;https://openalex.org/W2587248788;https://openalex.org/W2591659376;https://openalex.org/W2593421486;https://openalex.org/W2604145819;https://openalex.org/W2912659123;https://openalex.org/W2949208154;https://openalex.org/W2952244740;https://openalex.org/W2952981920;https://openalex.org/W2952984634;https://openalex.org/W2962871425;https://openalex.org/W2962897238;https://openalex.org/W3038100267;https://openalex.org/W3098088065;https://openalex.org/W3098100101;https://openalex.org/W3098317145;https://openalex.org/W3098486709;https://openalex.org/W3098910529;https://openalex.org/W3100614207;https://openalex.org/W3101335791;https://openalex.org/W3101807887;https://openalex.org/W3102109132;https://openalex.org/W3103082725;https://openalex.org/W3103952011;https://openalex.org/W3104719570;https://openalex.org/W3105141100;https://openalex.org/W3121315213;https://openalex.org/W3122267557;https://openalex.org/W3123223761;https://openalex.org/W3123533893;https://openalex.org/W3127420081;https://openalex.org/W4211177367;https://openalex.org/W4231781543;https://openalex.org/W4234189662;https://openalex.org/W4234569320;https://openalex.org/W4237854446;https://openalex.org/W4241889296;https://openalex.org/W4242734663;https://openalex.org/W4243033345;https://openalex.org/W4243702734;https://openalex.org/W4243763775;https://openalex.org/W4244719198;https://openalex.org/W4250137533;https://openalex.org/W4250470212;https://openalex.org/W4250810012;https://openalex.org/W4252053713;https://openalex.org/W4253726269;https://openalex.org/W4255356361;https://openalex.org/W4255631865;https://openalex.org/W4297835285;https://openalex.org/W6625681133;https://openalex.org/W6630038387;https://openalex.org/W6647000943,,False,ISI,,"Waltman L, 2016, Journal of Informetrics","Waltman L, 2016, Journal of Informetrics"
https://openalex.org/W2989530049,10.1371/journal.pone.0223994,Visualizing a field of research: A methodology of systematic scientometric reviews,2019,PLoS ONE,PLoS ONE,1275,article,en,14,10,e0223994,e0223994,Chen C;Song M,Chaomei Chen;Min Song,Yonsei University;Drexel University;Yonsei University,"Systematic scientometric reviews, empowered by computational and visual analytic approaches, offer opportunities to improve the timeliness, accessibility, and reproducibility of studies of the literature of a field of research. On the other hand, effectively and adequately identifying the most representative body of scholarly publications as the basis of subsequent analyses remains a common bottleneck in the current practice. What can we do to reduce the risk of missing something potentially significant? How can we compare different search strategies in terms of the relevance and specificity of topical areas covered? In this study, we introduce a flexible and generic methodology based on a significant extension of the general conceptual framework of citation indexing for delineating the literature of a research field. The method, through cascading citation expansion, provides a practical connection between studies of science from local and global perspectives. We demonstrate an application of the methodology to the research of literature-based discovery (LBD) and compare five datasets constructed based on three use scenarios and corresponding retrieval strategies, namely a query-based lexical search (one dataset), forward expansions starting from a groundbreaking article of LBD (two datasets), and backward expansions starting from a recently published review article by a prominent expert in LBD (two datasets). We particularly discuss the relevance of areas captured by expansion processes with reference to the query-based scientometric visualization. The method used in this study for comparing bibliometric datasets is applicable to comparative studies of search strategies.",Computer science;Data science;Conceptualization;Bottleneck;Field (mathematics);Visualization;Scientometrics;Process (computing);Domain (mathematical analysis);Systematic review;Information retrieval;Data mining;Creative visualization;Topic model;Bibliometrics;World Wide Web;Artificial intelligence;MEDLINE,Computer science;Data science;Conceptualization;Bottleneck;Field (mathematics);Visualization;Scientometrics;Process (computing);Domain (mathematical analysis);Systematic review;Information retrieval;Data mining;Creative visualization;Topic model;Bibliometrics;World Wide Web;Artificial intelligence;MEDLINE;Law;Operating system;Embedded system;Pure mathematics;Mathematics;Mathematical analysis;Political science,https://openalex.org/W916305875;https://openalex.org/W1498088266;https://openalex.org/W1559665635;https://openalex.org/W1620588405;https://openalex.org/W1976462278;https://openalex.org/W1984558542;https://openalex.org/W1994570140;https://openalex.org/W2011726136;https://openalex.org/W2015341148;https://openalex.org/W2016919366;https://openalex.org/W2024030746;https://openalex.org/W2032349249;https://openalex.org/W2032739348;https://openalex.org/W2036137014;https://openalex.org/W2043976122;https://openalex.org/W2045108252;https://openalex.org/W2054473834;https://openalex.org/W2054602743;https://openalex.org/W2067096102;https://openalex.org/W2072828027;https://openalex.org/W2079090652;https://openalex.org/W2081580037;https://openalex.org/W2088209891;https://openalex.org/W2089177530;https://openalex.org/W2104192199;https://openalex.org/W2105562985;https://openalex.org/W2108680868;https://openalex.org/W2120867647;https://openalex.org/W2122402213;https://openalex.org/W2123455699;https://openalex.org/W2130190939;https://openalex.org/W2135216654;https://openalex.org/W2145074288;https://openalex.org/W2147152072;https://openalex.org/W2150220236;https://openalex.org/W2153579005;https://openalex.org/W2154433699;https://openalex.org/W2154701989;https://openalex.org/W2155046806;https://openalex.org/W2159583324;https://openalex.org/W2160441315;https://openalex.org/W2165233996;https://openalex.org/W2238515303;https://openalex.org/W2267732457;https://openalex.org/W2329738111;https://openalex.org/W2344432445;https://openalex.org/W2411035889;https://openalex.org/W2599784308;https://openalex.org/W2615473284;https://openalex.org/W2765713289;https://openalex.org/W2767494307;https://openalex.org/W2784511921;https://openalex.org/W2892667257;https://openalex.org/W2939125769;https://openalex.org/W2942257813;https://openalex.org/W2951923752;https://openalex.org/W3098217728;https://openalex.org/W3100934912;https://openalex.org/W3147022532;https://openalex.org/W4238591974;https://openalex.org/W4239389735;https://openalex.org/W4239797392;https://openalex.org/W4244857153;https://openalex.org/W4253608092;https://openalex.org/W4294170691;https://openalex.org/W4386506836;https://openalex.org/W6752178749;https://openalex.org/W6762168875,31671124,True,ISI,,"Chen C, 2019, PLoS ONE","Chen C, 2019, PLoS ONE"
https://openalex.org/W4406847525,10.1108/dta-08-2023-0461,PyBibX – a Python library for bibliometric and scientometric analysis powered with artificial intelligence tools,2025,Data Technologies and Applications,Data Technologies and Applications,29,article,en,59,2,302,337,Pereira V;Pereira Basílio M;Henrique Tarjano Santos C,Valdecy Pereira;Márcio Pereira Basílio;Carlos Henrique Tarjano Santos,,"Purpose This paper presents pyBibX, a Python library devised to conduct comprehensive bibliometric and scientometric analyses on raw data files sourced from Scopus, Web of Science and PubMed, seamlessly integrating state-of-the-art artificial intelligence (AI) capabilities into its core functionality. Design/methodology/approach The library executes a comprehensive exploratory data analysis (EDA), presenting outcomes via visually appealing graphical illustrations. Network capabilities have been deftly integrated, encompassing citation, collaboration and similarity analysis. Furthermore, the library incorporates AI capabilities, including embedding vectors, topic modeling, text summarization and other general natural language processing tasks, employing models such as sentence-BERT, BerTopic, BERT, chatGPT and PEGASUS. Findings As a demonstration, we have analyzed 184 documents associated with “multiple-criteria decision analysis” published between 1984 and 2023. The EDA emphasized a growing fascination with decision-making and fuzzy logic methodologies. Next, network analysis further accentuated the significance of central authors and intra-continental collaboration, identifying Canada and China as crucial collaboration hubs. Finally, AI analysis distinguished two primary topics and chatGPT’s preeminence in text summarization. It also proved to be an indispensable instrument for interpreting results, as our library enables researchers to pose inquiries to chatGPT regarding bibliometric outcomes. Even so, data homogeneity remains a daunting challenge due to database inconsistencies. Originality/value PyBibX is the first application integrating cutting-edge AI capabilities for analyzing scientific publications, enabling researchers to examine and interpret these outcomes more effectively. pyBibX is freely available at https://bit.ly/442wD5z.",Python (programming language);Computer science;Data science;Library science;Information retrieval;Operating system,Python (programming language);Computer science;Data science;Library science;Information retrieval;Operating system,https://openalex.org/W58954717;https://openalex.org/W1967516159;https://openalex.org/W1981886524;https://openalex.org/W2009117424;https://openalex.org/W2010674846;https://openalex.org/W2015682936;https://openalex.org/W2018621817;https://openalex.org/W2040610317;https://openalex.org/W2045108252;https://openalex.org/W2070242399;https://openalex.org/W2070737895;https://openalex.org/W2090396658;https://openalex.org/W2093667818;https://openalex.org/W2094864959;https://openalex.org/W2097148950;https://openalex.org/W2120109270;https://openalex.org/W2127218421;https://openalex.org/W2137670391;https://openalex.org/W2150220236;https://openalex.org/W2232112412;https://openalex.org/W2275696275;https://openalex.org/W2277173977;https://openalex.org/W2288777844;https://openalex.org/W2463095032;https://openalex.org/W2566577737;https://openalex.org/W2568913334;https://openalex.org/W2755950973;https://openalex.org/W2784045614;https://openalex.org/W2786672974;https://openalex.org/W2884515633;https://openalex.org/W2885218772;https://openalex.org/W2950130316;https://openalex.org/W2963341956;https://openalex.org/W2970641574;https://openalex.org/W2971022377;https://openalex.org/W2978056439;https://openalex.org/W2996264288;https://openalex.org/W2997256272;https://openalex.org/W3001491100;https://openalex.org/W3007954406;https://openalex.org/W3008299625;https://openalex.org/W3037055661;https://openalex.org/W3045002812;https://openalex.org/W3082501157;https://openalex.org/W3110617326;https://openalex.org/W3122943269;https://openalex.org/W3124364742;https://openalex.org/W3133890555;https://openalex.org/W3154986668;https://openalex.org/W3160016965;https://openalex.org/W3189281455;https://openalex.org/W4210692819;https://openalex.org/W4211146624;https://openalex.org/W4212898562;https://openalex.org/W4221142221;https://openalex.org/W4235943384;https://openalex.org/W4237045180;https://openalex.org/W4238591974;https://openalex.org/W4245354045;https://openalex.org/W4255497883;https://openalex.org/W4289254296;https://openalex.org/W4290631970;https://openalex.org/W4300427454;https://openalex.org/W4307382557;https://openalex.org/W4309680913;https://openalex.org/W4311556896;https://openalex.org/W4312765319;https://openalex.org/W4327810158;https://openalex.org/W4378697522;https://openalex.org/W4382059974;https://openalex.org/W4385337062;https://openalex.org/W4389775389;https://openalex.org/W4389792117;https://openalex.org/W4389942609;https://openalex.org/W4390428559,,False,ISI,,"Pereira V, 2025, Data Technologies and Applications","Pereira V, 2025, Data Technologies and Applications"
https://openalex.org/W2059609729,10.1007/bf02017102,Bibliometric features of some scientific subfields and the scientometric consequences therefrom,1988,Scientometrics,Scientometrics,32,article,en,14,5-6,453,474,Vinkler P,P. Vinkler,Hungarian Academy of Sciences;HUN-REN Research Centre for Natural Sciences,,Impact factor;Citation;Scientific literature;Scientometrics;Bibliometrics;Citation analysis;Data science;Computer science;Political science;Library science;Law;Geology,Impact factor;Citation;Scientific literature;Scientometrics;Bibliometrics;Citation analysis;Data science;Computer science;Political science;Library science;Law;Geology;Paleontology,https://openalex.org/W1488092589;https://openalex.org/W1532507562;https://openalex.org/W1966442243;https://openalex.org/W1978868011;https://openalex.org/W1999398822;https://openalex.org/W2009221989;https://openalex.org/W2010199062;https://openalex.org/W2015423126;https://openalex.org/W2021266202;https://openalex.org/W2028674563;https://openalex.org/W2033874204;https://openalex.org/W2059789020;https://openalex.org/W2078316080;https://openalex.org/W2088684801;https://openalex.org/W2148770370,,False,ISI,,"Vinkler P, 1988, Scientometrics-a","Vinkler P, 1988, Scientometrics"
https://openalex.org/W3116246156,10.24108/2658-3143-2020-3-4-226-242,"Expanding the Meaning of the Term “Document” as a Possible Factor of Reconsideration of the Objects of Bibliometrics, Scientometrics, and Informetrics. 2. Old Definitions of the Objects of “Metrices” in the Context of the New Definition of the Term “Document”",2020,Scholarly Research and Information,Scholarly Research and Information,2,article,en,3,4,261,277,С. Лазарев В,В. С. Лазарев,Belarusian National Technical University,"Introduction . In the first part of the article, an attempt was made to trace some of the evolution of the concept of a “document”, which is now understood as any material object that can be used to obtain the information necessary for a person. In the second part, assuming that such an interpretation of the concept of a “document” is fruitful for possible reconsideration of viewpoints on the objects of bibliometrics, scientometrics and informetrics, a number of definitions of the objects of these three “metrices” have been examined with a speculative “inlining” the new meaning of the term “document” to the definitions of objects. Materials and methods . Comparative analysis of the viewpoints of the objects of bibliometrics, scientometrics and informetrics that were expressed in some examples of definitions of these scientific fields; speculative “inlining” the new meaning of the term “document” in them; consideration the meanings of the objects of “metrices” altered as a result of the mentioned “inlining”. Results . It is shown how noticeably the understanding of the objects of bibliometrics, scientometrics and informetrics can be revised as the result of the use of the updated “broad” interpretation of the concept of a “document” and how much the interpretations of the objects of bibliometrics, scientometrics and informetrics can be even closer in their meanings than previously was recognized. Discussion and conclusion . Such a comparative analysis of the objects of the “metrices” might be helpful for identifying both similarities and differences among bibliometrics, scientometrics and informetrics. This is important, since the awareness of them is an obvious starting point for the mutual enrichment of “metrices” with knowledge and concepts. A more complete and detailed analysis of representations of the objects of the “metrices” in comparison with the updated “broad” interpretation of the concept of the “document”, as well as a comparison of the methodological components of “metrices” is the subject of further research.",Informetrics;Scientometrics;Bibliometrics;Interpretation (philosophy);Context (archaeology);Computer science;Viewpoints;Meaning (existential);Data science;Information retrieval;Epistemology;Library science;Geography;Philosophy;Archaeology;Physics,Informetrics;Scientometrics;Bibliometrics;Interpretation (philosophy);Context (archaeology);Computer science;Viewpoints;Meaning (existential);Data science;Information retrieval;Epistemology;Library science;Geography;Philosophy;Archaeology;Physics;Programming language;Acoustics,https://openalex.org/W55385738;https://openalex.org/W266701329;https://openalex.org/W1678171433;https://openalex.org/W1888811121;https://openalex.org/W1984066943;https://openalex.org/W2009405785;https://openalex.org/W2047590689;https://openalex.org/W2079227135;https://openalex.org/W2082751088;https://openalex.org/W2125074335;https://openalex.org/W2275696275;https://openalex.org/W2511302837;https://openalex.org/W2539367756;https://openalex.org/W2980163471;https://openalex.org/W4238295905;https://openalex.org/W4242840101,,True,ISI,,"С. Лазарев В, 2020, Scholarly Research and Information-a","С. Лазарев В, 2020, Scholarly Research and Information"
https://openalex.org/W2954896663,10.1080/09737766.2018.1564590,Contribution of Indian women scholars to Indian output in bibliometrics/scientometrics and the pattern of co-authorship and collaboration,2019,Collnet Journal of Scientometrics and Information Management,Collnet Journal of Scientometrics and Information Management,2,article,en,13,1,127,138,C. Garg K;Kumar S,K. C. Garg;Suresh Kumar,"National Institute of Science, Technology and Development Studies;National Institute of Science, Technology and Development Studies","An analysis of 902 papers related to scientometrics and bibliometrics, published in select Indian and foreign journals by Indian authors during 1995-2014 indicate that out of 789 authors, 169 (21.4%) were women authors and remaining 620 (78.6%) were male authors. Papers authored by women scholars during 2005-2014 increased more than twice as compared to the previous decade of 1995-2004. Women authors occupied significant position in about one-third of the papers and were slightly more productive than their male counterparts at individual level. Of the total 902 papers 331 (36.7%) papers were published with domestic collaboration and their number has increased in later period. Of these 331 papers, women scholars were joint authors in 104 (31.4%) papers. Only 40 papers were published with international collaboration. CSIR-NISTADS had the highest number of papers with domestic as well as with international collaboration.",Scientometrics;Bibliometrics;Library science;Social science;Sociology;Computer science,Scientometrics;Bibliometrics;Library science;Social science;Sociology;Computer science,https://openalex.org/W1486441727;https://openalex.org/W1585215387;https://openalex.org/W1996167307;https://openalex.org/W2044742826;https://openalex.org/W2075038180;https://openalex.org/W2077585839;https://openalex.org/W2080721692;https://openalex.org/W2139576137;https://openalex.org/W2460425388;https://openalex.org/W2618305657;https://openalex.org/W2620545302;https://openalex.org/W2794782717;https://openalex.org/W2803459330;https://openalex.org/W2943177587;https://openalex.org/W3012420033;https://openalex.org/W4237227403;https://openalex.org/W4293728589,,False,ISI,,"C. Garg K, 2019, Collnet Journal of Scientometrics and Information Management","C. Garg K, 2019, Collnet Journal of Scientometrics and Information Management"
https://openalex.org/W4388451385,10.1201/9781003125204-7,A Scientometric and Bibliometric Review of Impacts and Application of Artificial Intelligence and Fintech for Financial Inclusion,2023,,,20,book-chapter,en,,,82,111,Gera R;Chadha P;Saxena A;Dixit S,Rajat Gera;Priyanka Chadha;Ashima Saxena;Saurav Dixit,,"The chapter aims to map the trend in publications on the subject of the application of AI and Fintech for financial inclusion by tracking the productivity and impact of authors, documents, countries, and journals and by developing the intellectual and conceptual structure of this subject through bibliometric and Scientometric analysis of selected high-quality articles extracted through keyword search from Scopus database using R package software and Biblioshiny application. A total of 42 articles were selected for this review through a systematic process of extraction, application of exclusion, and inclusion criteria. The bibliometric and Scientometric analysis of the selected articles was conducted by using R software and Biblioshiny application. The results showed an increase in publications in recent years on this subject though the impact of authors and journals on research in this field is limited mostly exploratory or review methodology based with very little empirical research. Thematic mapping shows that while digital finance and financial inclusion along with AI, machine learning, and Fintech are basic themes in this research area, Information technology, and digitalization of financial services occupy mainstream research. The intellectual structure of this field is made up of the knowledge domains of strategic implications of AI and Fintech, the role of AI in financial services and financial inclusion, opportunities and challenges of next-generation financial technologies and their regulation, customer adoption of Fintech, and applications of complex algorithms. Based on the review, conclusions are reached and recommendations for future research are made.",Financial inclusion;Inclusion (mineral);Data science;Economics;Computer science;Financial services;Sociology;Finance;Social science,Financial inclusion;Inclusion (mineral);Data science;Economics;Computer science;Financial services;Sociology;Finance;Social science,,,False,ISI,,"Gera R, 2023, ","Gera R, 2023, "
https://openalex.org/W4311137637,10.1109/tits.2022.3200588,Eco-Driving: A Scientometric and Bibliometric Analysis,2022,IEEE Transactions on Intelligent Transportation Systems,IEEE Transactions on Intelligent Transportation Systems,18,article,en,23,12,22716,22736,Chen Z;Xiong S;Chen Q;Zhang Y;Yu J;Jiang J;Wu C,Zhijun Chen;Shengguang Xiong;Qiushi Chen;Yishi Zhang;Jinqiu Yu;Junfeng Jiang;Chaozhong Wu,Wuhan University of Technology;Wuhan University of Technology;Wuhan University of Technology;Wuhan University of Technology;Wuhan University of Technology;Southeast University;Wuhan University of Technology,"The fuel efficiency of the transportation sector has become a key factor to reduce greenhouse gas emissions and fuel consumption in response to the negative impacts of global warming. As an approach to energy saving and environmental sustainability, eco-driving has attracted considerable research interest in the past decades. This review aims to provide a comprehensive review of the research on eco-driving using methodologies of literature bibliometrics and content analysis through VOSviewer software. The following keywords “ecological-driving”, “ecological-routing”, “ecological-bus”, “ecological-car”, “ecological-vehicle”, “eco-driving”, “eco-routing”, “eco-driver”, “eco-bus”, “eco-car” and “eco-vehicle” are used for paper retrieval. The query was conducted on January 20, 2021. The results take account of all journal articles, proceedings papers, and reviews without time limitation. Finally, a total of 767 documents were retrieved as total publications, which were viewed over the period 2001–2020 based on the Web of Science (WoS) Core Collection database. The publication year, leading countries, leading sources, leading institutions, leading authors, document citation, and document co-citation were analyzed to explore the primary trends. The In-depth analysis reveals five clusters of keywords, and the review of relevant studies on eco-driving from five different perspectives is carried out to identify potential trends and future research hot spots of eco-driving.",Bibliometrics;Driving factors;Sustainability;Greenhouse gas;Fuel efficiency;Citation;Transport engineering;Computer science;Environmental science;Environmental resource management;Geography;Engineering;Ecology;World Wide Web;China,Bibliometrics;Driving factors;Sustainability;Greenhouse gas;Fuel efficiency;Citation;Transport engineering;Computer science;Environmental science;Environmental resource management;Geography;Engineering;Ecology;World Wide Web;China;Archaeology;Biology;Aerospace engineering,https://openalex.org/W1480968321;https://openalex.org/W1526081091;https://openalex.org/W1558937465;https://openalex.org/W1645914316;https://openalex.org/W1767272795;https://openalex.org/W1829946914;https://openalex.org/W1969530963;https://openalex.org/W1969768283;https://openalex.org/W1979705599;https://openalex.org/W1981826106;https://openalex.org/W1982638855;https://openalex.org/W1983213714;https://openalex.org/W1984985005;https://openalex.org/W1989116181;https://openalex.org/W1991154267;https://openalex.org/W1998821920;https://openalex.org/W2018779503;https://openalex.org/W2019415324;https://openalex.org/W2019794065;https://openalex.org/W2023045139;https://openalex.org/W2029229555;https://openalex.org/W2033472041;https://openalex.org/W2044641198;https://openalex.org/W2050232403;https://openalex.org/W2067457993;https://openalex.org/W2070915356;https://openalex.org/W2072530540;https://openalex.org/W2076231551;https://openalex.org/W2077059804;https://openalex.org/W2081779330;https://openalex.org/W2093733427;https://openalex.org/W2094101623;https://openalex.org/W2094432916;https://openalex.org/W2098321637;https://openalex.org/W2110895314;https://openalex.org/W2119857905;https://openalex.org/W2129371268;https://openalex.org/W2150220236;https://openalex.org/W2151126419;https://openalex.org/W2157888759;https://openalex.org/W2161645426;https://openalex.org/W2180642879;https://openalex.org/W2201235138;https://openalex.org/W2275141109;https://openalex.org/W2275696275;https://openalex.org/W2290667007;https://openalex.org/W2317102837;https://openalex.org/W2322365537;https://openalex.org/W2337632932;https://openalex.org/W2342875829;https://openalex.org/W2496916398;https://openalex.org/W2509036389;https://openalex.org/W2525055861;https://openalex.org/W2561463613;https://openalex.org/W2566128861;https://openalex.org/W2588083611;https://openalex.org/W2602362938;https://openalex.org/W2606206351;https://openalex.org/W2726123582;https://openalex.org/W2726607584;https://openalex.org/W2745342891;https://openalex.org/W2765881327;https://openalex.org/W2767650907;https://openalex.org/W2786361218;https://openalex.org/W2789866888;https://openalex.org/W2790442783;https://openalex.org/W2791235264;https://openalex.org/W2794429068;https://openalex.org/W2802542925;https://openalex.org/W2807815329;https://openalex.org/W2810683824;https://openalex.org/W2885224577;https://openalex.org/W2887019600;https://openalex.org/W2889986919;https://openalex.org/W2890764146;https://openalex.org/W2897606004;https://openalex.org/W2897678777;https://openalex.org/W2898451597;https://openalex.org/W2899600080;https://openalex.org/W2903588123;https://openalex.org/W2904866617;https://openalex.org/W2905508684;https://openalex.org/W2905515622;https://openalex.org/W2912596162;https://openalex.org/W2914328241;https://openalex.org/W2917370556;https://openalex.org/W2922501931;https://openalex.org/W2935913115;https://openalex.org/W2937266093;https://openalex.org/W2941613722;https://openalex.org/W2942827066;https://openalex.org/W2946103292;https://openalex.org/W2970746222;https://openalex.org/W2975345087;https://openalex.org/W2976327234;https://openalex.org/W2979614181;https://openalex.org/W2980123263;https://openalex.org/W2985222958;https://openalex.org/W3000699112;https://openalex.org/W3001132159;https://openalex.org/W3011621734;https://openalex.org/W3015613295;https://openalex.org/W3015679744;https://openalex.org/W3020458414;https://openalex.org/W3024199009;https://openalex.org/W3030245181;https://openalex.org/W3036933256;https://openalex.org/W3046767783;https://openalex.org/W3072450509;https://openalex.org/W3081312017;https://openalex.org/W3087109614;https://openalex.org/W3092292298;https://openalex.org/W3092813873;https://openalex.org/W3097474349;https://openalex.org/W3105511950;https://openalex.org/W3111662114;https://openalex.org/W3114034329;https://openalex.org/W3144346448;https://openalex.org/W6680409106;https://openalex.org/W6695147765;https://openalex.org/W6784600892,,False,ISI,,"Chen Z, 2022, IEEE Transactions on Intelligent Transportation Systems","Chen Z, 2022, IEEE Transactions on Intelligent Transportation Systems"
https://openalex.org/W2096975558,10.1007/s11192-009-0403-5,Mapping the structure and evolution of chemistry research,2008,Scientometrics,Scientometrics,139,article,en,79,1,45,60,W. Boyack K;Börner K;Klavans R,Kevin W. Boyack;Katy Börner;Richard Klavans,SciTech Strategies (United States);Sandia National Laboratories California;Indiana University Bloomington;SciTech Strategies (United States),,Scientometrics;Dominance (genetics);Discipline;Citation;Data science;Computer science;Bibliometrics;Sociology of scientific knowledge;Chemistry;Sociology;Library science;Social science,Scientometrics;Dominance (genetics);Discipline;Citation;Data science;Computer science;Bibliometrics;Sociology of scientific knowledge;Chemistry;Sociology;Library science;Social science;Gene;Biochemistry,https://openalex.org/W1604494996;https://openalex.org/W1749485691;https://openalex.org/W1852674210;https://openalex.org/W1977907737;https://openalex.org/W1999348731;https://openalex.org/W2002227306;https://openalex.org/W2043976122;https://openalex.org/W2045108252;https://openalex.org/W2065573974;https://openalex.org/W2072840758;https://openalex.org/W2082603871;https://openalex.org/W2100484636;https://openalex.org/W2101275184;https://openalex.org/W2107633745;https://openalex.org/W2107777971;https://openalex.org/W2118623738;https://openalex.org/W2124689559;https://openalex.org/W2132488927;https://openalex.org/W2147854962;https://openalex.org/W2152328814;https://openalex.org/W2157669664;https://openalex.org/W2912659123;https://openalex.org/W2949876241;https://openalex.org/W4234292554;https://openalex.org/W4238591974,,False,ISI,,"W. Boyack K, 2008, Scientometrics","W. Boyack K, 2008, Scientometrics"
https://openalex.org/W4367623619,10.48550/arxiv.2304.14516,pyBibX -- A Python Library for Bibliometric and Scientometric Analysis Powered with Artificial Intelligence Tools,2023,arXiv (Cornell University),arXiv (Cornell University),17,preprint,en,,,,,Pereira V;Pereira Basílio M;Henrique Tarjano Santos C,Valdecy Pereira;Márcio Pereira Basílio;Carlos Henrique Tarjano Santos,,"Bibliometric and Scientometric analyses offer invaluable perspectives on the complex research terrain and collaborative dynamics spanning diverse academic disciplines. This paper presents pyBibX, a python library devised to conduct comprehensive bibliometric and scientometric analyses on raw data files sourced from Scopus, Web of Science, and PubMed, seamlessly integrating state of the art AI capabilities into its core functionality. The library executes a comprehensive EDA, presenting outcomes via visually appealing graphical illustrations. Network capabilities have been deftly integrated, encompassing Citation, Collaboration, and Similarity Analysis. Furthermore, the library incorporates AI capabilities, including Embedding vectors, Topic Modeling, Text Summarization, and other general Natural Language Processing tasks, employing models such as Sentence-BERT, BerTopic, BERT, chatGPT, and PEGASUS. As a demonstration, we have analyzed 184 documents associated with multiple-criteria decision analysis published between 1984 and 2023. The EDA emphasized a growing fascination with decision-making and fuzzy logic methodologies. Next, Network Analysis further accentuated the significance of central authors and intra-continental collaboration, identifying Canada and China as crucial collaboration hubs. Finally, AI Analysis distinguished two primary topics and chatGPT preeminence in Text Summarization. It also proved to be an indispensable instrument for interpreting results, as our library enables researchers to pose inquiries to chatGPT regarding bibliometric outcomes. Even so, data homogeneity remains a daunting challenge due to database inconsistencies. PyBibX is the first application integrating cutting-edge AI capabilities for analyzing scientific publications, enabling researchers to examine and interpret these outcomes more effectively.",Automatic summarization;Computer science;Python (programming language);Data science;Scopus;Information retrieval;World Wide Web,Automatic summarization;Computer science;Python (programming language);Data science;Scopus;Information retrieval;World Wide Web;Political science;Law;MEDLINE;Operating system,,,True,ISI,,"Pereira V, 2023, arXiv (Cornell University)","Pereira V, 2023, arXiv (Cornell University)"
https://openalex.org/W2122218263,10.1007/s11192-005-0008-6,Fatal attraction: Conceptual and methodological problems in the ranking of universities by bibliometric methods,2005,Scientometrics,Scientometrics,767,article,en,62,1,133,143,F. J. van Raan A,Anthony F. J. van Raan,Leiden University,,Scientometrics;Ranking (information retrieval);Bibliometrics;Strengths and weaknesses;Regional science;Sociology;Political science;Operations research;Epistemology;Computer science;Social science;Library science;Mathematics;Philosophy;Information retrieval,Scientometrics;Ranking (information retrieval);Bibliometrics;Strengths and weaknesses;Regional science;Sociology;Political science;Operations research;Epistemology;Computer science;Social science;Library science;Mathematics;Philosophy;Information retrieval,https://openalex.org/W40503313;https://openalex.org/W174597446;https://openalex.org/W604081263;https://openalex.org/W1485792508;https://openalex.org/W1577209593;https://openalex.org/W1749406788;https://openalex.org/W1969666528;https://openalex.org/W1985167850;https://openalex.org/W1987341880;https://openalex.org/W1987356183;https://openalex.org/W1991119149;https://openalex.org/W1993772548;https://openalex.org/W1997960160;https://openalex.org/W2001662846;https://openalex.org/W2015415650;https://openalex.org/W2030287307;https://openalex.org/W2088455467;https://openalex.org/W2092022048;https://openalex.org/W2095149397;https://openalex.org/W2116209312;https://openalex.org/W2137895980;https://openalex.org/W2164534115;https://openalex.org/W2169882007;https://openalex.org/W2411263438,,False,ISI,,"F. J. van Raan A, 2005, Scientometrics","F. J. van Raan A, 2005, Scientometrics"
https://openalex.org/W4353086457,10.51983/ijiss-2023.13.1.3486,A Bibliometric Analysis of Journal of Scientometric Research Based on Dimensions Database,2023,Indian Journal of Information Sources and Services,Indian Journal of Information Sources and Services,13,article,en,13,1,26,31,P. Hakkaraki V,Vinayak P. Hakkaraki,Karnataka State Law University,"This paper looks at the impact of recent research progress from 2012 to 2022 and is published in the Journal of Scientometric Research. The Journal of Scientometric Research journal underwent a Bibliometric analysis that turned up 370 articles from the Dimensions AI database between the years of 2012 and 2022. This article has examined a number of variables, including the publication format of the document; the distribution of papers and citations by year; the productivity of the writers, and the most cited work. The results demonstrate that the largest number of papers published in 2020 was 58. The year 2022 saw a maximum of 226 citations. Apparently, this shows that Bidyarthi Dutta and Sujit Bhattacharya have overwhelmed the most useful authors list by contributing 15 and 8 articles.",Bibliometrics;Library science;Scientometrics;Database;Data science;Information retrieval;Computer science,Bibliometrics;Library science;Scientometrics;Database;Data science;Information retrieval;Computer science,https://openalex.org/W1838205696;https://openalex.org/W2275696275;https://openalex.org/W2410920086;https://openalex.org/W3178147242;https://openalex.org/W4225125994;https://openalex.org/W4281761191;https://openalex.org/W6695147765,,True,ISI,,"P. Hakkaraki V, 2023, Indian Journal of Information Sources and Services","P. Hakkaraki V, 2023, Indian Journal of Information Sources and Services"
https://openalex.org/W4322581328,10.1590/0103-8478cr20220130,"A bibliometric and scientometric analysis on the use of UAVs in agriculture, livestock and forestry",2023,Ciência Rural,Ciência Rural,14,article,en,53,8,,,Marcus Fialho e Moraes H;Ribeiro Furtado Júnior M;Leandro da Vitória E;Nogueira Martins R,Hugo Marcus Fialho e Moraes;Marconi Ribeiro Furtado Júnior;Edney Leandro da Vitória;Rodrigo Nogueira Martins,Universidade Federal de Viçosa;Universidade Federal de Viçosa;Universidade Federal do Espírito Santo;Instituto Federal de Educação Ciência e Tecnologia do Norte de Minas Gerais,"ABSTRACT: The use of unmanned aerial vehicles (UAVs) in the agricultural and forestry sectors has constantly evolved due to its great versatility and applicability in the field. In this sense, this study provided a statistical overview of studies on the use of UAVs in agricultural and forestry through a bibliometric and scientometric analysis. For that, a research was carried out on the Scopus platform using the terms UAV, UAS, drone, and RPA, together with “agricult*” or “forest* or livestock”. Only manuscripts published in English and from January 2000 to December 2020 were selected. The VOSviewer software was used for the analyses. The USA and China were responsible for more than 38% of the publications worldwide. Furthermore, about 50% of the countries in the world showed some scientific record of the use of UAVs in agricultural and forestry studies. The term UAS was more used until 2016, while UAV was more mentioned between 2017 and 2018. Conversely, drone was more endorsed from 2019. The constant increase in scientific production reported in the research and the evolution of the co-occurrence of keywords corroborated two ideas: i) the use of UAVs is still undergoing transformations and is directly related to the advancement of technology included in these equipments; and ii) studies are still not enough to explore all the applicability of the UAVs in agriculture, livestock and forestry.",Agriculture;Livestock;Forestry;Drone;Scopus;China;Geography;Agroforestry;Agricultural science;Environmental science;Political science;Archaeology,Agriculture;Livestock;Forestry;Drone;Scopus;China;Geography;Agroforestry;Agricultural science;Environmental science;Political science;Archaeology;Law;Genetics;MEDLINE;Biology,https://openalex.org/W1979086491;https://openalex.org/W1995587687;https://openalex.org/W1998943389;https://openalex.org/W2032242441;https://openalex.org/W2033614115;https://openalex.org/W2045108252;https://openalex.org/W2072182213;https://openalex.org/W2074464158;https://openalex.org/W2076473563;https://openalex.org/W2143784308;https://openalex.org/W2150220236;https://openalex.org/W2151499786;https://openalex.org/W2521363613;https://openalex.org/W2530938282;https://openalex.org/W2547453346;https://openalex.org/W2662704302;https://openalex.org/W2733802396;https://openalex.org/W2766482797;https://openalex.org/W2883113516;https://openalex.org/W2911821804;https://openalex.org/W2930102931;https://openalex.org/W2933685362;https://openalex.org/W2963453445;https://openalex.org/W2966657623;https://openalex.org/W2971929189;https://openalex.org/W4211211006;https://openalex.org/W4237045180;https://openalex.org/W6740924506,,True,ISI,,"Marcus Fialho e Moraes H, 2023, Ciência Rural","Marcus Fialho e Moraes H, 2023, Ciência Rural"
https://openalex.org/W3047314519,10.1186/s12911-020-01312-w,Global scientific output trend for Akkermansia muciniphila research: a bibliometric and scientometric analysis,2020,BMC Medical Informatics and Decision Making,BMC Medical Informatics and Decision Making,26,article,en,20,1,,,Dehghanbanadaki H;Aazami H;Keshavarz Azizi Raftar S;Ashrafian F;Ejtahed H;Hashemi E;Hoseini Tavassol Z;Ahmadi Badi S;Davar Siadat S,Hojat Dehghanbanadaki;Hossein Aazami;Shahrbanoo Keshavarz Azizi Raftar;Fatemeh Ashrafian;Hanieh‐Sadat Ejtahed;Ehsan Hashemi;Zahra Hoseini Tavassol;Sara Ahmadi Badi;Seyed Davar Siadat,Tehran University of Medical Sciences;Tehran University of Medical Sciences;Pasteur Institute of Iran;Pasteur Institute of Iran;Tehran University of Medical Sciences;National Institute of Genetic Engineering and Biotechnology;Tehran University of Medical Sciences;Pasteur Institute of Iran;Pasteur Institute of Iran;Pasteur Institute of Iran,"Abstract Background Akkermansia muciniphila is an anaerobic bacterium residing in the healthy intestinal tract of host and its quantity has a negative correlation with various host diseases. This study for the first time provides a holistic bibliometric aspect of Akkermansi muciniphila research in the literature and shows the hot topic terms of these articles in any period of time. Methods Scopus database was selected to retrieve documents relevant to Akkermansia muciniphila in any language up to 2019. The bibliometric profile of Akkermansia muciniphila articles including subject area, year distribution, citations, institutions, journals, authors, and countries was systematically characterized and the collaboration networks of authors and countries as well as the burst detection algorithm of the words in the titles, abstracts and keywords were visualized. Results There is a progressive growing trend in research on Akkermansia from 2004 to 2019 with a total of 566 articles during this period. Out of 353 original articles, there are 194 animal studies (155 studies on mice) and 112 human studies. Also, 65 various diseases were investigated in these studies. The most focused conditions are obesity (71 articles) and type2 diabetes (39 articles). The United States is the leading country on Akkermansia publications (n = 132), followed by China (n = 95). Frontiers in Microbiology is the most dominant journal with 23 Akkermansia publications. In addition, “cancer” is the hot topic of recent Akkermansia research. Conclusion Akkermansia research is of progressive interest during the last decade and the studies on this subject move towards its relationship with cancer and its promising effect on health.",Akkermansia muciniphila;Scopus;Subject (documents);Web of science;Akkermansia;Bibliometrics;Medicine;Biology;Library science;MEDLINE;Meta-analysis;Computer science;Pathology,Akkermansia muciniphila;Scopus;Subject (documents);Web of science;Akkermansia;Bibliometrics;Medicine;Biology;Library science;MEDLINE;Meta-analysis;Computer science;Pathology;Gut flora;Immunology;Bacteria;Biochemistry;Genetics;Bacteroides,https://openalex.org/W2009680880;https://openalex.org/W2013216123;https://openalex.org/W2044482540;https://openalex.org/W2077248729;https://openalex.org/W2087253031;https://openalex.org/W2130787845;https://openalex.org/W2134241692;https://openalex.org/W2147790901;https://openalex.org/W2150220236;https://openalex.org/W2150916966;https://openalex.org/W2155924614;https://openalex.org/W2170416289;https://openalex.org/W2206854629;https://openalex.org/W2214183716;https://openalex.org/W2516811335;https://openalex.org/W2559267012;https://openalex.org/W2594894350;https://openalex.org/W2767249733;https://openalex.org/W2783786262;https://openalex.org/W2890893056;https://openalex.org/W2895795611;https://openalex.org/W2901014499;https://openalex.org/W2903882846;https://openalex.org/W2944334002;https://openalex.org/W2954124338;https://openalex.org/W2972221199,,True,ISI,,"Dehghanbanadaki H, 2020, BMC Medical Informatics and Decision Making","Dehghanbanadaki H, 2020, BMC Medical Informatics and Decision Making"
https://openalex.org/W4392627614,10.1111/ijcs.13031,How to conduct a bibliometric content analysis: Guidelines and contributions of content co‐occurrence or co‐word literature reviews,2024,International Journal of Consumer Studies,International Journal of Consumer Studies,195,article,en,48,2,,,Klarin A,Anton Klarin,Curtin University,"Abstract Literature reviews summarize existing literature, uncover research gaps, and offer future research directions, thus aiding in theoretical and methodological development. Informetric research including bibliometric, scientometric, webometric, cybermetric, patentometric, and altmetric methods are becoming increasingly prevalent in conducting literature review studies. Looking at the common informetric literature review methods—citation, co‐citation, co‐author, bibliographic coupling, and content co‐occurrence analyses, this study aims to serve as a guide in using content co‐occurrence also known as co‐word analysis to conduct literature reviews. This study outlines a variety of informetric research methods and how they are utilized to conduct review and evidence‐based conceptual studies. In addition to the analyses, the study highlights different informetric software packages like Bibliometrix, Biblioshiny, Leximancer, NVivo, and CiteSpace including their comparison. The study further discusses contributions of algorithm‐based content analyses including offering taxonomies, definitions, classifications, typologies, comparisons, and theoretical development to constitute integrative literature reviews. Finally, this study offers step‐by‐step guidelines for conducting a review study using VOSviewer content co‐occurrence analysis while providing a systems view of informetric research in social science. The study also notes the emergence of generative artificial intelligence (AI) like Open AI's ChatGPT, Google's Bard, Elicit, Scite, Research Rabbit, and ChatPDF among others, and its potential in contributing to the literature review methods and, as such, being an interesting direction for future research.",Citation;Content analysis;Systematic review;Variety (cybernetics);Computer science;Bibliometrics;Informetrics;Bibliographic coupling;Citation analysis;Management science;Data science;Sociology;Social science;Library science;Artificial intelligence;MEDLINE;Political science;Engineering,Citation;Content analysis;Systematic review;Variety (cybernetics);Computer science;Bibliometrics;Informetrics;Bibliographic coupling;Citation analysis;Management science;Data science;Sociology;Social science;Library science;Artificial intelligence;MEDLINE;Political science;Engineering;Law,https://openalex.org/W150292108;https://openalex.org/W1529812358;https://openalex.org/W1748004804;https://openalex.org/W1833120343;https://openalex.org/W1888811121;https://openalex.org/W1964189636;https://openalex.org/W1980822853;https://openalex.org/W1987311106;https://openalex.org/W1992401310;https://openalex.org/W1993912188;https://openalex.org/W2001445302;https://openalex.org/W2004326950;https://openalex.org/W2005854576;https://openalex.org/W2015846187;https://openalex.org/W2018855525;https://openalex.org/W2024262342;https://openalex.org/W2029737793;https://openalex.org/W2045816279;https://openalex.org/W2049169605;https://openalex.org/W2050467251;https://openalex.org/W2065589403;https://openalex.org/W2069134922;https://openalex.org/W2079283960;https://openalex.org/W2096245798;https://openalex.org/W2115519090;https://openalex.org/W2132258029;https://openalex.org/W2138288944;https://openalex.org/W2150220236;https://openalex.org/W2161526988;https://openalex.org/W2164356966;https://openalex.org/W2167693484;https://openalex.org/W2167872491;https://openalex.org/W2169015182;https://openalex.org/W2178471959;https://openalex.org/W2205640179;https://openalex.org/W2289522766;https://openalex.org/W2336383631;https://openalex.org/W2485709337;https://openalex.org/W2499023717;https://openalex.org/W2535520885;https://openalex.org/W2592517713;https://openalex.org/W2596433590;https://openalex.org/W2597798856;https://openalex.org/W2604923761;https://openalex.org/W2605288813;https://openalex.org/W2738304315;https://openalex.org/W2755950973;https://openalex.org/W2767584250;https://openalex.org/W2768891858;https://openalex.org/W2792314403;https://openalex.org/W2797873488;https://openalex.org/W2810226835;https://openalex.org/W2861059364;https://openalex.org/W2885869279;https://openalex.org/W2885967569;https://openalex.org/W2886599162;https://openalex.org/W2911712678;https://openalex.org/W2912654693;https://openalex.org/W2914444313;https://openalex.org/W2915025721;https://openalex.org/W2915062859;https://openalex.org/W2918064950;https://openalex.org/W2925288814;https://openalex.org/W2943121181;https://openalex.org/W2948432400;https://openalex.org/W2951930846;https://openalex.org/W2953107155;https://openalex.org/W2961462897;https://openalex.org/W2962815098;https://openalex.org/W2963453445;https://openalex.org/W2979085846;https://openalex.org/W2981817499;https://openalex.org/W2987220421;https://openalex.org/W2997044595;https://openalex.org/W3000685013;https://openalex.org/W3001491100;https://openalex.org/W3023758415;https://openalex.org/W3033012330;https://openalex.org/W3035423599;https://openalex.org/W3037793382;https://openalex.org/W3046516572;https://openalex.org/W3047026630;https://openalex.org/W3087265411;https://openalex.org/W3093949161;https://openalex.org/W3096284579;https://openalex.org/W3101883599;https://openalex.org/W3111567539;https://openalex.org/W3119036456;https://openalex.org/W3120498188;https://openalex.org/W3125505924;https://openalex.org/W3125520211;https://openalex.org/W3125707221;https://openalex.org/W3129636369;https://openalex.org/W3134496801;https://openalex.org/W3135734885;https://openalex.org/W3154271163;https://openalex.org/W3157855617;https://openalex.org/W3160856016;https://openalex.org/W3162010884;https://openalex.org/W3175524089;https://openalex.org/W3178533200;https://openalex.org/W3189485761;https://openalex.org/W3216589640;https://openalex.org/W4221103032;https://openalex.org/W4237791300;https://openalex.org/W4253314500;https://openalex.org/W4255606800;https://openalex.org/W4283168613;https://openalex.org/W4294214983;https://openalex.org/W4311872390;https://openalex.org/W4323347493;https://openalex.org/W4327596285;https://openalex.org/W4328114907;https://openalex.org/W4361298749;https://openalex.org/W4362623641;https://openalex.org/W4362722657;https://openalex.org/W4387585794;https://openalex.org/W4389437456;https://openalex.org/W6940487303,,True,ISI,,"Klarin A, 2024, International Journal of Consumer Studies","Klarin A, 2024, International Journal of Consumer Studies"
https://openalex.org/W4386627245,10.1108/jedt-05-2023-0174,Organizational leadership and employee well-being in the construction industry: a bibliometric and scientometric review,2023,Journal of Engineering Design and Technology,Journal of Engineering Design and Technology,16,article,en,23,3,705,724,Shi J;Fordjour Antwi‐Afari M,Jiaqi Shi;Maxwell Fordjour Antwi‐Afari,University of Manchester;Aston University,"Purpose The construction industry (CI) has been identified as one of the most challenging sectors for stakeholders to achieve organizational success. Although previous studies had examined both organizational leadership (OL) and employee well-being (EWB) in the CI, a bibliometric and systematic analysis of published articles is hitherto lacking. Therefore, this paper aims to conduct a bibliometric and scientometric review of published articles related to OL and EWB in the CI between 2008 and 2022. Design/methodology/approach A three-step method consisting of a bibliometric analysis, a scientometric analysis and an in-depth discussion were used. A total of 1,114 articles met the inclusion criteria. All articles were retrieved from the Scopus database. Findings The results present an in-depth discussion of the research publication trends, keywords co-occurrence analysis, document analysis and countries/regions analysis. This review paper identified three main research gaps in OL and EWB in the CI, namely, project management, technology innovation and people orientation. It also proposes “OL-EWB in the CI”' mechanisms and a theoretical framework to guide future research directions. Originality/value This review paper theoretically fills the gap in the lack of research summarizing OL and EWB in the CI and provides research gaps and trends for achieving a win-win situation for both companies and employees.",Scopus;Originality;Bibliometrics;Inclusion (mineral);Scientometrics;Value (mathematics);Knowledge management;Sociology;Computer science;Political science;Library science;MEDLINE;Social science;Qualitative research,Scopus;Originality;Bibliometrics;Inclusion (mineral);Scientometrics;Value (mathematics);Knowledge management;Sociology;Computer science;Political science;Library science;MEDLINE;Social science;Qualitative research;Law;Machine learning,https://openalex.org/W150292108;https://openalex.org/W1549434630;https://openalex.org/W1646074461;https://openalex.org/W1966148851;https://openalex.org/W1980316873;https://openalex.org/W2002117144;https://openalex.org/W2009063551;https://openalex.org/W2009634663;https://openalex.org/W2016170447;https://openalex.org/W2021246558;https://openalex.org/W2025297728;https://openalex.org/W2053331055;https://openalex.org/W2075763198;https://openalex.org/W2075808966;https://openalex.org/W2080884491;https://openalex.org/W2089492451;https://openalex.org/W2089694014;https://openalex.org/W2099834702;https://openalex.org/W2120338065;https://openalex.org/W2122231431;https://openalex.org/W2124713825;https://openalex.org/W2133698430;https://openalex.org/W2145535121;https://openalex.org/W2150220236;https://openalex.org/W2150790720;https://openalex.org/W2154418368;https://openalex.org/W2166739785;https://openalex.org/W2176249530;https://openalex.org/W2233781351;https://openalex.org/W2259178252;https://openalex.org/W2315201205;https://openalex.org/W2486654687;https://openalex.org/W2494011464;https://openalex.org/W2523459871;https://openalex.org/W2530711956;https://openalex.org/W2603378592;https://openalex.org/W2742493246;https://openalex.org/W2770213299;https://openalex.org/W2777732035;https://openalex.org/W2789072077;https://openalex.org/W2806125050;https://openalex.org/W2903619742;https://openalex.org/W2943464177;https://openalex.org/W2946510384;https://openalex.org/W2971929189;https://openalex.org/W2972666175;https://openalex.org/W2999075529;https://openalex.org/W3006602334;https://openalex.org/W3135391477;https://openalex.org/W3148640166;https://openalex.org/W3160856016;https://openalex.org/W3207126550;https://openalex.org/W4214628726;https://openalex.org/W4225296409;https://openalex.org/W4239089446;https://openalex.org/W4281744085;https://openalex.org/W4285594926;https://openalex.org/W4306895283;https://openalex.org/W4308723532;https://openalex.org/W4310215791;https://openalex.org/W4313897987;https://openalex.org/W4318478037;https://openalex.org/W4319068333;https://openalex.org/W4367313295;https://openalex.org/W4377838064,,False,ISI,,"Shi J, 2023, Journal of Engineering Design and Technology","Shi J, 2023, Journal of Engineering Design and Technology"
https://openalex.org/W2096065408,10.6182/jlis.2012.10(2).001,Tracking Scientometric Research in Taiwan Using Bibliometric and Content Analysis,2012,NTUR (臺灣機構典藏),NTUR (臺灣機構典藏),12,article,en,,,,,Chang Y,Yu‐Wei Chang,Fu Jen Catholic University,"his study used bibliometric analysis and content analysis to explore characteristics and trends of scientometric research authored by researchers in Taiwan based on journal articles and theses. The findings indicated that after the first article on scientometrics was published in 1987, an increasing trend was observed in the number of scientometric-related publications after 2000, indicating that scientometric research received more attention in recent years. The scope of disciplines of researchers was broad, and the number of disciplines continued to increase. This confirms the interdisciplinary nature of scientometric research with relationships that cross over different areas. From the perspective of the authors’ disciplines, the largest percentage of the authors were from the fields of library and information science (LIS), followed by business and management, and medical science, but a considerable drop in number was observed in the percentage of LIS. In addition, co-authored articles were dominant. Over half of these articles were classified as inter-institutional collaboration and exhibited a steadily increasing trend. The number of interdisciplinary articles also exhibited an upward trend. Most of the research topics focused on citation analysis and characteristic of literature. The same trends were also found in the top two research methods: general bibliometric analysis and citation analysis. Due to the interdisciplinary nature of scientometric research, the academic backgrounds of the researchers would naturally be diverse. Given this characteristic, this study suggests that the relationship between disciplines of researchers and research topics can be further explored.",Bibliometrics;Information retrieval;Computer science;Library science,Bibliometrics;Information retrieval;Computer science;Library science,https://openalex.org/W6609858;https://openalex.org/W1577162051;https://openalex.org/W1748191112;https://openalex.org/W1767663529;https://openalex.org/W1806724978;https://openalex.org/W1858317710;https://openalex.org/W1888811121;https://openalex.org/W1979217912;https://openalex.org/W2005973808;https://openalex.org/W2026247589;https://openalex.org/W2046852280;https://openalex.org/W2099095131;https://openalex.org/W2137818458,,True,ISI,,"Chang Y, 2012, NTUR (臺灣機構典藏)","Chang Y, 2012, NTUR (臺灣機構典藏)"
https://openalex.org/W4388823429,10.3390/wevj14110314,Managing Transitions to Autonomous and Electric Vehicles: Scientometric and Bibliometric Review,2023,World Electric Vehicle Journal,World Electric Vehicle Journal,14,article,en,14,11,314,314,Todorović M;Aldakkhelallah A;Simić M,Milan Todorović;Abdulaziz Aldakkhelallah;Milan Simić,RMIT University;RMIT University;RMIT University,"This paper presents a scientometric and bibliometric literature review of the research on transitions to autonomous and electric vehicles. We discuss the main characteristics, evolution, and various transitional issues, identifying potential trends for future research. The Scopus and WoS search for relevant research articles generated a corpus of 4693 articles, which we analyzed using VOSviewer visualization software. This result shows that the transition research is interdisciplinary, with 54 scientific areas identified. Analysis requires an understanding of the broader aspects of the automotive industry, trends related to sustainability, environment protection, road safety, public policies, market factors and other business, and legal and management issues. This study highlights the need for more research to address the challenges of this global transition in the automotive industry. Topics for future research are constant improvements in AI algorithms used in AVs, innovations in green energy sources, and storage solutions for EVs. This is leading to new innovative business models and platforms. Further to that, the conclusion is that the impact of the transition to a shared economy, the emergency of mobility as a service, and public acceptance of the technology have to be comprehensively considered. The vehicle of the future is seen as a smart electric car, running on green energy, and utilizing various levels of automation up to full autonomy.",Automotive industry;Scopus;Sustainability;Automation;Computer science;Autonomy;Electric cars;Data science;Business;Engineering management;Knowledge management;Engineering;Political science,Automotive industry;Scopus;Sustainability;Automation;Computer science;Autonomy;Electric cars;Data science;Business;Engineering management;Knowledge management;Engineering;Political science;Ecology;Biology;MEDLINE;Mechanical engineering;Electrical engineering;Aerospace engineering;Law,https://openalex.org/W1509498706;https://openalex.org/W2080222100;https://openalex.org/W2514589962;https://openalex.org/W2751448164;https://openalex.org/W2775051594;https://openalex.org/W2795976486;https://openalex.org/W2809365927;https://openalex.org/W2898276339;https://openalex.org/W2948501645;https://openalex.org/W2955835297;https://openalex.org/W2967825425;https://openalex.org/W3006781006;https://openalex.org/W3007181818;https://openalex.org/W3011281030;https://openalex.org/W3017133547;https://openalex.org/W3118643266;https://openalex.org/W3134005245;https://openalex.org/W3144543375;https://openalex.org/W3157102144;https://openalex.org/W3179715996;https://openalex.org/W3191085100;https://openalex.org/W4281260660;https://openalex.org/W4285208485;https://openalex.org/W4286340174;https://openalex.org/W4289731386;https://openalex.org/W4362506937;https://openalex.org/W4386423291;https://openalex.org/W6744383768;https://openalex.org/W6838838793,,True,ISI,,"Todorović M, 2023, World Electric Vehicle Journal","Todorović M, 2023, World Electric Vehicle Journal"
https://openalex.org/W2032402175,10.1002/asi.21602,The cognitive structure of Library and Information Science: Analysis of article title words,2011,Journal of the American Society for Information Science and Technology,Journal of the American Society for Information Science and Technology,187,article,en,62,10,1933,1953,Milojević S;R. Sugimoto C;Yan E;Ding Y,Staša Milojević;Cassidy R. Sugimoto;Erjia Yan;Ying Ding,Indiana University Bloomington;Indiana University Bloomington;Indiana University Bloomington;Indiana University Bloomington,"Abstract This study comprises a suite of analyses of words in article titles in order to reveal the cognitive structure of Library and Information Science (LIS). The use of title words to elucidate the cognitive structure of LIS has been relatively neglected. The present study addresses this gap by performing (a) co‐word analysis and hierarchical clustering, (b) multidimensional scaling, and (c) determination of trends in usage of terms. The study is based on 10,344 articles published between 1988 and 2007 in 16 LIS journals. Methodologically, novel aspects of this study are: (a) its large scale, (b) removal of non‐specific title words based on the “word concentration” measure (c) identification of the most frequent terms that include both single words and phrases, and (d) presentation of the relative frequencies of terms using “heatmaps”. Conceptually, our analysis reveals that LIS consists of three main branches: the traditionally recognized library‐related and information‐related branches, plus an equally distinct bibliometrics/scientometrics branch. The three branches focus on: libraries, information, and science, respectively. In addition, our study identifies substructures within each branch. We also tentatively identify “information seeking behavior” as a branch that is establishing itself separate from the three main branches. Furthermore, we find that cognitive concepts in LIS evolve continuously, with no stasis since 1992. The most rapid development occurred between 1998 and 2001, influenced by the increased focus on the Internet. The change in the cognitive landscape is found to be driven by the emergence of new information technologies, and the retirement of old ones.",Multidimensional scaling;Computer science;Scientometrics;Bibliometrics;Focus (optics);Cognition;Information retrieval;Cluster analysis;Information science;Hierarchical clustering;Data science;Psychology;Artificial intelligence;Library science,Multidimensional scaling;Computer science;Scientometrics;Bibliometrics;Focus (optics);Cognition;Information retrieval;Cluster analysis;Information science;Hierarchical clustering;Data science;Psychology;Artificial intelligence;Library science;Optics;Physics;Neuroscience;Machine learning,https://openalex.org/W135528467;https://openalex.org/W423119105;https://openalex.org/W1483400496;https://openalex.org/W1488111828;https://openalex.org/W1490781083;https://openalex.org/W1535265524;https://openalex.org/W1553982186;https://openalex.org/W1573697696;https://openalex.org/W1593334067;https://openalex.org/W1956559956;https://openalex.org/W1969949383;https://openalex.org/W1971784203;https://openalex.org/W1978208092;https://openalex.org/W1985690616;https://openalex.org/W1987651771;https://openalex.org/W2001616711;https://openalex.org/W2008331969;https://openalex.org/W2016364797;https://openalex.org/W2017680781;https://openalex.org/W2018232657;https://openalex.org/W2018945020;https://openalex.org/W2021456039;https://openalex.org/W2028015998;https://openalex.org/W2028663150;https://openalex.org/W2029088861;https://openalex.org/W2029589091;https://openalex.org/W2031157856;https://openalex.org/W2037803704;https://openalex.org/W2037933327;https://openalex.org/W2038383538;https://openalex.org/W2041433379;https://openalex.org/W2049852578;https://openalex.org/W2050381689;https://openalex.org/W2057561494;https://openalex.org/W2062985523;https://openalex.org/W2066306743;https://openalex.org/W2068557399;https://openalex.org/W2072897447;https://openalex.org/W2082847960;https://openalex.org/W2083671502;https://openalex.org/W2092669241;https://openalex.org/W2103918763;https://openalex.org/W2117250755;https://openalex.org/W2118645678;https://openalex.org/W2125660293;https://openalex.org/W2131889330;https://openalex.org/W2142455524;https://openalex.org/W2147459514;https://openalex.org/W2148204985;https://openalex.org/W2149375564;https://openalex.org/W2151395859;https://openalex.org/W2153222072;https://openalex.org/W2164856000;https://openalex.org/W2168865631;https://openalex.org/W2172197065;https://openalex.org/W2218954903;https://openalex.org/W2319660501;https://openalex.org/W2325227998;https://openalex.org/W2330114716;https://openalex.org/W2406578529;https://openalex.org/W2419855493;https://openalex.org/W2484825220;https://openalex.org/W2487779721;https://openalex.org/W2802663553;https://openalex.org/W2913629091;https://openalex.org/W2945396417;https://openalex.org/W2950319932;https://openalex.org/W3216833688;https://openalex.org/W4229856950;https://openalex.org/W4235943384;https://openalex.org/W4236075453;https://openalex.org/W4240151915;https://openalex.org/W4248450049;https://openalex.org/W4249125136;https://openalex.org/W4250597972;https://openalex.org/W4253987360;https://openalex.org/W4254091289;https://openalex.org/W4285719527,,False,ISI,,"Milojević S, 2011, Journal of the American Society for Information Science and Technology","Milojević S, 2011, Journal of the American Society for Information Science and Technology"
https://openalex.org/W2121366823,,BIBLIOMETRIC AND SCIENTOMETRIC STUDIES IN PHYSICS AND ENGINEERING: RECENT TEN YEARS ANALYSIS,2009,E-LIS Repository (University of Naples Federico II),E-LIS Repository (University of Naples Federico II),11,article,en,,,,,S.Ananth Kumara A;R. Prakasan E;Mohan L;S. Kademani B;Kumar V,A.Sankar S.Ananth Kumara;E. R. Prakasan;Lalit Mohan;B. S. Kademani;Vijai Kumar,Bhabha Atomic Research Centre,"This paper analyses the growth and development of Bibliometric and scientometric research in physics and engineering field as per INSPEC database (1999-2008). During 1999-2008 a total of 1677 papers were published in the field. The average number of publications published per year was 167.7 the highest number of papers 296 were published in 2006. Authorship and collaboration trend was towards multi-authored papers. There were 1100 collaborative papers. National Institute of Science, Technology &amp; Development Studies, New Delhi (India), and College of Information Science &amp; Technology, Drexel University, Philadelphia, PA (USA) were the highly contributed institutions with 23 publications each followed by Sch. of Comput. &amp; Inf. Tech., Wolverhampton Univ. (UK) with 20 publications, University of Western (Fac. of Inf. &amp; Media Studies), Ontario (Canada) with 19 publications, Office of Naval Res., Arlington (USA) with 17 publications and Bhabha Atomic Research Centre (Scientific Information Resource Div.), Mumbai (India) with 14 publications. The most prolific authors were: Thelwall-M (Univ. of Wolverhampton, Wolverhampton, UK) with 32 publications, Rousseau-R (Ind. Sci. &amp; Technol., KHBO, Oostende, Belgium) with 29 publications, Egghe-L (Hasselt Univ., Diepenbeek, Belgium) with 25 publications. The most preferred journals by the Bibliometric and scientometric researchers were: Scientometrics with 291 publications, Journal-ofthe- American-Society-for-Information-Science with 149 publications, Journal-of-the-China-Societyfor-Scientific-and-Technical-Information with 55 publications and Information-Processing-and-Management with 52 publications. The high frequency keywords were: citation-analysis (265), bibliometrics (102), bibliometric-analysis (100), Internet (75), information-retrieval (69), informationscience (59).",Library science;Bibliometrics;Scientometrics;China;Web of science;Citation analysis;Citation;Geography;Political science;MEDLINE;Computer science;Archaeology,Library science;Bibliometrics;Scientometrics;China;Web of science;Citation analysis;Citation;Geography;Political science;MEDLINE;Computer science;Archaeology;Law,https://openalex.org/W82162612;https://openalex.org/W90369537;https://openalex.org/W135391803;https://openalex.org/W1516942161;https://openalex.org/W1535888588;https://openalex.org/W1687840423;https://openalex.org/W1779635721;https://openalex.org/W1812103719;https://openalex.org/W1979217912;https://openalex.org/W2042977267;https://openalex.org/W2252528401;https://openalex.org/W2275696275;https://openalex.org/W2541000293;https://openalex.org/W2952041913,,True,ISI,,"S.Ananth Kumara A, 2009, E-LIS Repository (University of Naples Federico II)","S.Ananth Kumara A, 2009, E-LIS Repository (University of Naples Federico II)"
https://openalex.org/W2150220236,10.1007/s11192-009-0146-3,"Software survey: VOSviewer, a computer program for bibliometric mapping",2009,Scientometrics,Scientometrics,19372,article,en,84,2,523,538,Jan van Eck N;Waltman L,Nees Jan van Eck;Ludo Waltman,Erasmus University Rotterdam;Leiden University;Erasmus University Rotterdam;Leiden University,"We present VOSviewer, a freely available computer program that we have developed for constructing and viewing bibliometric maps. Unlike most computer programs that are used for bibliometric mapping, VOSviewer pays special attention to the graphical representation of bibliometric maps. The functionality of VOSviewer is especially useful for displaying large bibliometric maps in an easy-to-interpret way. The paper consists of three parts. In the first part, an overview of VOSviewer's functionality for displaying bibliometric maps is provided. In the second part, the technical implementation of specific parts of the program is discussed. Finally, in the third part, VOSviewer's ability to handle large maps is demonstrated by using the program to construct and display a co-citation map of 5,000 major scientific journals.",Computer science;Construct (python library);Bibliometrics;Citation;Software;Representation (politics);Data science;World Wide Web,Computer science;Construct (python library);Bibliometrics;Citation;Software;Representation (politics);Data science;World Wide Web;Law;Political science;Politics;Programming language,https://openalex.org/W204885769;https://openalex.org/W1585065401;https://openalex.org/W1704958401;https://openalex.org/W1734878544;https://openalex.org/W1749485691;https://openalex.org/W1947595544;https://openalex.org/W1975409653;https://openalex.org/W1995587687;https://openalex.org/W2002227306;https://openalex.org/W2008331969;https://openalex.org/W2012521459;https://openalex.org/W2043976122;https://openalex.org/W2045108252;https://openalex.org/W2059599755;https://openalex.org/W2072840758;https://openalex.org/W2075220720;https://openalex.org/W2079090652;https://openalex.org/W2095972207;https://openalex.org/W2096123611;https://openalex.org/W2100080715;https://openalex.org/W2100484636;https://openalex.org/W2101275184;https://openalex.org/W2105546352;https://openalex.org/W2106336702;https://openalex.org/W2118623738;https://openalex.org/W2123455699;https://openalex.org/W2129800764;https://openalex.org/W2138150506;https://openalex.org/W2145978555;https://openalex.org/W2148398225;https://openalex.org/W2167482691;https://openalex.org/W2491663862;https://openalex.org/W2492190951;https://openalex.org/W2495084345;https://openalex.org/W2571077957;https://openalex.org/W2949876241;https://openalex.org/W2951923752;https://openalex.org/W3122100588;https://openalex.org/W3125534699;https://openalex.org/W4205622916;https://openalex.org/W4233941003;https://openalex.org/W4234292554;https://openalex.org/W4237145399;https://openalex.org/W4238591974;https://openalex.org/W4256379048;https://openalex.org/W4291733759;https://openalex.org/W6634801741;https://openalex.org/W6723345642,20585380,True,ISI,,"Jan van Eck N, 2009, Scientometrics","Jan van Eck N, 2009, Scientometrics"
https://openalex.org/W2080920030,10.1002/asi.1176,The non‐Gaussian nature of bibliometric and scientometric distributions: A new approach to interpretation,2001,Journal of the American Society for Information Science and Technology,Journal of the American Society for Information Science and Technology,13,article,en,52,13,1100,1105,Ivancheva L,Ludmila Ivancheva,Bulgarian Academy of Sciences,"Abstract An attempt has been made to give an answer to the question: Why do most bibliometric and scientometric laws reveal characters of Non‐Gaussian distributions, i.e., have unduly long “tails”? We tried to apply the approach of the so‐called “Universal Law,” discovered by G. Stankov ( 1997 , 1998 ). The basic principle we have used here is that of the reciprocity of energy and space. A new “wave concept” of scientific information has been propounded, in which terms the well‐known bibliometric and scientometric distributions find a rather satisfactory explanation. One of the made corollaries is that α = 1 is the most reasonable value for the family of Zipf laws, applied to information or social phenomena.",Zipf's law;Scientometrics;Interpretation (philosophy);Reciprocity (cultural anthropology);Gaussian;Statistical physics;Computer science;Mathematics;Mathematical economics;Sociology;Statistics;Social science;Physics,Zipf's law;Scientometrics;Interpretation (philosophy);Reciprocity (cultural anthropology);Gaussian;Statistical physics;Computer science;Mathematics;Mathematical economics;Sociology;Statistics;Social science;Physics;Programming language;Quantum mechanics,https://openalex.org/W1525068132;https://openalex.org/W1585040575;https://openalex.org/W1974428212;https://openalex.org/W1999947562;https://openalex.org/W2008476021;https://openalex.org/W2018111821;https://openalex.org/W2023754051;https://openalex.org/W2036671379;https://openalex.org/W2038412161;https://openalex.org/W2040610317;https://openalex.org/W2054342105;https://openalex.org/W2070167231;https://openalex.org/W2079656678;https://openalex.org/W2080450835;https://openalex.org/W2156539182;https://openalex.org/W2167651468;https://openalex.org/W2312979272;https://openalex.org/W2330114716;https://openalex.org/W2335461596;https://openalex.org/W2463095032;https://openalex.org/W2588215197;https://openalex.org/W2752600643;https://openalex.org/W2992158480;https://openalex.org/W3142632021;https://openalex.org/W4237060688;https://openalex.org/W4237434898;https://openalex.org/W4238074893;https://openalex.org/W4238243588;https://openalex.org/W4248343126;https://openalex.org/W4292887282,,False,ISI,,"Ivancheva L, 2001, Journal of the American Society for Information Science and Technology","Ivancheva L, 2001, Journal of the American Society for Information Science and Technology"
https://openalex.org/W4280534753,10.1007/s11192-022-04325-6,Reframing evidence in evidence-based policy making and role of bibliometrics: toward transdisciplinary scientometric research,2022,Scientometrics,Scientometrics,15,article,en,127,9,5571,5585,Kajikawa Y,Yuya Kajikawa,Tokyo Institute of Technology;The University of Tokyo,,Bibliometrics;Scientometrics;Context (archaeology);Cognitive reframing;Science policy;Evidence-based policy;Data science;Sociology;Management science;Regional science;Social science;Knowledge management;Political science;Computer science;Library science;Public administration;Economics;Psychology;Geography,Bibliometrics;Scientometrics;Context (archaeology);Cognitive reframing;Science policy;Evidence-based policy;Data science;Sociology;Management science;Regional science;Social science;Knowledge management;Political science;Computer science;Library science;Public administration;Economics;Psychology;Geography;Medicine;Social psychology;Pathology;Alternative medicine;Archaeology,https://openalex.org/W1548754865;https://openalex.org/W1609383899;https://openalex.org/W1924759704;https://openalex.org/W1930426158;https://openalex.org/W1965350231;https://openalex.org/W1972694920;https://openalex.org/W1973867393;https://openalex.org/W1976823095;https://openalex.org/W1978034499;https://openalex.org/W1983164243;https://openalex.org/W1983285846;https://openalex.org/W2005098341;https://openalex.org/W2009284938;https://openalex.org/W2010237361;https://openalex.org/W2011783103;https://openalex.org/W2012055243;https://openalex.org/W2021379602;https://openalex.org/W2025122215;https://openalex.org/W2033183405;https://openalex.org/W2040229275;https://openalex.org/W2042382179;https://openalex.org/W2042549570;https://openalex.org/W2045108252;https://openalex.org/W2054473834;https://openalex.org/W2055800293;https://openalex.org/W2068298920;https://openalex.org/W2068452509;https://openalex.org/W2088816594;https://openalex.org/W2100484636;https://openalex.org/W2100602190;https://openalex.org/W2113880439;https://openalex.org/W2124611226;https://openalex.org/W2133674425;https://openalex.org/W2147109252;https://openalex.org/W2149012213;https://openalex.org/W2152794177;https://openalex.org/W2157800154;https://openalex.org/W2158413506;https://openalex.org/W2158468718;https://openalex.org/W2163354434;https://openalex.org/W2196703117;https://openalex.org/W2207112134;https://openalex.org/W2492190951;https://openalex.org/W2507169601;https://openalex.org/W2512767030;https://openalex.org/W2519857476;https://openalex.org/W2585057539;https://openalex.org/W2607927467;https://openalex.org/W2739279943;https://openalex.org/W2754990121;https://openalex.org/W2780300400;https://openalex.org/W2785900109;https://openalex.org/W2788599216;https://openalex.org/W2803389808;https://openalex.org/W2888247154;https://openalex.org/W2953237954;https://openalex.org/W3015963626;https://openalex.org/W3021299056;https://openalex.org/W3093268114;https://openalex.org/W3204279168;https://openalex.org/W4234292554;https://openalex.org/W4243937907;https://openalex.org/W4253608092;https://openalex.org/W4255497883,,False,ISI,,"Kajikawa Y, 2022, Scientometrics","Kajikawa Y, 2022, Scientometrics"
https://openalex.org/W4375951415,10.1108/bepam-11-2022-0179,"Bibliometric analysis, scientometrics and metasynthesis of Internet of Things (IoT) in smart buildings",2023,Built Environment Project and Asset Management,Built Environment Project and Asset Management,13,article,en,13,5,646,665,Lot Tanko B;Essah E;Elijah O;Paul Zakka W;Klufallah M,Bruno Lot Tanko;Emmanuel Essah;Olakunle Elijah;Wyom Paul Zakka;Mustafa Klufallah,University of Reading;University of Technology Malaysia;University of Technology Malaysia,"Purpose The Internet of Things has made the shift to the digital era possible, even though the Architecture, Engineering and Construction (AEC) sector has not embraced nor integrated it within the core functions compared to other sectors. The need to enhance sustainable construction with the adoption of Internet of Things in this sector cannot be overemphasized. However, the real-world applications of Internet of Things in smart buildings remain relatively unexplored in the AEC sector due to several issues related to deployment and energy-saving potentials. Given these challenges, this paper proposes to identify the present state of development and research in Internet of Things and smart buildings, identify Internet of Things clusters and applications in smart buildings. Design/methodology/approach Bibliometric analyses of papers from 2010 to 2023 using the Scopus database and scientometric evaluations using the VosViewer software were undertaken. The proper search keyword was identified by using the phrases “ Internet of Things” and “Smart Building”. A total of 1158 documents in all, written by 3540 different writers, representing 2285 different institutions from 97 different countries were looked at. A metasynthesis was conducted and a system of Internet of Things applications in a smart building is illustrated. Findings The development of IoT and Smart Buildings is done in two phases: initiation (2010–2012) and development phase (2013–2023). The IoT clusters comprised Internet of things, energy efficiency, intelligent buildings, smart buildings and automation; while the most commonly used applications were analysed and established. The study also determined the productive journals, documents, authors and countries. Research limitations/implications Documents published in the Scopus database from 2010 to 2023 were considered for the bibliometric analysis. Journal articles, conference papers, reviews, books and book chapters written in English language represent the inclusion criteria, while articles in press, conference reviews, letters, editorials, undefined sources and all medical and health publications were excluded. Practical implications The results of this study will be used by construction stakeholders and policymakers to identify key themes and applications in IoT-enabled smart buildings and to guide future research in the policymaking process of asset management. Originality/value The study utilised bibliometric analysis, scientometrics and metasynthesis to investigate Internet of things applications in smart buildings. The study identified Internet of things clusters and applications for smart building design and construction.",Internet of Things;Software deployment;The Internet;Computer science;Building automation;Automation;Scientometrics;Architectural engineering;World Wide Web;Data science;Engineering;Software engineering,Internet of Things;Software deployment;The Internet;Computer science;Building automation;Automation;Scientometrics;Architectural engineering;World Wide Web;Data science;Engineering;Software engineering;Physics;Mechanical engineering;Thermodynamics,https://openalex.org/W1747229408;https://openalex.org/W2000508440;https://openalex.org/W2034847404;https://openalex.org/W2150220236;https://openalex.org/W2156098321;https://openalex.org/W2328264626;https://openalex.org/W2521054263;https://openalex.org/W2529556398;https://openalex.org/W2568808500;https://openalex.org/W2587541018;https://openalex.org/W2592405394;https://openalex.org/W2623902153;https://openalex.org/W2755207117;https://openalex.org/W2756641840;https://openalex.org/W2757253311;https://openalex.org/W2766881562;https://openalex.org/W2768670573;https://openalex.org/W2772366331;https://openalex.org/W2773405152;https://openalex.org/W2775539839;https://openalex.org/W2783850388;https://openalex.org/W2784033730;https://openalex.org/W2789505547;https://openalex.org/W2790270458;https://openalex.org/W2790887126;https://openalex.org/W2803605202;https://openalex.org/W2804138105;https://openalex.org/W2806576037;https://openalex.org/W2806729898;https://openalex.org/W2811245964;https://openalex.org/W2885580664;https://openalex.org/W2887531392;https://openalex.org/W2889721776;https://openalex.org/W2889917776;https://openalex.org/W2903283826;https://openalex.org/W2908549385;https://openalex.org/W2909008700;https://openalex.org/W2911486904;https://openalex.org/W2912761558;https://openalex.org/W2926519916;https://openalex.org/W2944228011;https://openalex.org/W2947792168;https://openalex.org/W2950298232;https://openalex.org/W2950343382;https://openalex.org/W2952104003;https://openalex.org/W2981247968;https://openalex.org/W2990100556;https://openalex.org/W2996325791;https://openalex.org/W3003266187;https://openalex.org/W3008865430;https://openalex.org/W3014640470;https://openalex.org/W3016293000;https://openalex.org/W3017555191;https://openalex.org/W3023686478;https://openalex.org/W3029130040;https://openalex.org/W3031341768;https://openalex.org/W3036834565;https://openalex.org/W3045604743;https://openalex.org/W3087697696;https://openalex.org/W3088011528;https://openalex.org/W3099000103;https://openalex.org/W3099019051;https://openalex.org/W3101507902;https://openalex.org/W3106393161;https://openalex.org/W3106683057;https://openalex.org/W3109070915;https://openalex.org/W3119670611;https://openalex.org/W3126386127;https://openalex.org/W3128196925;https://openalex.org/W3134102738;https://openalex.org/W3140828311;https://openalex.org/W3155145973;https://openalex.org/W3164648760;https://openalex.org/W3171756682;https://openalex.org/W3195771398;https://openalex.org/W3198996469;https://openalex.org/W3199489311;https://openalex.org/W4200387738;https://openalex.org/W4200625063;https://openalex.org/W4206612442;https://openalex.org/W4214849768;https://openalex.org/W4224932083;https://openalex.org/W4281731250;https://openalex.org/W4282968861;https://openalex.org/W4283371047;https://openalex.org/W4283768456;https://openalex.org/W4292085628;https://openalex.org/W4293581259;https://openalex.org/W4306894608;https://openalex.org/W4308143453;https://openalex.org/W4320168984;https://openalex.org/W4327620141;https://openalex.org/W4352978919;https://openalex.org/W6764049915,,True,ISI,,"Lot Tanko B, 2023, Built Environment Project and Asset Management","Lot Tanko B, 2023, Built Environment Project and Asset Management"
https://openalex.org/W2123455699,10.1016/j.joi.2009.03.009,From the science of science to Scientometrics visualizing the history of science with HistCite software,2009,Journal of Informetrics,Journal of Informetrics,448,article,en,3,3,173,179,Garfield E,Eugene Garfield,Technicolor (United States),,Scientometrics;Bibliometrics;Science Citation Index;Field (mathematics);Citation;Computer science;Library science;Mathematics,Scientometrics;Bibliometrics;Science Citation Index;Field (mathematics);Citation;Computer science;Library science;Mathematics;Pure mathematics,https://openalex.org/W421174974;https://openalex.org/W1505648093;https://openalex.org/W1546171873;https://openalex.org/W1765921954;https://openalex.org/W1964137952;https://openalex.org/W1976620775;https://openalex.org/W2010077880;https://openalex.org/W2015720094;https://openalex.org/W2058693537;https://openalex.org/W2088209891;https://openalex.org/W2124949857;https://openalex.org/W2130548493;https://openalex.org/W2135696593;https://openalex.org/W2151530181;https://openalex.org/W2275696275;https://openalex.org/W2322545464;https://openalex.org/W2322638376;https://openalex.org/W2411263438;https://openalex.org/W2921346441;https://openalex.org/W4285719527;https://openalex.org/W6637623960;https://openalex.org/W6695147765;https://openalex.org/W6714725093,,False,ISI,,"Garfield E, 2009, Journal of Informetrics","Garfield E, 2009, Journal of Informetrics"
https://openalex.org/W2090908686,10.1007/s11192-007-2002-7,A hybrid mapping of information science,2008,Scientometrics,Scientometrics,100,article,en,75,3,607,631,Janssens F;Glänzel W;De Moor B,Frizo Janssens;Wolfgang Glänzel;Bart De Moor,KU Leuven;KU Leuven;Hungarian Academy of Sciences;KU Leuven,,Cluster analysis;Scientometrics;Computer science;Field (mathematics);Bibliometrics;Information retrieval;Webometrics;Data mining;Clustering high-dimensional data;Representation (politics);Data science;Artificial intelligence;Mathematics;World Wide Web,Cluster analysis;Scientometrics;Computer science;Field (mathematics);Bibliometrics;Information retrieval;Webometrics;Data mining;Clustering high-dimensional data;Representation (politics);Data science;Artificial intelligence;Mathematics;World Wide Web;Politics;Pure mathematics;Law;Political science,https://openalex.org/W26269123;https://openalex.org/W146900863;https://openalex.org/W955308943;https://openalex.org/W1493454437;https://openalex.org/W1502432690;https://openalex.org/W1527781663;https://openalex.org/W1574901103;https://openalex.org/W1660390307;https://openalex.org/W1815110991;https://openalex.org/W1956559956;https://openalex.org/W1970859146;https://openalex.org/W1971784203;https://openalex.org/W1983948274;https://openalex.org/W1987971958;https://openalex.org/W1999345637;https://openalex.org/W1999649023;https://openalex.org/W2001616711;https://openalex.org/W2004152272;https://openalex.org/W2012161431;https://openalex.org/W2013387118;https://openalex.org/W2016381774;https://openalex.org/W2031317221;https://openalex.org/W2052621018;https://openalex.org/W2063389953;https://openalex.org/W2072773380;https://openalex.org/W2072840758;https://openalex.org/W2098162425;https://openalex.org/W2108346334;https://openalex.org/W2116780029;https://openalex.org/W2131889330;https://openalex.org/W2136231993;https://openalex.org/W2147152072;https://openalex.org/W2319660501;https://openalex.org/W2325227998;https://openalex.org/W2519197830;https://openalex.org/W2797884775;https://openalex.org/W2999729612;https://openalex.org/W4252605074;https://openalex.org/W4392051461;https://openalex.org/W6640862754,,False,ISI,,"Janssens F, 2008, Scientometrics","Janssens F, 2008, Scientometrics"
https://openalex.org/W2795225147,,"Informetrics 89/90. Proceedings of the second international Conference on Bibliometrics, Scientometrics and Informetrics London",1991,Document Server@UHasselt (UHasselt),Document Server@UHasselt (UHasselt),1,book,en,,,,,Egghe L;Rousseau R,Leo Egghe;Ronald Rousseau,,,Informetrics;Scientometrics;Bibliometrics;Library science;Computer science,Informetrics;Scientometrics;Bibliometrics;Library science;Computer science,,,False,ISI,,"Egghe L, 1991, Document Server@UHasselt (UHasselt)","Egghe L, 1991, Document Server@UHasselt (UHasselt)"
https://openalex.org/W1981194927,10.1007/bf02016288,A scientometric cognitive study of neural network research: Expert mental maps versus bibliometric maps,1993,Scientometrics,Scientometrics,27,article,en,28,1,111,136,Tijssen R,Robert Tijssen,Leiden University,,Mental mapping;Field (mathematics);Computer science;Premise;Data science;Bibliometrics;Subject (documents);Construct (python library);Concept map;Set (abstract data type);Scientific literature;Information retrieval;Artificial intelligence;Data mining;Psychology;Cognitive psychology;Mathematics,Mental mapping;Field (mathematics);Computer science;Premise;Data science;Bibliometrics;Subject (documents);Construct (python library);Concept map;Set (abstract data type);Scientific literature;Information retrieval;Artificial intelligence;Data mining;Psychology;Cognitive psychology;Mathematics;Pure mathematics;Biology;Paleontology;Library science;Programming language;Linguistics;Philosophy,https://openalex.org/W815954653;https://openalex.org/W1557998370;https://openalex.org/W1603086384;https://openalex.org/W1989454616;https://openalex.org/W1992499758;https://openalex.org/W1995587687;https://openalex.org/W2000215628;https://openalex.org/W2012861954;https://openalex.org/W2016562869;https://openalex.org/W2031157856;https://openalex.org/W2052756644;https://openalex.org/W2069425556;https://openalex.org/W2073608660;https://openalex.org/W2083343588;https://openalex.org/W2142442281;https://openalex.org/W2147832189;https://openalex.org/W3022102955,,False,ISI,,"Tijssen R, 1993, Scientometrics","Tijssen R, 1993, Scientometrics"
https://openalex.org/W4318832847,10.4103/njcp.njcp_246_22,Graphene on Dentistry: A Bibliometric and Scientometric Analysis,2023,Nigerian Journal of Clinical Practice,Nigerian Journal of Clinical Practice,8,article,en,26,1,65,72,Erdinç G,Gülbahar Erdinç,Karabük University,"Background: Today, the development of dental materials is a very important issue. Graphene has been used in dentistry to strengthen many materials. Aim: The aim of this study was to analyze leading countries and to identify the preferred journals, the most commonly used keywords, and the most productive authors in the field of graphene. Materials and Methods: The search keyword was ""graphene"" on the Web of Science database; the search was restricted to before 2022. The selected search from the Web of Science database included the title of articles, authors, year of publication, country, citation count, and keywords. An analysis was performed regarding citations and documents, authors, journals, and keywords using a bibliometric software program. All articles were evaluated and subjected to scientometric analysis. Results: Twenty six articles were included in the study. There has been a remarkable increase in published articles from past to present, and a regular increase is observed in the number of citations. Dental Materials has highest number of publications among the articles included in the present study. Dr. Rosa, who had the highest number of citations, is also the most effective author. Graphene has many studies in dentistry with different materials. As per the data obtained, graphene, graphene oxide, and peri-implantitis are the most used keywords and Singapore and China are at the forefront of the countries where the articles are published. Conclusion: This bibliometric analysis reveals the progress and trend of research on graphene in dentistry and extensive collaborations between authors, countries, and institutions. The findings of this study can help inspire researchers to plan new studies and collaborate on graphene.",Medicine;Web of science;Bibliometrics;Scopus;Citation analysis;China;Dental research;Citation;MEDLINE;Dentistry;Library science;Computer science;Political science;Meta-analysis;Pathology,Medicine;Web of science;Bibliometrics;Scopus;Citation analysis;China;Dental research;Citation;MEDLINE;Dentistry;Library science;Computer science;Political science;Meta-analysis;Pathology;Law,https://openalex.org/W1976278209;https://openalex.org/W2010971702;https://openalex.org/W2014935324;https://openalex.org/W2037843283;https://openalex.org/W2051607882;https://openalex.org/W2079327424;https://openalex.org/W2093669491;https://openalex.org/W2196720096;https://openalex.org/W2343726445;https://openalex.org/W2415835164;https://openalex.org/W2514677108;https://openalex.org/W2527304415;https://openalex.org/W2600009714;https://openalex.org/W2616892036;https://openalex.org/W2753891136;https://openalex.org/W2766803663;https://openalex.org/W2788057336;https://openalex.org/W2789376119;https://openalex.org/W2791579163;https://openalex.org/W2891933157;https://openalex.org/W2905164869;https://openalex.org/W2912754695;https://openalex.org/W2963349962;https://openalex.org/W2973216964;https://openalex.org/W2974473066;https://openalex.org/W2979314887;https://openalex.org/W2981952907;https://openalex.org/W2987956912;https://openalex.org/W2990938432;https://openalex.org/W2995739889;https://openalex.org/W2996169416;https://openalex.org/W2996370927;https://openalex.org/W3000384522;https://openalex.org/W3015901849;https://openalex.org/W3024940157;https://openalex.org/W3041514436;https://openalex.org/W3091290248;https://openalex.org/W3110923504;https://openalex.org/W3113746655;https://openalex.org/W3167702998;https://openalex.org/W3181837513;https://openalex.org/W3195117444;https://openalex.org/W3197328393;https://openalex.org/W3210097169;https://openalex.org/W4283754558;https://openalex.org/W6777969160;https://openalex.org/W6803566367,36751826,True,ISI,,"Erdinç G, 2023, Nigerian Journal of Clinical Practice","Erdinç G, 2023, Nigerian Journal of Clinical Practice"
https://openalex.org/W1748191112,10.1023/a:1014864827441,"Productivity ratings of institutions based on publication in Scientometrics, Informetrics, and Bibliometrics, 1981–2000",2002,Scientometrics,Scientometrics,14,article,en,53,3,297,307,Uzun A,Ali Uzun,Middle East Technical University,,Library science;Bibliometrics;Scientometrics;Mainstream;Informetrics;Political science;Quarter (Canadian coin);Period (music);Sociology;Social science;History;Law,Library science;Bibliometrics;Scientometrics;Mainstream;Informetrics;Political science;Quarter (Canadian coin);Period (music);Sociology;Social science;History;Law;Physics;Acoustics;Archaeology;Computer science,https://openalex.org/W1971511701;https://openalex.org/W1975024209;https://openalex.org/W1994045724;https://openalex.org/W2042431200;https://openalex.org/W2063234781;https://openalex.org/W2074687884;https://openalex.org/W2095537933;https://openalex.org/W2146677067;https://openalex.org/W4244927281,,False,ISI,,"Uzun A, 2002, Scientometrics","Uzun A, 2002, Scientometrics"
https://openalex.org/W3169904707,10.2139/ssrn.3829897,Artificial Intelligence in Self-Driving Cars Research and Innovation: A Scientometric and Bibliometric Analysis,2021,SSRN Electronic Journal,SSRN Electronic Journal,14,article,en,,,,,Biggi G;Stilgoe J,Gianluca Biggi;Jack Stilgoe,University of Pisa;University College London,,Self driving;Engineering;Regional science;Data science;Geography;Computer science;Transport engineering,Self driving;Engineering;Regional science;Data science;Geography;Computer science;Transport engineering,,,True,ISI,,"Biggi G, 2021, SSRN Electronic Journal","Biggi G, 2021, SSRN Electronic Journal"
https://openalex.org/W7117115950,10.1016/j.ijbiomac.2025.149891,"Trends and developments of starch-based biodegradable polymer blends for use as food packaging with a focus on thermal stability: bibliometric, scientometric, and qualitative analyses from 2019 to 2024",2025,International Journal of Biological Macromolecules,International Journal of Biological Macromolecules,2,article,en,339,Pt 1,149891,149891,Santos de Oliveira J;Santos de Oliveira J;Pereira de Oliveira J;Pereira de Oliveira J;Patrícia de Oliveira C;Martins Veloso C,Jéssica Santos de Oliveira;Jéssica Santos de Oliveira;Jocilane Pereira de Oliveira;Jocilane Pereira de Oliveira;Cristiane Patrícia de Oliveira;Cristiane Martins Veloso,Southwest Bahia State University;Southwest Bahia State University;Southwest Bahia State University;Southwest Bahia State University;Southwest Bahia State University;Southwest Bahia State University,,Context (archaeology);Polymer blend;Biodegradable polymer;Thermal stability;Food packaging;Thermal resistance,Context (archaeology);Materials science;Polymer blend;Biodegradable polymer;Thermal stability;Food packaging;Biochemical engineering;Nanotechnology;Environmental science;Process engineering;Thermal resistance;Polymer;Characterization (materials science);Thermal;Mechanical engineering,https://openalex.org/W2013987007;https://openalex.org/W2025060585;https://openalex.org/W2035693842;https://openalex.org/W2070695791;https://openalex.org/W2082743699;https://openalex.org/W2113056101;https://openalex.org/W2150220236;https://openalex.org/W2164727058;https://openalex.org/W2344598639;https://openalex.org/W2612685152;https://openalex.org/W2769215418;https://openalex.org/W2894109133;https://openalex.org/W2913593112;https://openalex.org/W2946525328;https://openalex.org/W2990075398;https://openalex.org/W3004781136;https://openalex.org/W3033376440;https://openalex.org/W3038050381;https://openalex.org/W3083592198;https://openalex.org/W3084393284;https://openalex.org/W3088175879;https://openalex.org/W3093198620;https://openalex.org/W3096446270;https://openalex.org/W3097865082;https://openalex.org/W3108965747;https://openalex.org/W3120220384;https://openalex.org/W3130042583;https://openalex.org/W3140865707;https://openalex.org/W3145441114;https://openalex.org/W3146142859;https://openalex.org/W3146992019;https://openalex.org/W3147702135;https://openalex.org/W3154185495;https://openalex.org/W3155972197;https://openalex.org/W3156873978;https://openalex.org/W3160115212;https://openalex.org/W3165591163;https://openalex.org/W3180325469;https://openalex.org/W3195829952;https://openalex.org/W3195974636;https://openalex.org/W3201745283;https://openalex.org/W3204552688;https://openalex.org/W3206297474;https://openalex.org/W3209509570;https://openalex.org/W3212057295;https://openalex.org/W3215234950;https://openalex.org/W4200277993;https://openalex.org/W4200418671;https://openalex.org/W4205333984;https://openalex.org/W4224250314;https://openalex.org/W4225114870;https://openalex.org/W4281570877;https://openalex.org/W4281748966;https://openalex.org/W4283172379;https://openalex.org/W4283266405;https://openalex.org/W4285082266;https://openalex.org/W4285299720;https://openalex.org/W4293874877;https://openalex.org/W4294578411;https://openalex.org/W4294946024;https://openalex.org/W4296783752;https://openalex.org/W4313133136;https://openalex.org/W4313236075;https://openalex.org/W4313558025;https://openalex.org/W4320039624;https://openalex.org/W4322207824;https://openalex.org/W4365455960;https://openalex.org/W4367053774;https://openalex.org/W4379207423;https://openalex.org/W4381033593;https://openalex.org/W4385382200;https://openalex.org/W4385773318;https://openalex.org/W4387142992;https://openalex.org/W4387366531;https://openalex.org/W4388261588;https://openalex.org/W4388591560;https://openalex.org/W4389766643;https://openalex.org/W4390919966;https://openalex.org/W4391605462;https://openalex.org/W4391900043;https://openalex.org/W4392028859;https://openalex.org/W4392884695;https://openalex.org/W4393270450;https://openalex.org/W4393857948;https://openalex.org/W4394842446;https://openalex.org/W4395075147;https://openalex.org/W4395956777;https://openalex.org/W4396835361;https://openalex.org/W4398245018;https://openalex.org/W4399369265;https://openalex.org/W4400147079;https://openalex.org/W4400313739;https://openalex.org/W4400387457;https://openalex.org/W4400454329;https://openalex.org/W4400786849;https://openalex.org/W4400798958;https://openalex.org/W4401005522;https://openalex.org/W4401199896;https://openalex.org/W4401271461;https://openalex.org/W4401668140;https://openalex.org/W4401852697;https://openalex.org/W4402059801;https://openalex.org/W4402201526;https://openalex.org/W4402423397;https://openalex.org/W4403039814;https://openalex.org/W4403062527;https://openalex.org/W4403891754;https://openalex.org/W4403971744;https://openalex.org/W4404287968;https://openalex.org/W4404358499;https://openalex.org/W4404413270;https://openalex.org/W4404440657;https://openalex.org/W4406507950;https://openalex.org/W4406808352;https://openalex.org/W4407064960;https://openalex.org/W4409319730;https://openalex.org/W4411256600;https://openalex.org/W4415534704,41453476,False,ISI,,"Santos de Oliveira J, 2025, International Journal of Biological Macromolecules","Santos de Oliveira J, 2025, International Journal of Biological Macromolecules"
https://openalex.org/W1984912724,10.1007/s10668-003-0177-5,The Literature Aftermath Of The Brundtland Report ‘Our Common Future’. A Scientometric Study Based On Citations In Science And Social Science Journals,2005,Environment Development and Sustainability,Environment Development and Sustainability,68,article,en,7,1,1,8,Schubert A;Láng I,A. Schubert;István Láng,Hungarian Academy of Sciences;Hungarian Academy of Sciences,,Science Citation Index;Multidisciplinary approach;Scientometrics;Bibliometrics;Social Sciences Citation Index;Citation analysis;Citation index;Social science;Citation;Geography;Political science;Regional science;Data science;Library science;Sociology;Computer science,Science Citation Index;Multidisciplinary approach;Scientometrics;Bibliometrics;Social Sciences Citation Index;Citation analysis;Citation index;Social science;Citation;Geography;Political science;Regional science;Data science;Library science;Sociology;Computer science,,,False,ISI,,"Schubert A, 2005, Environment Development and Sustainability","Schubert A, 2005, Environment Development and Sustainability"
https://openalex.org/W2297477367,,"ANALYTICAL SURVEY AND MAPPING STRUCTURE OF SCIENTIFIC PUBLICATIONS IN THE BIBLIOMETRICS, SCIENTOMETRICS, INFOMETRICS AND WEBOMETRICS FIELDS IN WEB OF SCIENCE DATABASE DURING 1990-2005",2008,,,2,article,en,11,2,161,182,Hamidi A;Reza Asnafi A;Asareh F,Ali Hamidi;Amir Reza Asnafi;F Asareh,,,Webometrics;Scientometrics;Bibliometrics;Altmetrics;Web of science;Data science;Information retrieval;Computer science;World Wide Web;MEDLINE;Political science,Webometrics;Scientometrics;Bibliometrics;Altmetrics;Web of science;Data science;Information retrieval;Computer science;World Wide Web;MEDLINE;Political science;Law,,,False,ISI,,"Hamidi A, 2008, ","Hamidi A, 2008, "
https://openalex.org/W2602256479,10.1080/08916934.2017.1305361,Is autoimmunology a discipline of its own? A big data-based bibliometric and scientometric analyses,2017,Autoimmunity,Autoimmunity,13,article,en,50,4,269,274,Watad ‬;Luigi Bragazzi N;Adawi M;Amital H;Kivity S;Mahroum N;Blank M;Shoenfeld Y,‬‬‬‬Abdulla Watad;Nicola Luigi Bragazzi;Mohammad Adawi;Howard Amital;Shaye Kivity;Naim Mahroum;Miri Blank;Yehuda Shoenfeld,Tel Aviv University;Sheba Medical Center;University of Genoa;Rebecca Sieff Hospital;Tel Aviv University;Sheba Medical Center;Tel Aviv University;Sheba Medical Center;Tel Aviv University;Sheba Medical Center;Tel Aviv University;Sheba Medical Center;Tel Aviv University;Sheba Medical Center,"Autoimmunology is a super-specialty of immunology specifically dealing with autoimmune disorders. To assess the extant literature concerning autoimmune disorders, bibliometric and scientometric analyses (namely, research topics/keywords co-occurrence, journal co-citation, citations, and scientific output trends - both crude and normalized, authors network, leading authors, countries, and organizations analysis) were carried out using open-source software, namely, VOSviewer and SciCurve. A corpus of 169,519 articles containing the keyword ""autoimmunity"" was utilized, selecting PubMed/MEDLINE as bibliographic thesaurus. Journals specifically devoted to autoimmune disorders were six and covered approximately 4.15% of the entire scientific production. Compared with all the corpus (from 1946 on), these specialized journals have been established relatively few decades ago. Top countries were the United States, Japan, Germany, United Kingdom, Italy, China, France, Canada, Australia, and Israel. Trending topics are represented by the role of microRNAs (miRNAs) in the ethiopathogenesis of autoimmune disorders, contributions of genetics and of epigenetic modifications, role of vitamins, management during pregnancy and the impact of gender. New subsets of immune cells have been extensively investigated, with a focus on interleukin production and release and on Th17 cells. Autoimmunology is emerging as a new discipline within immunology, with its own bibliometric properties, an identified scientific community and specifically devoted journals.",Scientometrics;Extant taxon;Bibliometrics;Scopus;MEDLINE;Citation;Medicine;Library science;Data science;Political science;Biology;Computer science;Evolutionary biology,Scientometrics;Extant taxon;Bibliometrics;Scopus;MEDLINE;Citation;Medicine;Library science;Data science;Political science;Biology;Computer science;Evolutionary biology;Law,https://openalex.org/W1785411827;https://openalex.org/W1969436888;https://openalex.org/W1975518448;https://openalex.org/W1977281038;https://openalex.org/W1982397207;https://openalex.org/W1987410811;https://openalex.org/W1987801744;https://openalex.org/W1990198158;https://openalex.org/W1992901493;https://openalex.org/W2014634821;https://openalex.org/W2039931144;https://openalex.org/W2041067136;https://openalex.org/W2055569351;https://openalex.org/W2063930890;https://openalex.org/W2068832986;https://openalex.org/W2070039529;https://openalex.org/W2078744808;https://openalex.org/W2083716445;https://openalex.org/W2095263280;https://openalex.org/W2183300970;https://openalex.org/W2314567347;https://openalex.org/W2323340883;https://openalex.org/W2400353705;https://openalex.org/W2499384556;https://openalex.org/W2511593041,28332868,False,ISI,,"Watad ‬, 2017, Autoimmunity","Watad ‬, 2017, Autoimmunity"
https://openalex.org/W4390344667,10.14746/ssllt.40221,Bibliometrics and scientometrics in applied linguistics: Epilogue to the special issue,2023,Studies in Second Language Learning and Teaching,Studies in Second Language Learning and Teaching,7,article,en,13,4,925,933,Aryadoust V,Vahid Aryadoust,Nanyang Technological University,"In this paper, I first discuss the field of bibliometrics, which is a quantitative approach to analyzing scholarly publications, and its subfield, scientometrics, which focuses exclusively on scientific literature. I argue that the use of bibliometric methods has been growing in applied linguistics in recent years, and explore the common features between bibliometrics and scientometrics. I will then review the papers published in the special issue on bibliometrics in applied linguistics, which features nine papers on various bibliometric topics. I conclude with suggestions for future research in the field, including the development of scales for measuring perceived prestige, investigation of indicators of influence and a predictive theory for impact of second language (L2) research, and further investigation into the imbalance in the representation of authors based in different parts of the world.",Bibliometrics;Scientometrics;Field (mathematics);Citation;Prestige;Citation analysis;Social science;Computational linguistics;Sociology;Data science;Computer science;Library science;Linguistics;Natural language processing;Mathematics;Philosophy,Bibliometrics;Scientometrics;Field (mathematics);Citation;Prestige;Citation analysis;Social science;Computational linguistics;Sociology;Data science;Computer science;Library science;Linguistics;Natural language processing;Mathematics;Philosophy;Pure mathematics,https://openalex.org/W1993945630;https://openalex.org/W2005207065;https://openalex.org/W2125910575;https://openalex.org/W2150220236;https://openalex.org/W2599784308;https://openalex.org/W2755950973;https://openalex.org/W2898492949;https://openalex.org/W2912091599;https://openalex.org/W3001647204;https://openalex.org/W3002933860;https://openalex.org/W3083163916;https://openalex.org/W3094390537;https://openalex.org/W3198406885;https://openalex.org/W3204279168;https://openalex.org/W4316193438,,True,ISI,,"Aryadoust V, 2023, Studies in Second Language Learning and Teaching","Aryadoust V, 2023, Studies in Second Language Learning and Teaching"
https://openalex.org/W4306842428,10.3389/fpsyg.2022.1006412,Mapping the knowledge domain of financial decision making: A scientometric and bibliometric study,2022,Frontiers in Psychology,Frontiers in Psychology,10,review,en,13,,1006412,1006412,Guo L;Cheng J;Zhang Z,Lin Guo;Junlong Cheng;Zhishuo Zhang,Newcastle University;Beijing Foreign Studies University;Guizhou Education University;Beijing Foreign Studies University,"Based on a 12-year bibliographic record collected from the Web of Science (Thomson Reuters) database, the present study aims to provide a macroscopic overview of the knowledge domain in financial decision making (FDM). A scientometric and bibliometric analysis was conducted on the literature published in the field from 2010 to 2021, using the CiteSpace software. The analysis focuses on the co-occurring categories, the geographic distributions, the vital references, the distribution of topics, as well as the research fronts and emerging trends of financial related decision making. The steady increase of papers published year by year demonstrated the increasing interest on this topic at the international level. The scientometric analysis of the literature showed that financial decision, investment decision, and financing decision stood out of the crowd of the research on FDM, suggesting their important role in FDM and its research. The results of citation burst analysis predicted the focus of topics, i.e., the impact of individual differences such as financial literacy, gender and age on FDM in the coming years. Different from the traditional approach of literature review, this bibliometric analysis offers a scientometric approach to reveal the status quo and the development trend of FDM by macro and quantitative means. In addition, future research directions for the field are recommended.",Bibliometrics;Status quo;Financial literacy;Web of science;Computer science;Data science;Finance;Political science;Business;Library science;MEDLINE,Bibliometrics;Status quo;Financial literacy;Web of science;Computer science;Data science;Finance;Political science;Business;Library science;MEDLINE;Law,https://openalex.org/W158215616;https://openalex.org/W252709356;https://openalex.org/W1514823166;https://openalex.org/W1778224183;https://openalex.org/W1784528939;https://openalex.org/W1815264562;https://openalex.org/W1865298556;https://openalex.org/W1964451859;https://openalex.org/W1965661599;https://openalex.org/W1970812685;https://openalex.org/W1971832872;https://openalex.org/W1972959990;https://openalex.org/W1980503365;https://openalex.org/W1982896809;https://openalex.org/W1986376631;https://openalex.org/W1990270620;https://openalex.org/W1995240349;https://openalex.org/W2015003505;https://openalex.org/W2021713474;https://openalex.org/W2029438661;https://openalex.org/W2031848389;https://openalex.org/W2032894857;https://openalex.org/W2035224425;https://openalex.org/W2039022470;https://openalex.org/W2040920346;https://openalex.org/W2041703453;https://openalex.org/W2047050965;https://openalex.org/W2056390678;https://openalex.org/W2061589652;https://openalex.org/W2065556829;https://openalex.org/W2073103707;https://openalex.org/W2083934656;https://openalex.org/W2090152127;https://openalex.org/W2098716691;https://openalex.org/W2107067966;https://openalex.org/W2117385529;https://openalex.org/W2129258894;https://openalex.org/W2133099192;https://openalex.org/W2138389645;https://openalex.org/W2144383963;https://openalex.org/W2145107370;https://openalex.org/W2145814463;https://openalex.org/W2146215087;https://openalex.org/W2146903730;https://openalex.org/W2149371022;https://openalex.org/W2153697104;https://openalex.org/W2155773836;https://openalex.org/W2157194445;https://openalex.org/W2157371281;https://openalex.org/W2160441315;https://openalex.org/W2161515013;https://openalex.org/W2166096872;https://openalex.org/W2184721046;https://openalex.org/W2218772500;https://openalex.org/W2232810130;https://openalex.org/W2322201160;https://openalex.org/W2335641493;https://openalex.org/W2346361979;https://openalex.org/W2480217095;https://openalex.org/W2497995197;https://openalex.org/W2504861942;https://openalex.org/W2528473598;https://openalex.org/W2548266137;https://openalex.org/W2597793384;https://openalex.org/W2729469300;https://openalex.org/W2743923016;https://openalex.org/W2745366050;https://openalex.org/W2750781250;https://openalex.org/W2762466482;https://openalex.org/W2767466046;https://openalex.org/W2789417361;https://openalex.org/W2792741680;https://openalex.org/W2793000158;https://openalex.org/W2806125148;https://openalex.org/W2806404842;https://openalex.org/W2808596134;https://openalex.org/W2886194887;https://openalex.org/W2888075064;https://openalex.org/W2911450871;https://openalex.org/W2912730038;https://openalex.org/W2958542886;https://openalex.org/W3008252634;https://openalex.org/W3041437209;https://openalex.org/W3091913747;https://openalex.org/W3094221378;https://openalex.org/W3121832897;https://openalex.org/W3121995747;https://openalex.org/W3122047221;https://openalex.org/W3123129050;https://openalex.org/W3123417660;https://openalex.org/W3123502919;https://openalex.org/W3124292958;https://openalex.org/W3124510896;https://openalex.org/W3125129652;https://openalex.org/W3125449343;https://openalex.org/W3125685058;https://openalex.org/W3126123097;https://openalex.org/W3136658720;https://openalex.org/W3152934775;https://openalex.org/W3172279127;https://openalex.org/W3180776745;https://openalex.org/W3208259068;https://openalex.org/W4200100995;https://openalex.org/W4211075179;https://openalex.org/W4238591974;https://openalex.org/W4245487232;https://openalex.org/W4245852438;https://openalex.org/W4283734742;https://openalex.org/W6606503776,36337546,True,ISI,,"Guo L, 2022, Frontiers in Psychology","Guo L, 2022, Frontiers in Psychology"
https://openalex.org/W1785317616,10.4337/9780857932402,Handbook on the Theory and Practice of Program Evaluation,2013,Edward Elgar Publishing eBooks,Edward Elgar Publishing eBooks,57,book,en,,,,,Sébastien C;Aard J. G;Jonathan D. L;Albert N. L;Nicholas S. V,"Casault, Sébastien;Groen, Aard J.;Linton, Jonathan D.;Link, Albert N.;Vonortas, Nicholas S.",,"As this volume demonstrates, a wide variety of methodologies exist to evaluate particularly the objectives and outcomes of research and development programs. These include surveys, statistical and econometric estimations, patent analyses, bibliometrics, scientometrics, network analyses, case studies, and historical tracings. Contributors divide these and other methods and applications into four categories – economic, non-economic, hybrid and data-driven – in order to discuss the many factors that affect the utility of each technique and how that impacts the technological, economic and societal forecasts of the programs in question.",Computer science,Computer science,,,False,ISI,,"Sébastien C, 2013, Edward Elgar Publishing eBooks","Sébastien C, 2013, Edward Elgar Publishing eBooks"
https://openalex.org/W4399974505,10.3389/fpsyg.2024.1356992,Evolution of ambiguity tolerance research a scientometric and bibliometric analysis,2024,Frontiers in Psychology,Frontiers in Psychology,9,article,en,15,,1356992,1356992,Rubiales-Núñez J;Rubio A;Araya-Castillo L;Moraga Flores H,José Rubiales-Núñez;Andrés Rubio;Luís Araya-Castillo;Hugo Moraga Flores,Universitat de Lleida;Miguel de Cervantes University;Universidad Andrés Bello;Universidad Diego Portales;Universidad Católica Silva Henríquez;University of Concepción,"Introduction: The present study conducts a retrospective bibliometric analysis to examine the quantifiable and qualitative evolution of the concept of tolerance to ambiguity (TA) over time. Additionally, a scientometric analysis using quantitative methods on scientific measurements and trends aims to profile and identify the concept, as well as its development in research themes. The relevance of this study is underscored by the growing interest and development of research on TA, particularly in fields like entrepreneurship where psychological factors are significant. Methods: The research includes highly relevant literature, such as Budner and Frenkel-Brunswick, which define TA as a predisposition to perceive ambiguous situations as desirable and as a personality variable centered on the emotional and perceptual domain, respectively. Data was obtained from the eight indices comprising the main Web of Science collection, covering research from 1975 to December 2022. A total of 378 articles were identified. Results: The analysis reveals that scientific production peaked in 2022 with 45 articles. In terms of citations, 7,773 were found, with the highest concentration in 2022, totaling 1,203 citations. This indicates a significant increase in research interest and output related to TA. Discussion: The study highlights the growing exploration of the concept of TA, emphasizing its importance across multiple disciplines in dealing with uncertainty. The research demonstrates that TA significantly influences decision-making and adaptability, highlighting its value in business and educational settings. By analyzing leading publications, authors, and research centers, the study shows the diversity of approaches to understanding TA, indicating a promising direction for future research.",Relevance (law);Bibliometrics;Ambiguity;Psychology;Ambiguity tolerance;Scientometrics;Social science;Sociology;Library science;Computer science;Political science,Relevance (law);Bibliometrics;Ambiguity;Psychology;Ambiguity tolerance;Scientometrics;Social science;Sociology;Library science;Computer science;Political science;Law;Programming language,https://openalex.org/W1500402660;https://openalex.org/W1548728633;https://openalex.org/W1708247396;https://openalex.org/W1940272964;https://openalex.org/W1966106387;https://openalex.org/W1969013110;https://openalex.org/W1974938372;https://openalex.org/W1976862186;https://openalex.org/W1979183008;https://openalex.org/W1979868088;https://openalex.org/W1985388347;https://openalex.org/W1992081522;https://openalex.org/W2004171099;https://openalex.org/W2007878430;https://openalex.org/W2011426291;https://openalex.org/W2011445786;https://openalex.org/W2019476426;https://openalex.org/W2042874187;https://openalex.org/W2056869829;https://openalex.org/W2070242399;https://openalex.org/W2076987598;https://openalex.org/W2087011900;https://openalex.org/W2107605390;https://openalex.org/W2109735212;https://openalex.org/W2138968299;https://openalex.org/W2143141979;https://openalex.org/W2149392492;https://openalex.org/W2151281271;https://openalex.org/W2151423756;https://openalex.org/W2163421949;https://openalex.org/W2163984563;https://openalex.org/W2165022267;https://openalex.org/W2169873069;https://openalex.org/W2191758345;https://openalex.org/W2271545460;https://openalex.org/W2315656194;https://openalex.org/W2315695606;https://openalex.org/W2323748692;https://openalex.org/W2323990902;https://openalex.org/W2331072171;https://openalex.org/W2410720444;https://openalex.org/W2515637990;https://openalex.org/W2517719729;https://openalex.org/W2560624031;https://openalex.org/W2582439002;https://openalex.org/W2596586148;https://openalex.org/W2596656615;https://openalex.org/W2597376501;https://openalex.org/W2605932726;https://openalex.org/W2692026411;https://openalex.org/W2914294946;https://openalex.org/W2916219934;https://openalex.org/W2922313547;https://openalex.org/W2948438378;https://openalex.org/W2953721921;https://openalex.org/W2996886705;https://openalex.org/W3008200028;https://openalex.org/W3049664028;https://openalex.org/W3152509432;https://openalex.org/W3155421740;https://openalex.org/W3157358008;https://openalex.org/W4205574479;https://openalex.org/W4223621126;https://openalex.org/W4248728199;https://openalex.org/W4252048274;https://openalex.org/W4283330328;https://openalex.org/W4283330996;https://openalex.org/W4285083367;https://openalex.org/W4285085608;https://openalex.org/W6940487303,38979069,True,ISI,,"Rubiales-Núñez J, 2024, Frontiers in Psychology","Rubiales-Núñez J, 2024, Frontiers in Psychology"
https://openalex.org/W2802833577,10.1017/dmp.2018.11,A Bibliometric Profile of Disaster Medicine Research from 2008 to 2017: A Scientometric Analysis,2018,Disaster Medicine and Public Health Preparedness,Disaster Medicine and Public Health Preparedness,17,article,en,13,02,165,172,Zhou L;Zhang P;Zhang Z;Fan L;Tang S;Hu K;Xiao N;Li S,Liang Zhou;Ping Zhang;Zhigang Zhang;Lidong Fan;Shuo Tang;Kunpeng Hu;Nan Xiao;Shuguang Li,Army Medical University;Daping Hospital;Army Medical University;Daping Hospital;Daping Hospital;Army Medical University;Army Medical University;Daping Hospital;Army Medical University;Daping Hospital;Daping Hospital;Army Medical University;Army Medical University;Daping Hospital;Army Medical University;Daping Hospital,"ABSTRACTThis study analyzed and assessed publication trends in articles on ""disaster medicine,"" using scientometric analysis. Data were obtained from the Web of Science Core Collection (WoSCC) of Thomson Reuters on March 27, 2017. A total of 564 publications on disaster medicine were identified. There was a mild increase in the number of articles on disaster medicine from 2008 (n=55) to 2016 (n=83). Disaster Medicine and Public Health Preparedness published the most articles, the majority of articles were published in the United States, and the leading institute was Tohoku University. F. Della Corte, M. D. Christian, and P. L. Ingrassia were the top authors on the topic, and the field of public health generated the most publications. Terms analysis indicated that emergency medicine, public health, disaster preparedness, natural disasters, medicine, and management were the research hotspots, whereas Hurricane Katrina, mechanical ventilation, occupational medicine, intensive care, and European journals represented the frontiers of disaster medicine research. Overall, our analysis revealed that disaster medicine studies are closely related to other medical fields and provides researchers and policy-makers in this area with new insight into the hotspots and dynamic directions. (Disaster Med Public Health Preparedness. 2019;13:165-172).",Disaster medicine;Preparedness;Public health;Emergency management;Web of science;Health care;Natural disaster;Medicine;Medical emergency;Poison control;MEDLINE;Political science;Suicide prevention;Geography;Nursing,Disaster medicine;Preparedness;Public health;Emergency management;Web of science;Health care;Natural disaster;Medicine;Medical emergency;Poison control;MEDLINE;Political science;Suicide prevention;Geography;Nursing;Law;Meteorology,https://openalex.org/W1171335545;https://openalex.org/W1219584046;https://openalex.org/W1802581490;https://openalex.org/W1968428744;https://openalex.org/W1970697214;https://openalex.org/W1980070228;https://openalex.org/W1983956623;https://openalex.org/W1991098977;https://openalex.org/W1991909383;https://openalex.org/W1999258719;https://openalex.org/W2011921518;https://openalex.org/W2012571503;https://openalex.org/W2015020338;https://openalex.org/W2016139057;https://openalex.org/W2026086126;https://openalex.org/W2026952448;https://openalex.org/W2033069186;https://openalex.org/W2043976122;https://openalex.org/W2044755104;https://openalex.org/W2052191867;https://openalex.org/W2055521192;https://openalex.org/W2062873862;https://openalex.org/W2066929058;https://openalex.org/W2069033815;https://openalex.org/W2073505653;https://openalex.org/W2087398839;https://openalex.org/W2093245799;https://openalex.org/W2094544335;https://openalex.org/W2097087215;https://openalex.org/W2099475104;https://openalex.org/W2101165200;https://openalex.org/W2102684869;https://openalex.org/W2104192199;https://openalex.org/W2105273430;https://openalex.org/W2110889607;https://openalex.org/W2112582009;https://openalex.org/W2133543095;https://openalex.org/W2133684642;https://openalex.org/W2141306292;https://openalex.org/W2141482823;https://openalex.org/W2145538803;https://openalex.org/W2160333385;https://openalex.org/W2160805609;https://openalex.org/W2162829290;https://openalex.org/W2163321313;https://openalex.org/W2172597919;https://openalex.org/W2195393525;https://openalex.org/W2203123426;https://openalex.org/W2214771525;https://openalex.org/W2223468477;https://openalex.org/W2273157466;https://openalex.org/W2278619820;https://openalex.org/W2288471313;https://openalex.org/W2337541202;https://openalex.org/W2337609745;https://openalex.org/W2395218758;https://openalex.org/W2404002048;https://openalex.org/W2442690666;https://openalex.org/W2464466306;https://openalex.org/W2479050904;https://openalex.org/W2508063426;https://openalex.org/W2511593041;https://openalex.org/W2520237335;https://openalex.org/W2523531819;https://openalex.org/W2529620676;https://openalex.org/W2532021941;https://openalex.org/W2533183581;https://openalex.org/W2534027810;https://openalex.org/W2548174089;https://openalex.org/W2550800074;https://openalex.org/W2574169178;https://openalex.org/W2583113028;https://openalex.org/W3011035404;https://openalex.org/W4238591974,29717685,True,ISI,,"Zhou L, 2018, Disaster Medicine and Public Health Preparedness","Zhou L, 2018, Disaster Medicine and Public Health Preparedness"
https://openalex.org/W2620545302,,"Bibliometrics and scientometrics in India: An overview of studies during 1995-2014, Part I: Indian publication output and its citation impact",2017,Annals of Library and Information Studies,Annals of Library and Information Studies,16,article,en,64,1,28,36,C. Garg K;Kumar Tripathi H,K. C. Garg;Harish Kumar Tripathi,"National Institute of Science, Technology and Development Studies","An analysis of 801 papers published in the area of bibliometrics and scientometrics during 1995-2014 indicates a steep increase in the number of papers published by Indian researchers as compared to the number of papers published during 1970-1994. This indicates a growing interest of Indian scholars in scientometrics and bibliometrics. The paper provides several reasons for this steep increase. The main focus of research is on bibliometric assessment of India and other countries followed by cross national assessment and bibliometric analysis of individual journals. CSIR-NISTADS is the top producing institute contributing about one-third (31.4%) of the total output followed by the output of Bhabha Atomic Research Centre and CSIR-NISCAIR. The distribution of citation data indicates that about one-fifth (21.7%) papers remained uncited. The paper identifies journals in which these uncited papers were published. Only 15% papers were cited more than 20 times. Most of the prolific authors as well as highly cited authors were from the institutions belonging to the Council of Scientific and Industrial Research. Among all authors B.M. Gupta (CSIR-NISTADS) produced the highest number of papers, but the impact as seen in terms of citation per paper and relative citation impact, S. Arunachalam (MSSRF) topped the list.",Scientometrics;Bibliometrics;Citation;Citation analysis;Library science;Citation impact;Informetrics;Computer science,Scientometrics;Bibliometrics;Citation;Citation analysis;Library science;Citation impact;Informetrics;Computer science,,,True,ISI,,"C. Garg K, 2017, Annals of Library and Information Studies","C. Garg K, 2017, Annals of Library and Information Studies"
https://openalex.org/W2948845776,10.33186/1027-3689-2019-6-71-86,Scientometrics of the future: Scoring and profiling as new bibliometric standard tools,2019,Scientific and Technical Libraries,Scientific and Technical Libraries,5,article,en,,6,71,86,Ball R;Zеmskov A,Rafael Ball;Andrey Zеmskov,Russian National Public Library for Science and Technology,"The purpose of this publication is to show the continuity and development of the basic ideas of bibliometrics over the past 15 years. Continuity is essential not only in preserving the subject matter, but also in personalities: Dr. Ball, the organizer of the 2003 conference, is actively pursuing research in this area and his assessments of the prospects for bibliometrics are quite reasonable and clear. Equally significant is the role of the successor of support, training and promotion work, the company Clarivate Analytics in maintaining interest in the practical results of bibliometric research. It is very important that in 2003 there were outlined the essential limitations in the possibility of using bibliometric methods for assessing the quality of research of individual scientists. These warnings are still valid today. At the same time, many of the criticisms made at that time related to the monopolistic nature of the of Thomson Reuters, which is no longer so significant, since several competing systems have appeared. In general, we can assume that bibliometrics (scientometrics) have excellent prospects. Therefore, the establishment of practical work of libraries of all types, but primarily university and scientific-technical ones, on servicing with the bibliometric data can be an interesting and useful addition to the traditional reference and information services of libraries. Original English text is at http://library.gpntb.ru/publications/scientometrics.pdf.",Bibliometrics;Scientometrics;Profiling (computer programming);Data science;Computer science;Impact factor;Analytics;Altmetrics;Promotion (chess);Library science;Political science;Politics,Bibliometrics;Scientometrics;Profiling (computer programming);Data science;Computer science;Impact factor;Analytics;Altmetrics;Promotion (chess);Library science;Political science;Politics;Law;Operating system,https://openalex.org/W1546171873;https://openalex.org/W2026273736;https://openalex.org/W6750943830,,True,ISI,,"Ball R, 2019, Scientific and Technical Libraries","Ball R, 2019, Scientific and Technical Libraries"
https://openalex.org/W4400420616,10.1080/15226514.2024.2373427,The scientific landscape of phytoremediation of tailings: a bibliometric and scientometric analysis,2024,International Journal of Phytoremediation,International Journal of Phytoremediation,8,review,en,26,13,2084,2102,Keith B;J. Lam E;L. Montofré Í;Zetola V;Bech J,Brian Keith;Elizabeth J. Lam;Ítalo L. Montofré;Vicente Zetola;Jaume Bech,Universidad Católica del Norte;Universidad Católica del Norte;Universidad Católica del Norte;Universidad Católica del Norte;Universitat de Barcelona,"This article seeks to evaluate the scientific landscape of the phytoremediation of mine tailings through a series of bibliometric and scientometric techniques. Phytoremediation has emerged as a sustainable approach to remediate metal-contaminated mine waste areas. A scientometric analysis of 913 publications indexed in Web of Science from 1999 to 2023 was conducted using CiteSpace. The results reveal an expanding, interdisciplinary field with environmental sciences as the core category. Keyword analysis of 561 nodes and 2,825 links shows a focus on plant-metal interactions, microbial partnerships, bioavailability, and field validation. Co-citation analysis of 1,032 nodes and 2,944 links identifies seminal works on native species, plant-microbe interactions, and amendments. Temporal mapping of 15 co-citation clusters indicates a progression from early risk assessments and native plant inquiries to integrated biological systems, economic feasibility, and sustainability considerations. Recent trends emphasize multidimensional factors influencing adoption, such as plant-soil-microbe interactions, organic amendments, and field-scale performance evaluation. The findings demonstrate an intensifying translation of phytoremediation from scientific novelty to engineering practice. This quantitative and qualitative analysis of research trends aids in understanding the development of phytoremediation for mine tailings. The results provide valuable insights for researchers and practitioners in this evolving field.",Phytoremediation;Tailings;Environmental science;Hyperaccumulator;Geography;Soil science;Chemistry,Phytoremediation;Tailings;Environmental science;Hyperaccumulator;Geography;Soil science;Chemistry;Soil water;Physical chemistry,https://openalex.org/W850872596;https://openalex.org/W950821216;https://openalex.org/W1153840140;https://openalex.org/W1479241889;https://openalex.org/W1504066231;https://openalex.org/W1559665635;https://openalex.org/W1572181180;https://openalex.org/W1612774012;https://openalex.org/W1858309077;https://openalex.org/W1922427002;https://openalex.org/W1973656473;https://openalex.org/W1974085088;https://openalex.org/W1976504036;https://openalex.org/W1976870763;https://openalex.org/W1984135358;https://openalex.org/W1987822857;https://openalex.org/W1992760964;https://openalex.org/W1993036604;https://openalex.org/W1994501979;https://openalex.org/W1994664410;https://openalex.org/W1997155249;https://openalex.org/W1999260774;https://openalex.org/W2000710985;https://openalex.org/W2001090854;https://openalex.org/W2004107624;https://openalex.org/W2006962964;https://openalex.org/W2013874115;https://openalex.org/W2015912820;https://openalex.org/W2018978314;https://openalex.org/W2020980579;https://openalex.org/W2023160745;https://openalex.org/W2027692952;https://openalex.org/W2028646244;https://openalex.org/W2031704982;https://openalex.org/W2037117929;https://openalex.org/W2043526601;https://openalex.org/W2048177517;https://openalex.org/W2050567146;https://openalex.org/W2051948222;https://openalex.org/W2053540951;https://openalex.org/W2058207547;https://openalex.org/W2058893564;https://openalex.org/W2061407528;https://openalex.org/W2061412654;https://openalex.org/W2063773165;https://openalex.org/W2064143411;https://openalex.org/W2068883806;https://openalex.org/W2071430994;https://openalex.org/W2071693617;https://openalex.org/W2076318631;https://openalex.org/W2079578560;https://openalex.org/W2080295999;https://openalex.org/W2080458616;https://openalex.org/W2080937197;https://openalex.org/W2082603871;https://openalex.org/W2082736823;https://openalex.org/W2084706043;https://openalex.org/W2088386815;https://openalex.org/W2092523727;https://openalex.org/W2092894865;https://openalex.org/W2094385338;https://openalex.org/W2094947592;https://openalex.org/W2098343482;https://openalex.org/W2121493052;https://openalex.org/W2138191912;https://openalex.org/W2141150402;https://openalex.org/W2145531955;https://openalex.org/W2145535121;https://openalex.org/W2146526093;https://openalex.org/W2150811676;https://openalex.org/W2155044568;https://openalex.org/W2155340561;https://openalex.org/W2155710048;https://openalex.org/W2158238614;https://openalex.org/W2163022786;https://openalex.org/W2164512472;https://openalex.org/W2178471959;https://openalex.org/W2183036669;https://openalex.org/W2202404877;https://openalex.org/W2279953044;https://openalex.org/W2294565555;https://openalex.org/W2332584489;https://openalex.org/W2339759685;https://openalex.org/W2343292161;https://openalex.org/W2370033822;https://openalex.org/W2408757733;https://openalex.org/W2531482858;https://openalex.org/W2542806014;https://openalex.org/W2558848999;https://openalex.org/W2561007607;https://openalex.org/W2603691167;https://openalex.org/W2621363492;https://openalex.org/W2623552130;https://openalex.org/W2649921188;https://openalex.org/W2701305948;https://openalex.org/W2734816477;https://openalex.org/W2758362885;https://openalex.org/W2764059493;https://openalex.org/W2767730840;https://openalex.org/W2768388622;https://openalex.org/W2789521693;https://openalex.org/W2789770454;https://openalex.org/W2792640629;https://openalex.org/W2793422881;https://openalex.org/W2796303705;https://openalex.org/W2809229655;https://openalex.org/W2861039962;https://openalex.org/W2885852135;https://openalex.org/W2888345941;https://openalex.org/W2889993752;https://openalex.org/W2891629907;https://openalex.org/W2896162306;https://openalex.org/W2921618546;https://openalex.org/W2938297778;https://openalex.org/W2947880008;https://openalex.org/W2953966488;https://openalex.org/W2989530049;https://openalex.org/W2989686880;https://openalex.org/W2993426382;https://openalex.org/W2996118160;https://openalex.org/W2996124804;https://openalex.org/W2999913952;https://openalex.org/W3010223691;https://openalex.org/W3023535864;https://openalex.org/W3040420949;https://openalex.org/W3049046691;https://openalex.org/W3093929491;https://openalex.org/W3094346168;https://openalex.org/W3098217728;https://openalex.org/W3127319254;https://openalex.org/W3127410082;https://openalex.org/W3150976083;https://openalex.org/W3164934217;https://openalex.org/W3171330184;https://openalex.org/W3187005769;https://openalex.org/W3206765051;https://openalex.org/W3212413300;https://openalex.org/W3216681983;https://openalex.org/W4206475506;https://openalex.org/W4210956878;https://openalex.org/W4214534460;https://openalex.org/W4220985150;https://openalex.org/W4224211677;https://openalex.org/W4225245852;https://openalex.org/W4235307997;https://openalex.org/W4290725488;https://openalex.org/W4311717721;https://openalex.org/W4311974842;https://openalex.org/W4318307494;https://openalex.org/W4323257013;https://openalex.org/W4362574950;https://openalex.org/W4376504569;https://openalex.org/W4384432187;https://openalex.org/W4386142389;https://openalex.org/W4389066254;https://openalex.org/W4391425784;https://openalex.org/W7075348509,38975678,False,ISI,,"Keith B, 2024, International Journal of Phytoremediation","Keith B, 2024, International Journal of Phytoremediation"
https://openalex.org/W1514941148,10.1300/j122v26n02_06,"Bibliometrics, Cybermetrics, Informetrics, and Scientometrics Sites and Sources",2005,Science & Technology Libraries,Science & Technology Libraries,6,article,en,26,2,107,115,McKiernan G,Gerry McKiernan,Iowa State University;State Library of Iowa,"(2005). Bibliometrics, Cybermetrics, Informetrics, and Scientometrics Sites and Sources. Science & Technology Libraries: Vol. 26, No. 2, pp. 107-115.",Informetrics;Scientometrics;Bibliometrics;Library science;Computer science,Informetrics;Scientometrics;Bibliometrics;Library science;Computer science,,,False,ISI,,"McKiernan G, 2005, Science & Technology Libraries","McKiernan G, 2005, Science & Technology Libraries"
https://openalex.org/W1495278613,,Papel de la informetría y de la cienciometría y su perspectiva nacional e internacional,2001,E-LIS Repository (University of Naples Federico II),E-LIS Repository (University of Naples Federico II),25,article,es,,,,,A. Macías-Chapula C,C. A. Macías-Chapula,,"The purpose of this paper is to highlight the role of informetrics and scientometrics in the national and international perspective, noting their uses and practices. Beginning with some definitions of bibliometrics, scientometrics and informetrics, this paper discusses the role of science as a social process aiming at identifying the limitations of science indicators.",Informetrics;Scientometrics;Bibliometrics;Webometrics;Perspective (graphical);Library science;Political science;Sociology;Humanities;Social science;Computer science;Philosophy,Informetrics;Scientometrics;Bibliometrics;Webometrics;Perspective (graphical);Library science;Political science;Sociology;Humanities;Social science;Computer science;Philosophy;Artificial intelligence,,,True,ISI,,"A. Macías-Chapula C, 2001, E-LIS Repository (University of Naples Federico II)","A. Macías-Chapula C, 2001, E-LIS Repository (University of Naples Federico II)"
https://openalex.org/W2791050802,10.1007/s11192-018-2695-9,Emerging trends and new developments in information science: a document co-citation analysis (2009–2016),2018,Scientometrics,Scientometrics,360,article,en,115,2,869,892,Hou J;Yang X;Chen C,Jianhua Hou;Xiucai Yang;Chaomei Chen,Dalian University;Dalian University;Drexel University,,Bibliometrics;Citation;Data science;Scientometrics;Citation analysis;Webometrics;Computer science;Co-citation;Altmetrics;Information retrieval;Science Citation Index;Library science,Bibliometrics;Citation;Data science;Scientometrics;Citation analysis;Webometrics;Computer science;Co-citation;Altmetrics;Information retrieval;Science Citation Index;Library science,https://openalex.org/W176778578;https://openalex.org/W637241713;https://openalex.org/W1488271674;https://openalex.org/W1530517025;https://openalex.org/W1559665635;https://openalex.org/W1591087787;https://openalex.org/W1708085422;https://openalex.org/W1733628806;https://openalex.org/W1768565926;https://openalex.org/W1964117853;https://openalex.org/W1964343890;https://openalex.org/W1965631677;https://openalex.org/W1965691678;https://openalex.org/W1965964177;https://openalex.org/W1966279025;https://openalex.org/W1966538856;https://openalex.org/W1973063963;https://openalex.org/W1976515637;https://openalex.org/W1980381252;https://openalex.org/W1982564000;https://openalex.org/W1983948274;https://openalex.org/W1984250866;https://openalex.org/W1984558542;https://openalex.org/W1987341880;https://openalex.org/W1992657871;https://openalex.org/W1996702126;https://openalex.org/W1997890473;https://openalex.org/W1998040366;https://openalex.org/W1998396248;https://openalex.org/W2001616711;https://openalex.org/W2005706022;https://openalex.org/W2015341148;https://openalex.org/W2016252343;https://openalex.org/W2018027932;https://openalex.org/W2018353135;https://openalex.org/W2019753053;https://openalex.org/W2028663150;https://openalex.org/W2032402175;https://openalex.org/W2034675104;https://openalex.org/W2037803704;https://openalex.org/W2037933327;https://openalex.org/W2043976122;https://openalex.org/W2045770122;https://openalex.org/W2058213547;https://openalex.org/W2059236018;https://openalex.org/W2065409953;https://openalex.org/W2065589403;https://openalex.org/W2067953767;https://openalex.org/W2070263903;https://openalex.org/W2072897447;https://openalex.org/W2073023209;https://openalex.org/W2075961646;https://openalex.org/W2080534043;https://openalex.org/W2083734665;https://openalex.org/W2085485060;https://openalex.org/W2090908686;https://openalex.org/W2104192199;https://openalex.org/W2104428791;https://openalex.org/W2106336702;https://openalex.org/W2112854903;https://openalex.org/W2117269329;https://openalex.org/W2122130843;https://openalex.org/W2126566678;https://openalex.org/W2130247873;https://openalex.org/W2131681506;https://openalex.org/W2134895693;https://openalex.org/W2135216654;https://openalex.org/W2139282251;https://openalex.org/W2144452238;https://openalex.org/W2147002372;https://openalex.org/W2148398225;https://openalex.org/W2150220236;https://openalex.org/W2150455238;https://openalex.org/W2153032620;https://openalex.org/W2153511600;https://openalex.org/W2158342607;https://openalex.org/W2168865631;https://openalex.org/W2225280195;https://openalex.org/W2251463261;https://openalex.org/W2257173441;https://openalex.org/W2476481115;https://openalex.org/W2546533645;https://openalex.org/W2599784308;https://openalex.org/W2610700150;https://openalex.org/W2912659123;https://openalex.org/W2953237954;https://openalex.org/W3098217728;https://openalex.org/W3099768174;https://openalex.org/W3105870966;https://openalex.org/W3122100588;https://openalex.org/W3124263630;https://openalex.org/W3148069922;https://openalex.org/W4211050138;https://openalex.org/W4236075453;https://openalex.org/W4238591974;https://openalex.org/W4243208282;https://openalex.org/W4250810012;https://openalex.org/W4255727490,,False,ISI,,"Hou J, 2018, Scientometrics","Hou J, 2018, Scientometrics"
https://openalex.org/W3033007528,10.1615/intjmedmushrooms.2020035031,A 53-Year Bibliometric and Scientometric Analysis of Research in Culinary and Medicinal Mushrooms,2020,International journal of medicinal mushrooms,International journal of medicinal mushrooms,15,article,en,22,6,521,534,Hui S Chan X;Sabaratnam V;Abdullah N;Phan C,Xin Hui S Chan;Vikineswary Sabaratnam;Noorhidawati Abdullah;Chia‐Wei Phan,University of Malaya;University of Malaya;University of Malaya;University Malaya Medical Centre;University of Malaya,"The research field of culinary and medicinal mushrooms has been well developed since the first relevant publication in 1966. However, to date, there has been no bibliometric analysis published specifically for this field. This study aimed to assess the most influential publications as well as the research trends and important drivers in the field of culinary and medicinal mushrooms. Scopus was used to identify relevant publications and the 1000 most-cited publications were identified and analyzed. Bradford's law of scattering shows one-third of the papers were published in 14 core journals, with a total of 102 papers published in International Journal of Medicinal Mushrooms. There is an insignificant negative correlation (Pearson's correlation coefficient, r = -0.355) between the journal impact factor and publication count. VOSviewer was used to generate a country network. China represents Asia's research center in this field, having contributed 20% of the 1000 most-cited publications. A term map was also created to visualize the co-occurrence of key terms in the domain. Different biological activities such as antioxidant and antitumor properties of mushrooms appeared to be a recurring topic in this field. Wasser (2003) showed the highest citation count (n = 1282), which is almost double the second most-cited publication (n = 611). There is a weak positive correlation (r = +0.237) between the years since publication and total citation count. In conclusion, this bibliometric study will assist researchers to comprehend the current status of the research on culinary and medicinal mushrooms, and to visualize the future impact of such an important field.",Scopus;China;Bibliometrics;Citation;Impact factor;Library science;Traditional medicine;Political science;Medicine;MEDLINE;Computer science;Law,Scopus;China;Bibliometrics;Citation;Impact factor;Library science;Traditional medicine;Political science;Medicine;MEDLINE;Computer science;Law,,32865894,False,ISI,,"Hui S Chan X, 2020, International journal of medicinal mushrooms","Hui S Chan X, 2020, International journal of medicinal mushrooms"
https://openalex.org/W3010901906,10.1016/j.tifs.2020.03.022,"A knowledge domain visualization review of thirty years of halal food research: Themes, trends and knowledge structure",2020,Trends in Food Science & Technology,Trends in Food Science & Technology,101,article,en,99,,660,677,M. Mostafa M,Mohamed M. Mostafa,Gulf University for Science & Technology,,Social network analysis;Visualization;Data science;Field (mathematics);Domain (mathematical analysis);Social media;Knowledge management;Computer science;World Wide Web;Data mining,Social network analysis;Visualization;Data science;Field (mathematics);Domain (mathematical analysis);Social media;Knowledge management;Computer science;World Wide Web;Data mining;Mathematical analysis;Mathematics;Pure mathematics,https://openalex.org/W150292108;https://openalex.org/W250055831;https://openalex.org/W276847714;https://openalex.org/W628012024;https://openalex.org/W1199560934;https://openalex.org/W1532130918;https://openalex.org/W1535403459;https://openalex.org/W1573473485;https://openalex.org/W1573579329;https://openalex.org/W1950100647;https://openalex.org/W1967998895;https://openalex.org/W1969109006;https://openalex.org/W1971287178;https://openalex.org/W1976620775;https://openalex.org/W1983652570;https://openalex.org/W1984872017;https://openalex.org/W1990811807;https://openalex.org/W1996933319;https://openalex.org/W2007871300;https://openalex.org/W2010146119;https://openalex.org/W2012521459;https://openalex.org/W2016926883;https://openalex.org/W2016943542;https://openalex.org/W2022165007;https://openalex.org/W2022385944;https://openalex.org/W2023160745;https://openalex.org/W2024874075;https://openalex.org/W2025166278;https://openalex.org/W2030596685;https://openalex.org/W2031261223;https://openalex.org/W2032841931;https://openalex.org/W2033549971;https://openalex.org/W2034218047;https://openalex.org/W2035027864;https://openalex.org/W2043976218;https://openalex.org/W2048282569;https://openalex.org/W2056147580;https://openalex.org/W2061254556;https://openalex.org/W2066305005;https://openalex.org/W2066552590;https://openalex.org/W2068139671;https://openalex.org/W2069291109;https://openalex.org/W2070593969;https://openalex.org/W2071376890;https://openalex.org/W2073696160;https://openalex.org/W2074527920;https://openalex.org/W2095293504;https://openalex.org/W2096817601;https://openalex.org/W2098052370;https://openalex.org/W2098373147;https://openalex.org/W2099697766;https://openalex.org/W2100347631;https://openalex.org/W2101967889;https://openalex.org/W2102403305;https://openalex.org/W2102618976;https://openalex.org/W2104158627;https://openalex.org/W2104192199;https://openalex.org/W2112090702;https://openalex.org/W2125148134;https://openalex.org/W2126017930;https://openalex.org/W2128581233;https://openalex.org/W2128769089;https://openalex.org/W2129227940;https://openalex.org/W2130354913;https://openalex.org/W2135216654;https://openalex.org/W2135455887;https://openalex.org/W2145845082;https://openalex.org/W2155769151;https://openalex.org/W2182250219;https://openalex.org/W2202669749;https://openalex.org/W2265237042;https://openalex.org/W2312348468;https://openalex.org/W2338142733;https://openalex.org/W2339009631;https://openalex.org/W2408216567;https://openalex.org/W2416944216;https://openalex.org/W2417458347;https://openalex.org/W2463095032;https://openalex.org/W2468865118;https://openalex.org/W2479835342;https://openalex.org/W2543372138;https://openalex.org/W2546911088;https://openalex.org/W2551911920;https://openalex.org/W2559249050;https://openalex.org/W2563388718;https://openalex.org/W2576010710;https://openalex.org/W2597959056;https://openalex.org/W2598498104;https://openalex.org/W2613306139;https://openalex.org/W2615989696;https://openalex.org/W2622099199;https://openalex.org/W2636188111;https://openalex.org/W2754763238;https://openalex.org/W2755084338;https://openalex.org/W2763310390;https://openalex.org/W2766267084;https://openalex.org/W2771118249;https://openalex.org/W2772413144;https://openalex.org/W2772464925;https://openalex.org/W2772832816;https://openalex.org/W2776507374;https://openalex.org/W2780896111;https://openalex.org/W2781801925;https://openalex.org/W2788865243;https://openalex.org/W2789463135;https://openalex.org/W2790814946;https://openalex.org/W2791289392;https://openalex.org/W2793265923;https://openalex.org/W2803198596;https://openalex.org/W2803541681;https://openalex.org/W2803981231;https://openalex.org/W2806012053;https://openalex.org/W2809899558;https://openalex.org/W2883370365;https://openalex.org/W2887703430;https://openalex.org/W2888210453;https://openalex.org/W2892619481;https://openalex.org/W2897757133;https://openalex.org/W2899768353;https://openalex.org/W2901170124;https://openalex.org/W2901542093;https://openalex.org/W2905937183;https://openalex.org/W2908302918;https://openalex.org/W2908653282;https://openalex.org/W2912640270;https://openalex.org/W2913596369;https://openalex.org/W2913856587;https://openalex.org/W2915062859;https://openalex.org/W2917783397;https://openalex.org/W2937366533;https://openalex.org/W2944148026;https://openalex.org/W2945657639;https://openalex.org/W2946950150;https://openalex.org/W2950655010;https://openalex.org/W2950708169;https://openalex.org/W2955718640;https://openalex.org/W2963945794;https://openalex.org/W2979085846;https://openalex.org/W2980802063;https://openalex.org/W2984342008;https://openalex.org/W2993383518;https://openalex.org/W3100447784;https://openalex.org/W3103625990;https://openalex.org/W3216176030;https://openalex.org/W4211084889;https://openalex.org/W4231521279;https://openalex.org/W4233288427;https://openalex.org/W4234875306;https://openalex.org/W4238243588;https://openalex.org/W4245244439;https://openalex.org/W6609345003;https://openalex.org/W6610150730;https://openalex.org/W6631871231;https://openalex.org/W6634264458;https://openalex.org/W6640803455;https://openalex.org/W6642103943;https://openalex.org/W6656215797;https://openalex.org/W6674068858;https://openalex.org/W6675593730;https://openalex.org/W6719908256;https://openalex.org/W6721405515;https://openalex.org/W6739044596;https://openalex.org/W6758324760;https://openalex.org/W6761813472;https://openalex.org/W6765415631,,False,ISI,,"M. Mostafa M, 2020, Trends in Food Science & Technology","M. Mostafa M, 2020, Trends in Food Science & Technology"
https://openalex.org/W2254350063,,The Use and Application of Multivariate Analysis Techniques in Bibliometric and Scientometric Studies,2012,International journal of information science and management.,International journal of information science and management.,7,article,en,1,2,59,71,Osareh F,Farideh Osareh,Shahid Chamran University of Ahvaz,"In Bibliometric and scientometric studies, three approaches of multivariate analysis, namely Factor Analysis, Cluster Analysis and Multidimensional scaling are the most used methods. This article aims to review the use and applications of these techniques.",Multidimensional scaling;Multivariate statistics;Multivariate analysis;Bibliometrics;Computer science;Cluster (spacecraft);Scientometrics;Data science;Data mining;Library science;Machine learning,Multidimensional scaling;Multivariate statistics;Multivariate analysis;Bibliometrics;Computer science;Cluster (spacecraft);Scientometrics;Data science;Data mining;Library science;Machine learning;Programming language,,,True,ISI,,"Osareh F, 2012, International journal of information science and management","Osareh F, 2012, International journal of information science and management"
https://openalex.org/W3085220309,10.21037/atm-20-1259,Research hotspots and trends analysis of ankylosing spondylitis: a bibliometric and scientometric analysis from 2009 to 2018,2020,Annals of Translational Medicine,Annals of Translational Medicine,20,article,en,8,21,1445,1445,Liang M;Meng Y;Zhou S;Tao Z;Tao L,Miaomiao Liang;Yan Meng;Siming Zhou;Zhengbo Tao;Lin Tao,First Hospital of China Medical University;China Medical University;First Hospital of China Medical University;China Medical University;First Hospital of China Medical University;China Medical University;First Hospital of China Medical University;China Medical University;First Hospital of China Medical University;China Medical University,"BACKGROUND: This study utilized bibliometric analysis to qualitatively and quantitatively analyze hotspots and predict trends in the field of ankylosing spondylitis (AS) research. METHODS: Articles about AS were obtained from the Web of Science Core Collection and PubMed database, and bibliometric analysis was carried out through CiteSpace and the Online Analysis Platform of Literature Metrology and Bibliographic Item Co-Occurrence Matrix Builder (BICOMB). Then, co-word biclustering analysis was conducted to obtain research hotspots and predict trends using gCLUTO software. RESULTS: was the leading journal in AS research, with an impact factor (IF) of 3.634 and H-index value of 49. In terms of region, the United States led the world in this field, and The University of Toronto was the leading institution for AS research. Van Der Heijde, D was the most prolific author in the field. Eight research hotspots in the field of AS were also identified. CONCLUSIONS: Our analysis identified eight research hotspots, and predicted that surgical treatment and etiology will be the main AS research trends in the future. This study provides new directions and ideas for future research in AS.",Ankylosing spondylitis;Bibliometrics;Web of science;Scopus;Library science;Field (mathematics);Impact factor;Data science;Medicine;Geography;MEDLINE;Meta-analysis;Computer science;Political science;Internal medicine;Mathematics,Ankylosing spondylitis;Bibliometrics;Web of science;Scopus;Library science;Field (mathematics);Impact factor;Data science;Medicine;Geography;MEDLINE;Meta-analysis;Computer science;Political science;Internal medicine;Mathematics;Law;Pure mathematics,https://openalex.org/W1528850234;https://openalex.org/W1546108881;https://openalex.org/W1771218866;https://openalex.org/W1969933243;https://openalex.org/W1977874392;https://openalex.org/W1984558542;https://openalex.org/W1986060296;https://openalex.org/W1995568782;https://openalex.org/W2003273741;https://openalex.org/W2003306033;https://openalex.org/W2008596767;https://openalex.org/W2026853694;https://openalex.org/W2027621777;https://openalex.org/W2035906290;https://openalex.org/W2042569235;https://openalex.org/W2046579578;https://openalex.org/W2057121310;https://openalex.org/W2076931681;https://openalex.org/W2097337469;https://openalex.org/W2108554603;https://openalex.org/W2114608189;https://openalex.org/W2134827425;https://openalex.org/W2150999626;https://openalex.org/W2156605473;https://openalex.org/W2163058607;https://openalex.org/W2278932593;https://openalex.org/W2324622204;https://openalex.org/W2325450642;https://openalex.org/W2329187707;https://openalex.org/W2335387776;https://openalex.org/W2337455338;https://openalex.org/W2546892737;https://openalex.org/W2568393084;https://openalex.org/W2594476110;https://openalex.org/W2622023924;https://openalex.org/W2626712464;https://openalex.org/W2760718433;https://openalex.org/W2991494889;https://openalex.org/W3085220309;https://openalex.org/W3098217728;https://openalex.org/W4211203343;https://openalex.org/W4238591974;https://openalex.org/W4252199923,33313190,True,ISI,,"Liang M, 2020, Annals of Translational Medicine","Liang M, 2020, Annals of Translational Medicine"
https://openalex.org/W4386954199,10.2478/jdis-2023-0021,The need to develop tailored tools for improving the quality of thematic bibliometric analyses: Evidence from papers published in Sustainability and Scientometrics,2023,Journal of Data and Information Science,Journal of Data and Information Science,11,article,en,8,4,10,35,Cabezas-Clavijo Á;Milanés‐Guisado Y;Alba-Ruiz R;Delgado-Vázquez Á,Álvaro Cabezas-Clavijo;Yusnelkis Milanés‐Guisado;Rubén Alba-Ruiz;Ángel Delgado-Vázquez,Universidad Internacional De La Rioja;Universidad Pablo de Olavide;Hospital Universitario Virgen de las Nieves;Universidad Pablo de Olavide,"Abstract Purpose The aim of this article is to explore up to seven parameters related to the methodological quality and reproducibility of thematic bibliometric research published in the two most productive journals in bibliometrics, Sustainability (a journal outside the discipline) and Scientometrics, the flagship journal in the field. Design/methodology/approach The study identifies the need for developing tailored tools for improving the quality of thematic bibliometric analyses, and presents a framework that can guide the development of such tools. A total of 508 papers are analysed, 77% of Sustainability, and 23% published in Scientometrics, for the 2019-2021 period. Findings An average of 2.6 shortcomings per paper was found for the whole sample, with an almost identical number of flaws in both journals. Sustainability has more flaws than Scientometrics in four of the seven parameters studied, while Scientometrics has more shortcomings in the remaining three variables. Research limitations The first limitation of this work is that it is a study of two scientific journals, so the results cannot be directly extrapolated to the set of thematic bibliometric analyses published in journals from all fields. Practical implications We propose the adoption of protocols, guidelines, and other similar tools, adapted to bibliometric practice, which could increase the thoroughness, transparency, and reproducibility of this type of research. Originality/value These results show considerable room for improvement in terms of the adequate use and breakdown of methodological procedures in thematic bibliometric research, both in journals in the Information Science area and journals outside the discipline.",Scientometrics;Bibliometrics;Thematic map;Originality;Quality (philosophy);Sustainability;Data science;Thematic analysis;Computer science;Library science;Sociology;Social science;Geography;Qualitative research,Scientometrics;Bibliometrics;Thematic map;Originality;Quality (philosophy);Sustainability;Data science;Thematic analysis;Computer science;Library science;Sociology;Social science;Geography;Qualitative research;Epistemology;Philosophy;Biology;Ecology;Cartography,https://openalex.org/W1021000864;https://openalex.org/W1566301867;https://openalex.org/W1767272795;https://openalex.org/W1856837095;https://openalex.org/W1987137654;https://openalex.org/W1987673761;https://openalex.org/W1994648990;https://openalex.org/W2062989416;https://openalex.org/W2099217052;https://openalex.org/W2116487592;https://openalex.org/W2117679835;https://openalex.org/W2125873738;https://openalex.org/W2139319950;https://openalex.org/W2158942069;https://openalex.org/W2187005178;https://openalex.org/W2520427567;https://openalex.org/W2521760570;https://openalex.org/W2524045858;https://openalex.org/W2562261867;https://openalex.org/W2620728250;https://openalex.org/W2796228621;https://openalex.org/W2803324129;https://openalex.org/W2803658276;https://openalex.org/W2838196109;https://openalex.org/W2903094709;https://openalex.org/W2923530067;https://openalex.org/W2937759506;https://openalex.org/W2951827315;https://openalex.org/W2977083636;https://openalex.org/W2979876508;https://openalex.org/W2981077025;https://openalex.org/W3001491100;https://openalex.org/W3005164277;https://openalex.org/W3008660969;https://openalex.org/W3042880226;https://openalex.org/W3117160682;https://openalex.org/W3122114034;https://openalex.org/W3123497531;https://openalex.org/W3123554164;https://openalex.org/W3137875885;https://openalex.org/W3145296828;https://openalex.org/W3160856016;https://openalex.org/W3161540023;https://openalex.org/W3173353089;https://openalex.org/W3175412777;https://openalex.org/W3181171922;https://openalex.org/W3186251968;https://openalex.org/W3190716513;https://openalex.org/W3199161670;https://openalex.org/W3209857970;https://openalex.org/W3211940672;https://openalex.org/W4210851318;https://openalex.org/W4220659950;https://openalex.org/W4224294663;https://openalex.org/W4290599638;https://openalex.org/W4293236983;https://openalex.org/W4297415153;https://openalex.org/W4306392724;https://openalex.org/W4309011970;https://openalex.org/W4309791196;https://openalex.org/W4393029960;https://openalex.org/W4402025833;https://openalex.org/W6950570025,,True,ISI,,"Cabezas-Clavijo Á, 2023, Journal of Data and Information Science","Cabezas-Clavijo Á, 2023, Journal of Data and Information Science"
https://openalex.org/W4307872546,10.33407/itlt.v91i5.5048,TEACHERS’ DIGITAL COMPETENCE: BIBLIOMETRIC ANALYSIS OF THE PUBLICATIONS OF THE WEB OF SCIENCE SCIENTOMETRIC DATABASE,2022,Information Technologies and Learning Tools,Information Technologies and Learning Tools,14,article,en,91,5,205,220,Aydın M;Yıldırım T,Mehmet Aydın;Turgut Yıldırım,Hitit Üniversitesi;Hitit Üniversitesi,"With the Online Emergency Remote Teaching (OERT) practices emerged during the outbreak of the pandemic, teachers’ digital competence (TDC) has gained growing attention in educational ICT research realm. In view of this context, the present review study aimed at illuminating the current state of TDCs literature by identifying the volume, growth trajectory, geographical distribution of TDC research. It also aimed at mapping highly influential TDC scholars, documents, and journals. Retrieved from the educational research category in the Clarivate Analytics Web of Science (WoS) core collection database, the metadata of 406 articles were analyzed by employing bibliometric performance and science mapping techniques in VOSwiever 1.6. The timeframe for the study was the last two decades (from 2002 to 2021). Findings illustrated that there has been a growing increase in the number of studies focusing on TDCs. This increase is more evident in the Covid-19 pandemic period, particularly in the last two years. More specifically, more than half of all studies were published in the years 2020 and 2021. Findings also illustrated that there is a dominance of Spanish scholars and organizations in TDC research since 2 out of every 3 studies were carried out by researchers affiliated to Spanish Universities. Additionally, co-citation analysis purported the intellectual structure of TDC knowledge base by identifying the most influential authors and documents. Finally, co-occurrence analysis revealed the concept analysis topical foci of TDC research. These topics are concentrated on “teachers’ digital competence”, “higher education studies”, teacher training programs”, and “ICT in education”. As a result, based on the findings of the study some recommendations were proposed that will contribute into the ICT research community by reflecting the intellectual structure of existing TDC research, thus highlighting the future research direction.",Competence (human resources);Metadata;Citation;Higher education;Web of science;Library science;Data science;World Wide Web;Computer science;Political science;Psychology;MEDLINE,Competence (human resources);Metadata;Citation;Higher education;Web of science;Library science;Data science;World Wide Web;Computer science;Political science;Psychology;MEDLINE;Law;Social psychology,https://openalex.org/W2015846187;https://openalex.org/W2060378812;https://openalex.org/W2072897447;https://openalex.org/W2288856436;https://openalex.org/W2337326858;https://openalex.org/W2592084954;https://openalex.org/W2780278778;https://openalex.org/W2790099794;https://openalex.org/W2793930364;https://openalex.org/W2822573124;https://openalex.org/W2906023844;https://openalex.org/W2911061844;https://openalex.org/W2914577123;https://openalex.org/W3014420450;https://openalex.org/W3026197663;https://openalex.org/W3046881857;https://openalex.org/W3049244185;https://openalex.org/W3092210633;https://openalex.org/W3095938831;https://openalex.org/W3110999789;https://openalex.org/W3125707221;https://openalex.org/W3149382904;https://openalex.org/W4205936216;https://openalex.org/W4211252461;https://openalex.org/W4285222247;https://openalex.org/W4294215472;https://openalex.org/W7075608578,,True,ISI,,"Aydın M, 2022, Information Technologies and Learning Tools","Aydın M, 2022, Information Technologies and Learning Tools"
https://openalex.org/W4388738453,10.5395/rde.2023.48.e41,"A scientometric, bibliometric, and thematic map analysis of hydraulic calcium silicate root canal sealers",2023,Restorative Dentistry & Endodontics,Restorative Dentistry & Endodontics,9,article,en,48,4,e41,e41,Katakidis A;Κωδωνάς Κ;Fardi A;Gogos C,Anastasios Katakidis;Κωνσταντίνος Κωδωνάς;Anastasia Fardi;Christos Gogos,Aristotle University of Thessaloniki;Aristotle University of Thessaloniki;Aristotle University of Thessaloniki;Aristotle University of Thessaloniki,"Objectives: This scientometric and bibliometric analysis explored scientific publications related to hydraulic calcium silicate-based (HCSB) sealers used in endodontology, aiming to describe basic bibliometric indicators and analyze current research trends. Materials and Methods: A comprehensive search was conducted in Web of Science and Scopus using specific HCSB sealer and general endodontic-related terms. Basic research parameters were collected, including publication year, authorship, countries, institutions, journals, level of evidence, study design and topic of interest, title terms, author keywords, citation counts, and density. Results: In total, 498 articles published in 136 journals were retrieved for the period 2008-2023. Brazil was the leading country, and the universities of Bologna in Italy and Sao Paolo in Brazil were represented equally as leading institutions. The most frequently occurring keywords were ""calcium silicate,"" ""root canal sealer MTA-Fillapex,"" and ""biocompatibility,"" while title terms such as ""calcium,"" ""sealers,"" ""root,"" ""canal,"" ""silicate based,"" and ""endodontic"" occurred most often. According to the thematic map analysis, ""solubility"" appeared as a basic theme of concentrated research interest, and ""single-cone technique"" was identified as an emerging, inadequately developed theme. The co-occurrence analysis revealed 4 major clusters centered on sealers' biological and physicochemical properties, obturation techniques, retreatability, and adhesion. Conclusions: This analysis presents bibliographic features and outlines changing trends in HCSB sealer research. The research output is dominated by basic science articles scrutinizing the biological and specific physicochemical properties of commonly used HCSB sealers. Future research needs to be guided by studies with a high level of evidence that utilize innovative, sophisticated technologies.",Scopus;Calcium silicate;Web of science;Bibliometrics;Root canal;Library science;Thematic map;Root Canal Filling Materials;Dentistry;Thematic analysis;Engineering;Computer science;Geography;Chemistry;Social science;Sociology;Qualitative research;Medicine;Chemical engineering;MEDLINE;Cartography,Scopus;Calcium silicate;Web of science;Bibliometrics;Root canal;Library science;Thematic map;Root Canal Filling Materials;Dentistry;Thematic analysis;Engineering;Computer science;Geography;Chemistry;Social science;Sociology;Qualitative research;Medicine;Chemical engineering;MEDLINE;Cartography;Biochemistry,https://openalex.org/W1971753500;https://openalex.org/W1973816953;https://openalex.org/W1980041596;https://openalex.org/W1980457297;https://openalex.org/W1989653343;https://openalex.org/W2012470677;https://openalex.org/W2017680781;https://openalex.org/W2038029140;https://openalex.org/W2043938559;https://openalex.org/W2045804386;https://openalex.org/W2047854309;https://openalex.org/W2053715643;https://openalex.org/W2081395543;https://openalex.org/W2099968567;https://openalex.org/W2122284411;https://openalex.org/W2129026578;https://openalex.org/W2135455887;https://openalex.org/W2150220236;https://openalex.org/W2269289814;https://openalex.org/W2514488124;https://openalex.org/W2537040193;https://openalex.org/W2588829886;https://openalex.org/W2598937145;https://openalex.org/W2669431331;https://openalex.org/W2745896043;https://openalex.org/W2751472538;https://openalex.org/W2755950973;https://openalex.org/W2761541880;https://openalex.org/W2904054224;https://openalex.org/W2909604995;https://openalex.org/W2914687138;https://openalex.org/W2917482611;https://openalex.org/W2917598670;https://openalex.org/W2964653495;https://openalex.org/W2974322986;https://openalex.org/W3081377049;https://openalex.org/W3083853620;https://openalex.org/W3087475178;https://openalex.org/W3090791464;https://openalex.org/W3096169478;https://openalex.org/W3097843888;https://openalex.org/W3132839461;https://openalex.org/W3159241215;https://openalex.org/W3214795473;https://openalex.org/W3217750537;https://openalex.org/W4210783042;https://openalex.org/W4213090514;https://openalex.org/W4220904171;https://openalex.org/W4224271397;https://openalex.org/W4283754558;https://openalex.org/W4293767656,38053781,True,ISI,,"Katakidis A, 2023, Restorative Dentistry & Endodontics","Katakidis A, 2023, Restorative Dentistry & Endodontics"
https://openalex.org/W1514577298,,Statistical relationship of some basic bibliometric indicators in scientometrics research,2006,E-LIS Repository (University of Naples Federico II),E-LIS Repository (University of Naples Federico II),11,article,en,,,,,Uzun A,Ali Uzun,,"This paper presents the results of a search for statistical relationships between authorship in terms of the number of authors, number of significant terms/words in article titles, number of references cited, and citation impact of a set of 467 articles published in the international journal Scientometrics from 1999 to 2003. Our analysis shows that, controlling for the growth dynamics of citations, the mean citation impact of articles depends strongly on the authorship as measured by the number of authors per article. A chi-square test indicated that the number of references cited in articles and their citation impact are not independent. There is a fairly high degree of linear association between the number of times an article is cited and the number of references it contains. Our analysis also shows that at any level of aggregation there is no statistically significant association between citation impact and the number of significant words in the titles of articles.",Scientometrics;Citation;Bibliometrics;Citation analysis;Statistics;Informetrics;Information retrieval;Mathematics;Computer science;Library science,Scientometrics;Citation;Bibliometrics;Citation analysis;Statistics;Informetrics;Information retrieval;Mathematics;Computer science;Library science,https://openalex.org/W1501824762;https://openalex.org/W1923572865;https://openalex.org/W1987651771;https://openalex.org/W1992223968;https://openalex.org/W2001691451;https://openalex.org/W2029902769;https://openalex.org/W2034765382;https://openalex.org/W2049292921;https://openalex.org/W2088209891;https://openalex.org/W2141830052,,True,ISI,,"Uzun A, 2006, E-LIS Repository (University of Naples Federico II)","Uzun A, 2006, E-LIS Repository (University of Naples Federico II)"
https://openalex.org/W1970317281,10.1016/j.joi.2013.11.006,"Referenced Publication Years Spectroscopy applied to iMetrics: Scientometrics, Journal of Informetrics, and a relevant subset of JASIST",2013,Journal of Informetrics,Journal of Informetrics,67,article,en,8,1,162,174,Leydesdorff L;Bornmann L;Marx W;Milojević S,Loet Leydesdorff;Lutz Bornmann;Werner Marx;Staša Milojević,University of Amsterdam;Max Planck Society;Max Planck Innovation;Max Planck Society;Max Planck Institute for Solid State Research;Indiana University Bloomington,,Informetrics;Scientometrics;Webometrics;Bibliometrics;Information science;Field (mathematics);Computer science;Citation analysis;Historiography;Library science;Citation;Data science;Sociology;Information retrieval;Mathematics;History;Archaeology,Informetrics;Scientometrics;Webometrics;Bibliometrics;Information science;Field (mathematics);Computer science;Citation analysis;Historiography;Library science;Citation;Data science;Sociology;Information retrieval;Mathematics;History;Archaeology;Pure mathematics,https://openalex.org/W26591655;https://openalex.org/W204184694;https://openalex.org/W282661172;https://openalex.org/W406100599;https://openalex.org/W601204121;https://openalex.org/W1515587369;https://openalex.org/W1523889378;https://openalex.org/W1546171873;https://openalex.org/W1567889822;https://openalex.org/W1602667807;https://openalex.org/W1640247171;https://openalex.org/W1768072090;https://openalex.org/W1795670397;https://openalex.org/W1825927455;https://openalex.org/W1859177121;https://openalex.org/W1945328159;https://openalex.org/W1964137952;https://openalex.org/W1969949383;https://openalex.org/W1970859146;https://openalex.org/W1972922514;https://openalex.org/W1977062359;https://openalex.org/W1980194342;https://openalex.org/W1981065051;https://openalex.org/W1981745473;https://openalex.org/W1995875735;https://openalex.org/W2005207065;https://openalex.org/W2008620264;https://openalex.org/W2015574270;https://openalex.org/W2018095064;https://openalex.org/W2019753053;https://openalex.org/W2023754051;https://openalex.org/W2026273736;https://openalex.org/W2028442912;https://openalex.org/W2028913250;https://openalex.org/W2036671379;https://openalex.org/W2041981778;https://openalex.org/W2045313021;https://openalex.org/W2054650225;https://openalex.org/W2057893568;https://openalex.org/W2061600943;https://openalex.org/W2064527941;https://openalex.org/W2065589403;https://openalex.org/W2066183922;https://openalex.org/W2069656088;https://openalex.org/W2070437482;https://openalex.org/W2072897447;https://openalex.org/W2073515370;https://openalex.org/W2075089051;https://openalex.org/W2079656678;https://openalex.org/W2080450835;https://openalex.org/W2088209891;https://openalex.org/W2091278461;https://openalex.org/W2097433269;https://openalex.org/W2097914836;https://openalex.org/W2104613635;https://openalex.org/W2104708909;https://openalex.org/W2113788004;https://openalex.org/W2119116824;https://openalex.org/W2126053020;https://openalex.org/W2130548493;https://openalex.org/W2135196051;https://openalex.org/W2137818458;https://openalex.org/W2145845082;https://openalex.org/W2150265421;https://openalex.org/W2150499457;https://openalex.org/W2151813096;https://openalex.org/W2162180338;https://openalex.org/W2171789734;https://openalex.org/W2172212846;https://openalex.org/W2318298241;https://openalex.org/W2329738111;https://openalex.org/W2463095032;https://openalex.org/W2752714680;https://openalex.org/W2753533763;https://openalex.org/W2796588464;https://openalex.org/W2951364172;https://openalex.org/W2951709229;https://openalex.org/W2952359350;https://openalex.org/W2952841422;https://openalex.org/W2963169551;https://openalex.org/W2993383518;https://openalex.org/W3100447784;https://openalex.org/W3123260205;https://openalex.org/W3124263630;https://openalex.org/W3124934398;https://openalex.org/W3142744039;https://openalex.org/W4206489165;https://openalex.org/W4235943384;https://openalex.org/W4238243588;https://openalex.org/W4240470267;https://openalex.org/W4244276741;https://openalex.org/W4292887282;https://openalex.org/W4297754115;https://openalex.org/W6601052559;https://openalex.org/W6668808327;https://openalex.org/W6669154276;https://openalex.org/W6676014497;https://openalex.org/W6719649792;https://openalex.org/W6764295788;https://openalex.org/W6764760209;https://openalex.org/W6765167274,,False,ISI,,"Leydesdorff L, 2013, Journal of Informetrics","Leydesdorff L, 2013, Journal of Informetrics"
https://openalex.org/W2024515037,10.1629/2048-7754.25.3.311,"Key Issue - Scientometrics, bibliometrics, altmetrics: some introductory advice for the lost and bemused",2012,Insights the UKSG journal,Insights the UKSG journal,13,article,en,25,3,311,315,Baynes G,Grace Baynes,,"Metrics and their use and mis-use are very live issues for our communities. January 2013 sees the launch of the submissions system for the Research Excellence Framework (REF) 2014, the new system for assessing the quality of research in UK higher education institutions (HEIs). Bibliometric data such as citations will be used by the REF panels as part of their deliberation. While publications are still a key part of that analysis, panels are explicitly forbidden to consider the impact factor of the journal where those publications appear, when assessing the article's impact or importance: 'No sub-panel will make any use of journal impact factors, rankings, lists or the perceived standing of publishers in assessing the quality of research outputs'. 1",Altmetrics;Scientometrics;Bibliometrics;Key (lock);Data science;Library science;Biology;Computer science;Ecology,Altmetrics;Scientometrics;Bibliometrics;Key (lock);Data science;Library science;Biology;Computer science;Ecology,https://openalex.org/W2054475857;https://openalex.org/W2128438887,,True,ISI,,"Baynes G, 2012, Insights the UKSG journal","Baynes G, 2012, Insights the UKSG journal"
https://openalex.org/W3179555156,10.3390/ijerph18147358,Changes in the Structures and Directions of Heavy Metal-Contaminated Soil Remediation Research from 1999 to 2020: A Bibliometric &amp; Scientometric Study,2021,International Journal of Environmental Research and Public Health,International Journal of Environmental Research and Public Health,25,article,en,18,14,7358,7358,Shi D;Xie C;Wang J;Xiong L,Dongping Shi;Chengyu Xie;Jinmiao Wang;Lichun Xiong,Xiangtan University;Xiangtan University;Xiangtan University,"The pollution of heavy metals in soil is a problem of great concern to international scholars today. This research investigates the current research activities in the field of soil heavy metal pollution remediation and discusses the current areas of research focus and development trends. We conducted a bibliometric analysis of the literature on soil heavy metal pollution remediation from 1999 to 2020. CiteSpace and Vosviewer were used to conduct document co-citation and cluster analyses on the collected data. The research was mainly carried out based on the following factors: chronological distribution, country and institution distribution, source journal analysis, keyword co-occurrence analysis, and reference co-citation analysis. China (2173, 28.64%) and the United States (946, 12.47%) are the top two countries in terms of the number of articles published, and Environmental Science and Pollution Research (384, 5.06%) and Science of the Total Environment (345, 4.55%) published the most articles. The Chinese Academy of Science (485) is the organization that has contributed the most to the total number of publications. Furthermore, based on a keyword co-word analysis with Vosviewer and CitesSpace, it was concluded that the applications of phytoremediation and biochar in the remediation of heavy metals in soil are current research hotspots. Additionally, future research should focus on repair mechanisms, the development of new repair technology and joint repair systems.",Environmental remediation;Soil remediation;China;Environmental science;Soil contamination;Heavy metals;Citation;Phytoremediation;Pollution;Environmental planning;Library science;Geography;Soil water;Computer science;Contamination;Environmental chemistry;Soil science;Archaeology,Environmental remediation;Soil remediation;China;Environmental science;Soil contamination;Heavy metals;Citation;Phytoremediation;Pollution;Environmental planning;Library science;Geography;Soil water;Computer science;Contamination;Environmental chemistry;Soil science;Archaeology;Chemistry;Biology;Ecology,https://openalex.org/W1559665635;https://openalex.org/W1888811121;https://openalex.org/W1954445256;https://openalex.org/W1966544507;https://openalex.org/W1974285157;https://openalex.org/W1995807015;https://openalex.org/W1999185871;https://openalex.org/W2007031380;https://openalex.org/W2007762983;https://openalex.org/W2007904247;https://openalex.org/W2013874115;https://openalex.org/W2016367291;https://openalex.org/W2022742799;https://openalex.org/W2030623715;https://openalex.org/W2031720269;https://openalex.org/W2032841931;https://openalex.org/W2050567146;https://openalex.org/W2056148270;https://openalex.org/W2073695396;https://openalex.org/W2076318631;https://openalex.org/W2090345409;https://openalex.org/W2098343482;https://openalex.org/W2109313969;https://openalex.org/W2114070472;https://openalex.org/W2115128296;https://openalex.org/W2116575643;https://openalex.org/W2126164548;https://openalex.org/W2148428118;https://openalex.org/W2150220236;https://openalex.org/W2202404877;https://openalex.org/W2223390873;https://openalex.org/W2281506521;https://openalex.org/W2411182676;https://openalex.org/W2414369363;https://openalex.org/W2557583925;https://openalex.org/W2565813131;https://openalex.org/W2591173772;https://openalex.org/W2715798275;https://openalex.org/W2742493246;https://openalex.org/W2747467399;https://openalex.org/W2775635259;https://openalex.org/W2781875978;https://openalex.org/W2792976223;https://openalex.org/W2794032190;https://openalex.org/W2797873488;https://openalex.org/W2805715092;https://openalex.org/W2890847497;https://openalex.org/W2900202035;https://openalex.org/W2912668888;https://openalex.org/W2973782595;https://openalex.org/W2989686880;https://openalex.org/W3006316917;https://openalex.org/W3043996321;https://openalex.org/W3045018614;https://openalex.org/W3048949130;https://openalex.org/W3053683890;https://openalex.org/W3092753352;https://openalex.org/W3098217728;https://openalex.org/W3154920017;https://openalex.org/W4238591974;https://openalex.org/W4254064177;https://openalex.org/W6658447074;https://openalex.org/W6678863169,34299808,True,ISI,,"Shi D, 2021, International Journal of Environmental Research and Public Health","Shi D, 2021, International Journal of Environmental Research and Public Health"
https://openalex.org/W2032242441,10.11606/issn.2178-2075.v2i1p110-129,Análise bibliométrica e cientométrica: desafios para especialistas que atuam no campo,2011,InCID Revista de Ciência da Informação e Documentação,InCID Revista de Ciência da Informação e Documentação,95,article,pt,2,1,110,129,Regina da Silva M;Roberto Massao Hayashi C;Cristina Piumbato Innocentini Hayashi M,Márcia Regina da Silva;Carlos Roberto Massao Hayashi;María Cristina Piumbato Innocentini Hayashi,Universidade de São Paulo,"Bibliometrics and scientometrics apply quantitative methods for statistical publications and scientific activities. Currently, researchers, information specialists and librarians as well as laboratories, directors of research, universities, governments, utilize techniques and scientometric and bibliometric methods to evaluate the scientific activities. This article discusses the use of bibliometrics and scientometrics by information professionals and specialists and aims to devise and propose a set of requirements for analysis of bibliometric and scientometric analysis. From the methodological point of view, the study is based on several areas of Information Science and Sociology of Science, which were mandatory in search of theories and explanatory models, as well as the convergent and divergent views existing within the study of the metric information. The text is organized into three parts and begins by presenting a historical and conceptual overview of bibliometrics and scientometrics. After that are focused in experts involved in conducting bibliometric and scientometric analysis: librarians and researchers. Finally, we present a set of requirements to perform scientometric and bibliometric analysis, formulated from the perspective that relates the different users of this methodology and procedures necessary for its realization. The findings highlight the need for greater interaction between the various specialists involved in conducting a bibliometric analysis in view of the quality of the studies.",Scientometrics;Bibliometrics;Data science;Computer science;Set (abstract data type);Information science;Library science,Scientometrics;Bibliometrics;Data science;Computer science;Set (abstract data type);Information science;Library science;Programming language,https://openalex.org/W39731922;https://openalex.org/W102840971;https://openalex.org/W1515064776;https://openalex.org/W1984948555;https://openalex.org/W2080450835;https://openalex.org/W2099095131;https://openalex.org/W2110562193;https://openalex.org/W2169058265;https://openalex.org/W2183887601;https://openalex.org/W2275696275;https://openalex.org/W2800862190;https://openalex.org/W4233868617;https://openalex.org/W4245657047;https://openalex.org/W4292887282,,True,ISI,,"Regina da Silva M, 2011, InCID Revista de Ciência da Informação e Documentação","Regina da Silva M, 2011, InCID Revista de Ciência da Informação e Documentação"
https://openalex.org/W1587562017,10.1108/03055720910962461,Scientometrics and patent bibliometrics in RUL analysis,2009,VINE,VINE,4,article,en,39,1,80,91,Cavaller V,Víctor Cavaller,Universitat Oberta de Catalunya,Purpose – This article aims to show the application of scientometrics and patent bibliometrics in remaining useful life (RUL) analysis for evaluating the value of intangible assets.,Scientometrics;Bibliometrics;Patent analysis;Value (mathematics);Computer science;Data science;Library science;Mathematics;Statistics,Scientometrics;Bibliometrics;Patent analysis;Value (mathematics);Computer science;Data science;Library science;Mathematics;Statistics,https://openalex.org/W1524264467;https://openalex.org/W1577031749;https://openalex.org/W1605872579;https://openalex.org/W1990513740;https://openalex.org/W1999138303;https://openalex.org/W2001750040;https://openalex.org/W2021175767;https://openalex.org/W2021532617;https://openalex.org/W2069096658;https://openalex.org/W2076856536;https://openalex.org/W2110968085;https://openalex.org/W2127970360;https://openalex.org/W4285719527,,False,ISI,,"Cavaller V, 2009, VINE","Cavaller V, 2009, VINE"
https://openalex.org/W2101174610,10.1007/s11192-006-0086-0,On the origins of bibliometrics,2006,Scientometrics,Scientometrics,287,article,en,68,1,109,133,Godin B,Benoı̂t Godin,Centre National pour la Recherche Scientifique et Technique (CNRST),,Bibliometrics;Scientometrics;Prehistory;Sociology;Social science;Library science;History;Computer science;Archaeology,Bibliometrics;Scientometrics;Prehistory;Sociology;Social science;Library science;History;Computer science;Archaeology,https://openalex.org/W372086560;https://openalex.org/W584623580;https://openalex.org/W607696910;https://openalex.org/W626282184;https://openalex.org/W1506064566;https://openalex.org/W1605894186;https://openalex.org/W1741210919;https://openalex.org/W1887907191;https://openalex.org/W1888811121;https://openalex.org/W1964137952;https://openalex.org/W1964691173;https://openalex.org/W1965332903;https://openalex.org/W1965541209;https://openalex.org/W1968843537;https://openalex.org/W1969052433;https://openalex.org/W1969949383;https://openalex.org/W1973608017;https://openalex.org/W1974340073;https://openalex.org/W1975865715;https://openalex.org/W1976145364;https://openalex.org/W1976495045;https://openalex.org/W1977342071;https://openalex.org/W1978992399;https://openalex.org/W1988730074;https://openalex.org/W1992220674;https://openalex.org/W1994601684;https://openalex.org/W1995199691;https://openalex.org/W1998478343;https://openalex.org/W1999762043;https://openalex.org/W1999825277;https://openalex.org/W2006645005;https://openalex.org/W2007076299;https://openalex.org/W2012586877;https://openalex.org/W2017767295;https://openalex.org/W2018388355;https://openalex.org/W2020293019;https://openalex.org/W2021846431;https://openalex.org/W2023307929;https://openalex.org/W2023332871;https://openalex.org/W2024374034;https://openalex.org/W2032715332;https://openalex.org/W2037448763;https://openalex.org/W2038049849;https://openalex.org/W2039872723;https://openalex.org/W2040090443;https://openalex.org/W2052663919;https://openalex.org/W2052749483;https://openalex.org/W2053545392;https://openalex.org/W2058730894;https://openalex.org/W2059055024;https://openalex.org/W2059070870;https://openalex.org/W2062375064;https://openalex.org/W2066123769;https://openalex.org/W2067775139;https://openalex.org/W2068935259;https://openalex.org/W2069656088;https://openalex.org/W2071083091;https://openalex.org/W2071294258;https://openalex.org/W2072129648;https://openalex.org/W2072430591;https://openalex.org/W2073257733;https://openalex.org/W2073533780;https://openalex.org/W2075359146;https://openalex.org/W2078471866;https://openalex.org/W2079730304;https://openalex.org/W2080516195;https://openalex.org/W2081174989;https://openalex.org/W2081602872;https://openalex.org/W2082227567;https://openalex.org/W2083323045;https://openalex.org/W2084856845;https://openalex.org/W2085412362;https://openalex.org/W2086517394;https://openalex.org/W2088334898;https://openalex.org/W2093616040;https://openalex.org/W2094647111;https://openalex.org/W2096060377;https://openalex.org/W2103182679;https://openalex.org/W2106314687;https://openalex.org/W2108259628;https://openalex.org/W2119918465;https://openalex.org/W2124949857;https://openalex.org/W2130640751;https://openalex.org/W2131288367;https://openalex.org/W2142438556;https://openalex.org/W2146283381;https://openalex.org/W2148445706;https://openalex.org/W2153480069;https://openalex.org/W2165130370;https://openalex.org/W2167651468;https://openalex.org/W2210818202;https://openalex.org/W2312979272;https://openalex.org/W2316006129;https://openalex.org/W2316060217;https://openalex.org/W2318634367;https://openalex.org/W2319962236;https://openalex.org/W2322075549;https://openalex.org/W2325608508;https://openalex.org/W2325642353;https://openalex.org/W2326729949;https://openalex.org/W2327971384;https://openalex.org/W2328773765;https://openalex.org/W2328885803;https://openalex.org/W2330340312;https://openalex.org/W2330587830;https://openalex.org/W2334436640;https://openalex.org/W2334673350;https://openalex.org/W2334963766;https://openalex.org/W2411263438;https://openalex.org/W2411397266;https://openalex.org/W2412044829;https://openalex.org/W2414401538;https://openalex.org/W2463095032;https://openalex.org/W2550585582;https://openalex.org/W2915073144;https://openalex.org/W2915182065;https://openalex.org/W2915503176;https://openalex.org/W2915516170;https://openalex.org/W2915546106;https://openalex.org/W2917412268;https://openalex.org/W2935985001;https://openalex.org/W2987763459;https://openalex.org/W3041949276;https://openalex.org/W3120085694;https://openalex.org/W3176178941;https://openalex.org/W4285719527,,False,ISI,,"Godin B, 2006, Scientometrics","Godin B, 2006, Scientometrics"
https://openalex.org/W4391537262,10.3389/fmed.2024.1326764,Bibliometric and scientometric analysis on biomarkers and molecular mechanisms for physical frailty and sarcopenia,2024,Frontiers in Medicine,Frontiers in Medicine,7,article,en,11,,1326764,1326764,Ginevičienė V;Pranckevičienė E;Kilaitė J;Mastavičiūtė A;Dadelienė R;Eglė Jamontaitė I;Letukienė A;I. Ahmetov I;Alekna V,Valentina Ginevičienė;Erinija Pranckevičienė;Justina Kilaitė;Asta Mastavičiūtė;Rūta Dadelienė;Ieva Eglė Jamontaitė;Austėja Letukienė;Ildus I. Ahmetov;Vidmantas Alekna,Vilnius University;Vytautas Magnus University;Vilnius University;Vilnius University;Vilnius University;Vilnius University;Vilnius University;Vilnius University;Liverpool John Moores University;Vilnius University;Vilnius University,"Introduction: The influence of physical frailty and sarcopenia (PFS) on the well-being of older people and continuous pressure on the healthcare systems has prompted a research on the pathophysiology and molecular mechanisms of these conditions. Nonetheless some biomarkers have been suggested as potential markers for PFS none of them have been shown to highlight the complex nature of PFS, which reveals that there is a need for an understanding of the possible biomarker candidates. The aim of this study was to identify the current research hotspots, status, and trends in the field of biomarkers and molecular mechanisms for PFS. Methods: The bibliometric and scientometric analyses were performed using VOSviewer (version 1.6.18) and open source software platform Cytoscape v.3.9 (for visualizing and constructing a network of keywords). Data of publications (from 1997 to 2023) related to biomarkers and molecular mechanisms of PFS were obtained (in May 2023) from the database of Science Citation Index Expanded of Web of Science, Scopus, and PubMed. The keywords obtained from the Scopus database were used to perform a meaningful keyword analysis. A network of keyword relationships was build using Cytoscape. Results: In this study, we present biomarker keywords for PFS in relation to other keywords potentially designating processes and mechanisms and reveal the biomarker identities and current contexts in which these biomarker identities are discussed. Conclusions: Over recent years, scientific interest in the field of PFS has increased and focused on the inflammatory process and probably will be concentrated on myokines (such as cytokines and small proteins) that are synthetized and released by skeletal muscles in response to physical activity. Moreover, proteomic and genetic markers are deeply involved in PFS.",Scopus;Sarcopenia;Biomarker;Web of science;Citation;Data science;Bibliometrics;Computer science;Bioinformatics;Medicine;MEDLINE;Data mining;Biology;Meta-analysis;Internal medicine;Library science,Scopus;Sarcopenia;Biomarker;Web of science;Citation;Data science;Bibliometrics;Computer science;Bioinformatics;Medicine;MEDLINE;Data mining;Biology;Meta-analysis;Internal medicine;Library science;Biochemistry,https://openalex.org/W1493610819;https://openalex.org/W1603075604;https://openalex.org/W1879847518;https://openalex.org/W1965171102;https://openalex.org/W1990826584;https://openalex.org/W2026857149;https://openalex.org/W2040699631;https://openalex.org/W2048550306;https://openalex.org/W2092170177;https://openalex.org/W2150220236;https://openalex.org/W2153127464;https://openalex.org/W2159675211;https://openalex.org/W2164059021;https://openalex.org/W2375517807;https://openalex.org/W2518202212;https://openalex.org/W2606209095;https://openalex.org/W2610579911;https://openalex.org/W2729907866;https://openalex.org/W2763901719;https://openalex.org/W2769439043;https://openalex.org/W2791737241;https://openalex.org/W2801480947;https://openalex.org/W2884081989;https://openalex.org/W2891010895;https://openalex.org/W2891081841;https://openalex.org/W2896556542;https://openalex.org/W2897513125;https://openalex.org/W2900350454;https://openalex.org/W2905229149;https://openalex.org/W2911479715;https://openalex.org/W2942918764;https://openalex.org/W2963453445;https://openalex.org/W2970359228;https://openalex.org/W2971022937;https://openalex.org/W2974615636;https://openalex.org/W2998004423;https://openalex.org/W3003852938;https://openalex.org/W3009975500;https://openalex.org/W3016532766;https://openalex.org/W3029970066;https://openalex.org/W3033199665;https://openalex.org/W3034610675;https://openalex.org/W3040071490;https://openalex.org/W3047210528;https://openalex.org/W3048760684;https://openalex.org/W3083691870;https://openalex.org/W3087970780;https://openalex.org/W3088862363;https://openalex.org/W3089036665;https://openalex.org/W3091880684;https://openalex.org/W3093511695;https://openalex.org/W3096853859;https://openalex.org/W3108240984;https://openalex.org/W3116480305;https://openalex.org/W3119134848;https://openalex.org/W3122693493;https://openalex.org/W3128816319;https://openalex.org/W3131175526;https://openalex.org/W3136047257;https://openalex.org/W3142193350;https://openalex.org/W3171704922;https://openalex.org/W3194731752;https://openalex.org/W3197126714;https://openalex.org/W3198540629;https://openalex.org/W3202133882;https://openalex.org/W3215209416;https://openalex.org/W3215963278;https://openalex.org/W4200123617;https://openalex.org/W4200624565;https://openalex.org/W4214841853;https://openalex.org/W4214855365;https://openalex.org/W4221125589;https://openalex.org/W4226487090;https://openalex.org/W4288489700;https://openalex.org/W4291152224;https://openalex.org/W4296849453;https://openalex.org/W4304775450;https://openalex.org/W4307250470;https://openalex.org/W4309007953;https://openalex.org/W4313278746;https://openalex.org/W4313641121;https://openalex.org/W4319018352;https://openalex.org/W4327681924;https://openalex.org/W6792449215,38375321,True,ISI,,"Ginevičienė V, 2024, Frontiers in Medicine","Ginevičienė V, 2024, Frontiers in Medicine"
https://openalex.org/W2065589403,10.1007/s11192-012-0861-z,Information metrics (iMetrics): a research specialty with a socio-cognitive identity?,2012,Scientometrics,Scientometrics,60,article,en,95,1,141,157,Milojević S;Leydesdorff L,Staša Milojević;Loet Leydesdorff,Indiana University Bloomington;University of Amsterdam,,Vocabulary;Core (optical fiber);Focus (optics);Similarity (geometry);Field (mathematics);Information science;Representation (politics);Specialty,Vocabulary;Core (optical fiber);Computer science;Focus (optics);Similarity (geometry);Field (mathematics);Information science;Representation (politics);Data science;Information retrieval;Specialty;Front (military);Knowledge management;Citation analysis;Information system;Information behavior;Bibliometrics;World Wide Web;Focus group;Information source (mathematics);Scientometrics;Sociology;Library science;Hierarchy,https://openalex.org/W55385738;https://openalex.org/W1488271674;https://openalex.org/W1546171873;https://openalex.org/W1593334067;https://openalex.org/W1795670397;https://openalex.org/W1806724978;https://openalex.org/W1888811121;https://openalex.org/W1971419707;https://openalex.org/W1973370066;https://openalex.org/W1982564000;https://openalex.org/W1984066943;https://openalex.org/W1985690616;https://openalex.org/W1997288121;https://openalex.org/W2001616711;https://openalex.org/W2009117424;https://openalex.org/W2009405785;https://openalex.org/W2019600025;https://openalex.org/W2028663150;https://openalex.org/W2032402175;https://openalex.org/W2069134922;https://openalex.org/W2069656088;https://openalex.org/W2070405287;https://openalex.org/W2079844393;https://openalex.org/W2088209891;https://openalex.org/W2096123611;https://openalex.org/W2098065810;https://openalex.org/W2104708909;https://openalex.org/W2137224556;https://openalex.org/W2137818458;https://openalex.org/W2149375564;https://openalex.org/W2168160236;https://openalex.org/W2172212846;https://openalex.org/W2233724384;https://openalex.org/W2949465411;https://openalex.org/W2951364172;https://openalex.org/W4210719129;https://openalex.org/W4239379975;https://openalex.org/W4255740597;https://openalex.org/W6641644096;https://openalex.org/W6667961236;https://openalex.org/W6996884875,,True,ISI,,"Milojević S, 2012, Scientometrics","Milojević S, 2012, Scientometrics"
https://openalex.org/W4401669544,10.58763/rc2024300,Scientometric and bibliometric review on entrepreneurship networks and ecosystems,2024,Región Científica,Región Científica,4,article,en,,,,,Lourdes Meléndez Mejía M,María Lourdes Meléndez Mejía,National Autonomous University of Honduras,"The scientometric and bibliometric review on Entrepreneurship Networks and Ecosystems seeks to characterize the existing information on this field, thus delving into trends, structures, knowledge systems, and other relevant indicators. In the field of business entrepreneurship, it is critical to understand the coexistence of different actors and the articulation of their efforts to achieve the expected objectives and generate synergies. Therefore, a study was conducted aimed at resolving the following question: What scientometric and bibliometric characteristics does the field of Entrepreneurial Networks and Ecosystems present? The quantitative and retrospective methodology was applied by combining databases and the VOSviewer program. As results, it is established that the countries that have the greatest content of scientific research in the field, the authors and collaboration networks, the evolution of citations and publications, as well as inferences and comparisons that favor the representation of the field. It is concluded that it is necessary to establish refined review systems, delve into hidden colleges, and generate comprehensive frameworks to understand disciplinary interactions.",Entrepreneurship;Regional science;Bibliometrics;Geography;Data science;Knowledge management;Sociology;Library science;Political science;Computer science,Entrepreneurship;Regional science;Bibliometrics;Geography;Data science;Knowledge management;Sociology;Library science;Political science;Computer science;Law,https://openalex.org/W2936927490;https://openalex.org/W2986574159;https://openalex.org/W2991164352;https://openalex.org/W2996262024;https://openalex.org/W2996577521;https://openalex.org/W2998116793;https://openalex.org/W3001491100;https://openalex.org/W3004418346;https://openalex.org/W3007474713;https://openalex.org/W3008301084;https://openalex.org/W3010689078;https://openalex.org/W3015151130;https://openalex.org/W3019454844;https://openalex.org/W3026797071;https://openalex.org/W3038128212;https://openalex.org/W3048506540;https://openalex.org/W3097880826;https://openalex.org/W3113988745;https://openalex.org/W3116509636;https://openalex.org/W3118492455;https://openalex.org/W3118926570;https://openalex.org/W3127860908;https://openalex.org/W3142794099;https://openalex.org/W3157142340;https://openalex.org/W3157168173;https://openalex.org/W3175594900;https://openalex.org/W3177437904;https://openalex.org/W3183498762;https://openalex.org/W3207818280;https://openalex.org/W3209279468;https://openalex.org/W3209654199;https://openalex.org/W3210592320;https://openalex.org/W3211413604;https://openalex.org/W4206586935;https://openalex.org/W4283581719;https://openalex.org/W4293221698;https://openalex.org/W4297730276;https://openalex.org/W4297977864;https://openalex.org/W4307563169;https://openalex.org/W4310071470;https://openalex.org/W4315978872;https://openalex.org/W4321132643;https://openalex.org/W4327518882;https://openalex.org/W4377102688;https://openalex.org/W4386169361;https://openalex.org/W4387582182;https://openalex.org/W4391881035;https://openalex.org/W4399974505;https://openalex.org/W4400116465,,True,ISI,,"Lourdes Meléndez Mejía M, 2024, Región Científica","Lourdes Meléndez Mejía M, 2024, Región Científica"
https://openalex.org/W4293226559,10.1108/tqm-11-2021-0328,Quality 4.0 conceptualisation: an emerging quality management concept for manufacturing industries,2022,The TQM Journal,The TQM Journal,107,article,en,35,2,389,413,Pastory Maganga D;W. R. Taifa I,Deusdedith Pastory Maganga;Ismail W. R. Taifa,Tanzania Bureau of Standards;University of Dar es Salaam,"Purpose Quality 4.0 refers to a modern quality management approach that uses Industry 4.0 technologies, integration and digitalisation. This research explores the current understandings of Quality 4.0 in various publications. The focus is on Quality 4.0 concepts or explanations, available models, motivation and readiness factors for adoption, enablers and technologies that can be leveraged. Design/methodology/approach A qualitative approach was deployed to collect the findings. This paper employs bibliometric, scientometric and visual analytic tools to identify and analyse articles from Scopus, Web of Science (WOS), Google Scholar databases and other sources such as ScienceDirect and Taylor and Francis. Findings The bibliometric results revealed that Quality 4.0 publications began in 2016 and increased dramatically in 2020 and 2021, with India leading the way while scientometric analysis found no clear definition of Quality 4.0 hitherto. However, several authors have defined the concept of Quality 4.0, arguing that it is characterised by digitalisation and integration, Industry 4.0 technologies applications and big data management. Some of the Quality 4.0 models published in the theoretical underpinnings include total quality management (TQM) in the basis of Industry 4.0 model, the European Foundation for quality management model, Quality 4.0 model combining operational technology (OT) and information technology (IT) through digital transformation and the LSN Research eleven axes of Quality 4.0 model. The research highlights key enablers of Quality 4.0 adoption, such as enabling technologies, big data capability, skilled and competent workers, collaboration and leadership support. Research limitations/implications The findings can benefit Quality 4.0 researchers and practitioners on the available Quality 4.0 models, motivation and readiness factors for Quality 4.0 adoption, enablers and leveraged technologies in Quality 4.0. Originality/value This study attempted to explore the current understandings of Quality 4.0 concepts to sediment these emerging quality management concepts for manufacturing industries.",Quality (philosophy);Scopus;Quality management;Big data;Total quality management;Knowledge management;Computer science;Digital transformation;Quality management system;Process management;Business;Data science;Marketing;Political science;World Wide Web;Lean manufacturing;Data mining,Quality (philosophy);Scopus;Quality management;Big data;Total quality management;Knowledge management;Computer science;Digital transformation;Quality management system;Process management;Business;Data science;Marketing;Political science;World Wide Web;Lean manufacturing;Data mining;Philosophy;MEDLINE;Law;Service (business);Epistemology,https://openalex.org/W2145535121;https://openalex.org/W2569402951;https://openalex.org/W2570613596;https://openalex.org/W2610953100;https://openalex.org/W2891753839;https://openalex.org/W2922415858;https://openalex.org/W2967193181;https://openalex.org/W2968482246;https://openalex.org/W2974672392;https://openalex.org/W2991183436;https://openalex.org/W3006681552;https://openalex.org/W3007452371;https://openalex.org/W3007683889;https://openalex.org/W3012013118;https://openalex.org/W3014624905;https://openalex.org/W3014727174;https://openalex.org/W3016668211;https://openalex.org/W3027430241;https://openalex.org/W3028611419;https://openalex.org/W3037544718;https://openalex.org/W3037957076;https://openalex.org/W3038022876;https://openalex.org/W3053204337;https://openalex.org/W3082168777;https://openalex.org/W3090192260;https://openalex.org/W3102183548;https://openalex.org/W3106858385;https://openalex.org/W3107651435;https://openalex.org/W3109960641;https://openalex.org/W3115434862;https://openalex.org/W3116838259;https://openalex.org/W3120524416;https://openalex.org/W3124556920;https://openalex.org/W3126008624;https://openalex.org/W3126899884;https://openalex.org/W3128611704;https://openalex.org/W3129652241;https://openalex.org/W3135464301;https://openalex.org/W3136528971;https://openalex.org/W3138564772;https://openalex.org/W3146576141;https://openalex.org/W3155708634;https://openalex.org/W3155982367;https://openalex.org/W3157509993;https://openalex.org/W3157619709;https://openalex.org/W3157886243;https://openalex.org/W3158384747;https://openalex.org/W3158534975;https://openalex.org/W3168748196;https://openalex.org/W3171953379;https://openalex.org/W3173730606;https://openalex.org/W3174196206;https://openalex.org/W3174953345;https://openalex.org/W3175432212;https://openalex.org/W3177242802;https://openalex.org/W3179341191;https://openalex.org/W3181080980;https://openalex.org/W3181590596;https://openalex.org/W3193296575;https://openalex.org/W3194980734;https://openalex.org/W3195224051;https://openalex.org/W3195718065;https://openalex.org/W3198106714;https://openalex.org/W3201444070;https://openalex.org/W3206719447;https://openalex.org/W3207661215;https://openalex.org/W4251665967;https://openalex.org/W4388484994,,False,ISI,,"Pastory Maganga D, 2022, The TQM Journal","Pastory Maganga D, 2022, The TQM Journal"
https://openalex.org/W2285085441,10.1007/s11192-016-1885-6,Scientific workflows for bibliometrics,2016,Scientometrics,Scientometrics,213,article,en,107,2,385,398,Tuğçe Güler A;J. F. Waaijer C;Palmblad M,Arzu Tuğçe Güler;Cathelijn J. F. Waaijer;Magnus Palmblad,Leiden University Medical Center;Netherlands Metabolomics Centre;Leiden University;Leiden University Medical Center;Netherlands Metabolomics Centre,"Scientific workflows organize the assembly of specialized software into an overall data flow and are particularly well suited for multi-step analyses using different types of software tools. They are also favorable in terms of reusability, as previously designed workflows could be made publicly available through the myExperiment community and then used in other workflows. We here illustrate how scientific workflows and the Taverna workbench in particular can be used in bibliometrics. We discuss the specific capabilities of Taverna that makes this software a powerful tool in this field, such as automated data import via Web services, data extraction from XML by XPaths, and statistical analysis and visualization with R. The support of the latter is particularly relevant, as it allows integration of a number of recently developed R packages specifically for bibliometrics. Examples are used to illustrate the possibilities of Taverna in the fields of bibliometrics and scientometrics.",Workflow;Bibliometrics;Computer science;Workbench;Data science;Software;Scientometrics;Field (mathematics);Visualization;World Wide Web;Data visualization;Information retrieval;Data mining;Database,Workflow;Bibliometrics;Computer science;Workbench;Data science;Software;Scientometrics;Field (mathematics);Visualization;World Wide Web;Data visualization;Information retrieval;Data mining;Database;Programming language;Mathematics;Pure mathematics,https://openalex.org/W229097380;https://openalex.org/W1516171683;https://openalex.org/W1753361524;https://openalex.org/W1835740130;https://openalex.org/W1978317178;https://openalex.org/W2013434113;https://openalex.org/W2068606970;https://openalex.org/W2097148950;https://openalex.org/W2107523227;https://openalex.org/W2111708605;https://openalex.org/W2127800791;https://openalex.org/W2136482257;https://openalex.org/W2140157849;https://openalex.org/W2148010638;https://openalex.org/W2161793142;https://openalex.org/W2168103533;https://openalex.org/W2182762988;https://openalex.org/W2334865972;https://openalex.org/W2597404315;https://openalex.org/W4399531585;https://openalex.org/W6638693577;https://openalex.org/W6695923129,27122644,True,ISI,,"Tuğçe Güler A, 2016, Scientometrics","Tuğçe Güler A, 2016, Scientometrics"
https://openalex.org/W2900041435,10.1201/9781315155890,Research Analytics,2017,Auerbach Publications eBooks,Auerbach Publications eBooks,50,book,en,,,,,Francisco J. 1952- C,"Cantú-Ortiz, Francisco J. 1952-",,"<p class=""MsoNormal"">There are interesting web-based projects developed by the Cybermetrics Lab research team, which is part of the Spanish National Research Council (CSIC), which are being carried out several years ago and are called the Webometrics Rankings. The rankings are as follows: Ranking Web of Universities, Ranking Web of Repositories, Ranking Web of Hospitals, Ranking Web of Research Centers, Ranking Web of Business School, and Ranking Web of Researchers. Bibliometric studies aim at the quantitative assessment of science through scientific publications, which is why they currently provide the fundamental tool for the evaluation and knowledge of the research science activity. The chapter discusses the interdependence between informetrics–bibliometrics–scientometrics–cybermetrics–webometricswithin the information science area, geared by the model of Bjorneborn (2004).The foundation of the Informetrics field is attributed to Otto Nacke, who proposed it for the first time in 1979.",Computer science;Analytics;Data science,Computer science;Analytics;Data science,,,False,ISI,,"Francisco J. 1952- C, 2017, Auerbach Publications eBooks","Francisco J. 1952- C, 2017, Auerbach Publications eBooks"
https://openalex.org/W4400641897,10.3390/jrfm17070304,Mapping Corporate Sustainability and Firm Performance Research: A Scientometric and Bibliometric Examination,2024,Journal of risk and financial management,Journal of risk and financial management,10,article,en,17,7,304,304,Chopra A;Singh A;Debnath R;Anwar Quttainah M,A Chopra;Ashima Singh;Rajarshi Debnath;Majdi Anwar Quttainah,Amity University;Amity University;Fore School of Management;Kuwait University,"Corporate sustainability has garnered increasing attention within the business community as corporations communicate to influence their stakeholders to build sustainable relationships. There has been a surge in research exploring its connection to firm performance, but existing studies lack a cohesive and concentrated approach. The aim of this study is to explore the trends of growth of publications; gauge the annual growth rate, annual ratio of growth, relative growth rate, doubling time, and scientific production index; predict future production levels; and look at the relationship between corporate sustainability and firm performance by analysing the literature as well as identifying clusters and links with the Sustainable Development Goals (SDGs). The top countries contributing to the research were China, India, and the United States, accounting for over 45% of the global publications. The study analysed a focused corpus of 65 documents from the Scopus database on specific subfields of corporate sustainability and firm performance, identifying five main thematic clusters related to environmental performance, financial performance, corporate sustainability reporting, corporate social performance, and green supply chain management, with significant citations related to 17 SDGs. The annual growth rate (AGR) of publications was found to be −2.88%, with an average of 4.06 publications per year. The relative growth rate (RGR) decreased from 0.69 in 2010 to 0.36 in 2023, and the doubling time (Dt.) increased from 1.00 in 2010 to 1.93 in 2023. Employing structured methods and the PRISMA protocol, this scientifically rigorous study points towards identification of research themes linking sustainability practices to firm performance. Exponential smoothing (Holt’s linear trend model) is employed to project future research output within the field. The significant trends include an increase in publication frequency since 2017, indicating a growth phase in the research field. The findings highlight the need for greater investigation from developing countries and the importance of integrating sustainability considerations into business strategies.",Corporate sustainability;Sustainability;Corporate social responsibility;Scopus;Accounting;Business;Sustainability reporting;Sustainable development;Environmental economics;Environmental resource management;Economics;Political science;Public relations;Ecology,Corporate sustainability;Sustainability;Corporate social responsibility;Scopus;Accounting;Business;Sustainability reporting;Sustainable development;Environmental economics;Environmental resource management;Economics;Political science;Public relations;Ecology;MEDLINE;Biology;Law,https://openalex.org/W1436191278;https://openalex.org/W1534200627;https://openalex.org/W1993725568;https://openalex.org/W2044745785;https://openalex.org/W2092577992;https://openalex.org/W2111919520;https://openalex.org/W2116078796;https://openalex.org/W2150220236;https://openalex.org/W2464458507;https://openalex.org/W2557765931;https://openalex.org/W2622150902;https://openalex.org/W2769614819;https://openalex.org/W2779231960;https://openalex.org/W2779583356;https://openalex.org/W2785697454;https://openalex.org/W2800514762;https://openalex.org/W2887207464;https://openalex.org/W2899405567;https://openalex.org/W2900722592;https://openalex.org/W2905115433;https://openalex.org/W2914882765;https://openalex.org/W2920907315;https://openalex.org/W2923068885;https://openalex.org/W2956126806;https://openalex.org/W2956362291;https://openalex.org/W2964018453;https://openalex.org/W2969889433;https://openalex.org/W2979487522;https://openalex.org/W2981439898;https://openalex.org/W2982703942;https://openalex.org/W2998041385;https://openalex.org/W2999407348;https://openalex.org/W3006641307;https://openalex.org/W3008860246;https://openalex.org/W3009859326;https://openalex.org/W3010639929;https://openalex.org/W3014856526;https://openalex.org/W3017078050;https://openalex.org/W3017257684;https://openalex.org/W3021468847;https://openalex.org/W3035346045;https://openalex.org/W3037118387;https://openalex.org/W3037734724;https://openalex.org/W3038865932;https://openalex.org/W3041338552;https://openalex.org/W3042850966;https://openalex.org/W3045905948;https://openalex.org/W3046696545;https://openalex.org/W3047821311;https://openalex.org/W3081674597;https://openalex.org/W3085803640;https://openalex.org/W3094439857;https://openalex.org/W3095259702;https://openalex.org/W3106270383;https://openalex.org/W3107599079;https://openalex.org/W3120901632;https://openalex.org/W3123020798;https://openalex.org/W3123893780;https://openalex.org/W3124934398;https://openalex.org/W3126447065;https://openalex.org/W3129145601;https://openalex.org/W3129923740;https://openalex.org/W3135656935;https://openalex.org/W3153931215;https://openalex.org/W3158914039;https://openalex.org/W3170878553;https://openalex.org/W3179386647;https://openalex.org/W3193780718;https://openalex.org/W3195856096;https://openalex.org/W3206819628;https://openalex.org/W3209157187;https://openalex.org/W4210843327;https://openalex.org/W4220948106;https://openalex.org/W4221003460;https://openalex.org/W4225297962;https://openalex.org/W4280565337;https://openalex.org/W4281912025;https://openalex.org/W4285089147;https://openalex.org/W4297199718;https://openalex.org/W4306853415;https://openalex.org/W4311106435;https://openalex.org/W4313649075;https://openalex.org/W4316096055;https://openalex.org/W4317749241;https://openalex.org/W4319297700;https://openalex.org/W4324342515;https://openalex.org/W4327861489;https://openalex.org/W4366276682;https://openalex.org/W4367599409;https://openalex.org/W4375834811;https://openalex.org/W4381276117;https://openalex.org/W4384303669;https://openalex.org/W4384694366;https://openalex.org/W4386098848;https://openalex.org/W4392653995;https://openalex.org/W4400729195;https://openalex.org/W6797021522;https://openalex.org/W6854678307;https://openalex.org/W6871127433,,True,ISI,,"Chopra A, 2024, Journal of risk and financial management","Chopra A, 2024, Journal of risk and financial management"
https://openalex.org/W4319767781,10.3389/fnagi.2023.999594,The knowledge domain of cognitive neuroscience of aging: A Scientometric and bibliometric analysis,2023,Frontiers in Aging Neuroscience,Frontiers in Aging Neuroscience,9,review,en,15,,999594,999594,Jiang J;Fan L;Liu J,Jiaxing Jiang;Lin Fan;Jia Liu,Beijing Foreign Studies University;Beijing Foreign Studies University;Hebei Normal University,"Cognitive neuroscience of aging (CNA) is a relatively young field compared with other branches of cognitive aging (CA). From the beginning of this century, scholars in CNA have contributed many valuable research to explain the cognitive ability decline in aging brains in terms of functional changes, neuromechanism, and neurodegenerative diseases. However, very few studies have systematically reviewed the research in the domain of CAN, with regard to its primary research topics, theories, findings, and future development. Therefore, this study used CiteSpace to conduct a bibliometric analysis of 1,462 published articles in CNA from Web of Science (WOS) and investigated the highly influential and potential research topics and theories of CNA, as well as important brain areas involved in CAN during 2000-2021. The results revealed that: (1) the research topics of ""memory"" and ""attention"" have been the focus of most studies, progressing into a fMRI-oriented stage; (2) the scaffolding theory and hemispheric asymmetry reduction in older adults model hold a key status in CNA, characterizing aging as a dynamic process and presenting compensatory relationships between different brain areas; and (3) age-related changes always occur in temporal (especially the hippocampus), parietal, and frontal lobes and the cognitive declines establish the compensation relationship between the anterior and posterior regions.",Cognitive neuroscience;Cognition;Psychology;Neuroscience;Cognitive aging;Brain aging;Cognitive psychology;Cognitive decline;Cognitive science;Medicine;Dementia,Cognitive neuroscience;Cognition;Psychology;Neuroscience;Cognitive aging;Brain aging;Cognitive psychology;Cognitive decline;Cognitive science;Medicine;Dementia;Disease;Pathology,https://openalex.org/W57217071;https://openalex.org/W290696508;https://openalex.org/W657391805;https://openalex.org/W1518874996;https://openalex.org/W1519522181;https://openalex.org/W1554748910;https://openalex.org/W1559665635;https://openalex.org/W1578593546;https://openalex.org/W1964818165;https://openalex.org/W1977103876;https://openalex.org/W1978092298;https://openalex.org/W1980575105;https://openalex.org/W1984167936;https://openalex.org/W1987991372;https://openalex.org/W1989065264;https://openalex.org/W1989415381;https://openalex.org/W1993510239;https://openalex.org/W2001827996;https://openalex.org/W2002110998;https://openalex.org/W2003335741;https://openalex.org/W2008382643;https://openalex.org/W2016919366;https://openalex.org/W2020002479;https://openalex.org/W2023831571;https://openalex.org/W2024384993;https://openalex.org/W2031055067;https://openalex.org/W2035079822;https://openalex.org/W2042974739;https://openalex.org/W2046364590;https://openalex.org/W2048504143;https://openalex.org/W2050636140;https://openalex.org/W2051949306;https://openalex.org/W2053333817;https://openalex.org/W2054163669;https://openalex.org/W2054559448;https://openalex.org/W2060523616;https://openalex.org/W2061195971;https://openalex.org/W2064682255;https://openalex.org/W2067948657;https://openalex.org/W2070268750;https://openalex.org/W2071136830;https://openalex.org/W2075981634;https://openalex.org/W2079864148;https://openalex.org/W2083956595;https://openalex.org/W2085123019;https://openalex.org/W2087977934;https://openalex.org/W2088347100;https://openalex.org/W2093207195;https://openalex.org/W2093518292;https://openalex.org/W2094016424;https://openalex.org/W2098373147;https://openalex.org/W2101800098;https://openalex.org/W2103069600;https://openalex.org/W2104192199;https://openalex.org/W2104897414;https://openalex.org/W2111811285;https://openalex.org/W2112806576;https://openalex.org/W2114177415;https://openalex.org/W2117182689;https://openalex.org/W2121005892;https://openalex.org/W2121948211;https://openalex.org/W2123440500;https://openalex.org/W2124648012;https://openalex.org/W2124945869;https://openalex.org/W2135072521;https://openalex.org/W2137702122;https://openalex.org/W2139581313;https://openalex.org/W2144510043;https://openalex.org/W2145336227;https://openalex.org/W2145729305;https://openalex.org/W2155634762;https://openalex.org/W2156284662;https://openalex.org/W2158971044;https://openalex.org/W2160430288;https://openalex.org/W2161220328;https://openalex.org/W2163338566;https://openalex.org/W2164997120;https://openalex.org/W2167775278;https://openalex.org/W2168729560;https://openalex.org/W2169403282;https://openalex.org/W2175405147;https://openalex.org/W2241679846;https://openalex.org/W2339955272;https://openalex.org/W2345320612;https://openalex.org/W2394184645;https://openalex.org/W2495724216;https://openalex.org/W2561107660;https://openalex.org/W2569854115;https://openalex.org/W2571234872;https://openalex.org/W2599784308;https://openalex.org/W2613152280;https://openalex.org/W2613462793;https://openalex.org/W2623729811;https://openalex.org/W2737984740;https://openalex.org/W2752943527;https://openalex.org/W2767834727;https://openalex.org/W2772804633;https://openalex.org/W2783127227;https://openalex.org/W2790068870;https://openalex.org/W2896204498;https://openalex.org/W2897370996;https://openalex.org/W2899952928;https://openalex.org/W2902605370;https://openalex.org/W2902911685;https://openalex.org/W2908877869;https://openalex.org/W2921724998;https://openalex.org/W2942607944;https://openalex.org/W2943828894;https://openalex.org/W2951311721;https://openalex.org/W2966150151;https://openalex.org/W2967126972;https://openalex.org/W2989530049;https://openalex.org/W2994753243;https://openalex.org/W3003521721;https://openalex.org/W3018244815;https://openalex.org/W3025670813;https://openalex.org/W3035423599;https://openalex.org/W3084150021;https://openalex.org/W3097763105;https://openalex.org/W3098217728;https://openalex.org/W3108307856;https://openalex.org/W3118615836;https://openalex.org/W3133413580;https://openalex.org/W3137988731;https://openalex.org/W3140968591;https://openalex.org/W3153146293;https://openalex.org/W3157362059;https://openalex.org/W3179886957;https://openalex.org/W4205275664;https://openalex.org/W4220977493;https://openalex.org/W4224952077;https://openalex.org/W4235691060;https://openalex.org/W4236844024;https://openalex.org/W4238591974;https://openalex.org/W4238809637;https://openalex.org/W4250433883;https://openalex.org/W4250810012;https://openalex.org/W4280531076;https://openalex.org/W4281769108;https://openalex.org/W4376849352;https://openalex.org/W6602271530;https://openalex.org/W6637464341;https://openalex.org/W6721655492;https://openalex.org/W6762964694;https://openalex.org/W6771193441;https://openalex.org/W6771952252;https://openalex.org/W6773210649,36845653,True,ISI,,"Jiang J, 2023, Frontiers in Aging Neuroscience","Jiang J, 2023, Frontiers in Aging Neuroscience"
https://openalex.org/W1824841300,10.1007/978-3-319-06028-6_99,Bibliometric-Enhanced Information Retrieval,2014,Lecture notes in computer science,Lecture notes in computer science,34,book-chapter,en,,,798,801,Mayr P;Scharnhorst A;Larsen B;Schaer P;Mutschke P,Philipp Mayr;Andrea Scharnhorst;Birger Larsen;Philipp Schaer;Peter Mutschke,GESIS - Leibniz-Institute for the Social Sciences;GESIS - Leibniz-Institute for the Social Sciences;GESIS - Leibniz-Institute for the Social Sciences;GESIS - Leibniz-Institute for the Social Sciences;GESIS - Leibniz-Institute for the Social Sciences,,Computer science;Bibliometrics;Digital library;Information retrieval;Scientometrics;Interface (matter);Relevance (law);Data science;Domain (mathematical analysis);World Wide Web,Computer science;Bibliometrics;Digital library;Information retrieval;Scientometrics;Interface (matter);Relevance (law);Data science;Domain (mathematical analysis);World Wide Web;Political science;Mathematical analysis;Mathematics;Law;Parallel computing;Art;Poetry;Maximum bubble pressure method;Bubble;Literature,https://openalex.org/W608882361;https://openalex.org/W1928047241;https://openalex.org/W2006996936;https://openalex.org/W2023679223;https://openalex.org/W2026032877;https://openalex.org/W2072897447;https://openalex.org/W2103308522;https://openalex.org/W2123682292;https://openalex.org/W2147819032;https://openalex.org/W2408019826,,True,ISI,,"Mayr P, 2014, Lecture notes in computer science","Mayr P, 2014, Lecture notes in computer science"
https://openalex.org/W3121299909,,The theory and practice of public-sector R&D economic impact analysis,2013,RePEc: Research Papers in Economics,RePEc: Research Papers in Economics,37,preprint,en,,,15,55,N. Link A;T. Scott J,Albert N. Link;John T. Scott,,"As this volume demonstrates, a wide variety of methodologies exist to evaluate particularly the objectives and outcomes of research and development programs. These include surveys, statistical and econometric estimations, patent analyses, bibliometrics, scientometrics, network analyses, case studies, and historical tracings. Contributors divide these and other methods and applications into four categories – economic, non-economic, hybrid and data-driven – in order to discuss the many factors that affect the utility of each technique and how that impacts the technological, economic and societal forecasts of the programs in question.",Variety (cybernetics);Scientometrics;Bibliometrics;Order (exchange);Regional science;Economics;Econometric analysis;Econometric model;Economic impact analysis;Public economics;Econometrics;Geography;Social science;Computer science;Sociology;Microeconomics;Data mining,Variety (cybernetics);Scientometrics;Bibliometrics;Order (exchange);Regional science;Economics;Econometric analysis;Econometric model;Economic impact analysis;Public economics;Econometrics;Geography;Social science;Computer science;Sociology;Microeconomics;Data mining;Artificial intelligence;Finance,,,False,ISI,,"N. Link A, 2013, RePEc: Research Papers in Economics","N. Link A, 2013, RePEc: Research Papers in Economics"
https://openalex.org/W2042115488,10.1016/0099-1333(95)90109-4,Measurement in information science,1995,The Journal of Academic Librarianship,The Journal of Academic Librarianship,54,article,en,21,6,501,501,P. Harter S,Stephen P. Harter,Indiana University Bloomington,,Informetrics;Scientometrics;Webometrics;Historiography;Information science;Field (mathematics);Bibliometrics;Computer science;Citation analysis;Documentation;Archival science;Citation;Library science;Sociology;Data science;Information retrieval;History;Mathematics;Archaeology,Informetrics;Scientometrics;Webometrics;Historiography;Information science;Field (mathematics);Bibliometrics;Computer science;Citation analysis;Documentation;Archival science;Citation;Library science;Sociology;Data science;Information retrieval;History;Mathematics;Archaeology;Programming language;Pure mathematics,,,False,ISI,,"P. Harter S, 1995, The Journal of Academic Librarianship","P. Harter S, 1995, The Journal of Academic Librarianship"
https://openalex.org/W2110061058,10.4337/9780857932402.00019,Bibliometrics as a tool for research evaluation,2013,Edward Elgar Publishing eBooks,Edward Elgar Publishing eBooks,35,book-chapter,en,,,,,Hicks D;Melkers J,Diana Hicks;Julia Melkers,,"As this volume demonstrates, a wide variety of methodologies exist to evaluate particularly the objectives and outcomes of research and development programs. These include surveys, statistical and econometric estimations, patent analyses, bibliometrics, scientometrics, network analyses, case studies, and historical tracings. Contributors divide these and other methods and applications into four categories – economic, non-economic, hybrid and data-driven – in order to discuss the many factors that affect the utility of each technique and how that impacts the technological, economic and societal forecasts of the programs in question.",Bibliometrics;Data science;Computer science;Library science,Bibliometrics;Data science;Computer science;Library science,https://openalex.org/W55473955;https://openalex.org/W169836898;https://openalex.org/W1546460521;https://openalex.org/W1640247171;https://openalex.org/W1955749066;https://openalex.org/W1969666528;https://openalex.org/W1978384731;https://openalex.org/W1982149803;https://openalex.org/W2018353135;https://openalex.org/W2019753053;https://openalex.org/W2021173149;https://openalex.org/W2033079808;https://openalex.org/W2037366798;https://openalex.org/W2041710630;https://openalex.org/W2042349004;https://openalex.org/W2045108252;https://openalex.org/W2051024530;https://openalex.org/W2054650225;https://openalex.org/W2057060986;https://openalex.org/W2058730894;https://openalex.org/W2069172063;https://openalex.org/W2070405287;https://openalex.org/W2070437482;https://openalex.org/W2072840758;https://openalex.org/W2073608660;https://openalex.org/W2077062538;https://openalex.org/W2080548714;https://openalex.org/W2080838006;https://openalex.org/W2081412828;https://openalex.org/W2088209891;https://openalex.org/W2090813263;https://openalex.org/W2092580679;https://openalex.org/W2094749002;https://openalex.org/W2100925175;https://openalex.org/W2105806663;https://openalex.org/W2126197183;https://openalex.org/W2126304083;https://openalex.org/W2137895980;https://openalex.org/W2140261123;https://openalex.org/W2140283616;https://openalex.org/W2142442281;https://openalex.org/W2158237825;https://openalex.org/W2163354434;https://openalex.org/W2171789734;https://openalex.org/W2326200992;https://openalex.org/W2334930053;https://openalex.org/W2411263438;https://openalex.org/W3021998270;https://openalex.org/W3037055661;https://openalex.org/W4285719527,,False,ISI,,"Hicks D, 2013, Edward Elgar Publishing eBooks","Hicks D, 2013, Edward Elgar Publishing eBooks"
https://openalex.org/W2800921032,10.1080/01441647.2018.1518937,Autonomous vehicles: scientometric and bibliometric review,2018,Transport Reviews,Transport Reviews,4,preprint,en,39,1,9,28,Marçal Gandia R;Antonialli F;Habib Cavazza B;Miranda Neto A;Alves de Lima D;Yutaka Sugano J;Nicolaı̈ I;Luiz Zambalde A,Rodrigo Marçal Gandia;Fábio Antonialli;Bruna Habib Cavazza;A. Miranda Neto;Danilo Alves de Lima;Joel Yutaka Sugano;Isabelle Nicolaı̈;André Luiz Zambalde,Universidade Federal de Lavras;Universidade Federal de Lavras;Université Paris-Saclay;CentraleSupélec;Laboratoire Génie Industriel;Universidade Federal de Lavras;Université Paris-Saclay;CentraleSupélec;Laboratoire Génie Industriel;Universidade Federal de Lavras;Universidade Federal de Lavras;Universidade Federal de Lavras;Université Paris-Saclay;CentraleSupélec;Laboratoire Génie Industriel;Universidade Federal de Lavras,"This paper presents a scientometric and bibliometric review of the research on autonomous vehicles (AVs) to identify its main characteristics, evolution, and potential trends for future studies. Relevant articles were searched on WoS, yielding a research corpus of 10,580 papers, and the software CiteSpace was subsequently used for analysis. The results showed that AV research is heterogeneous and registered a growing demand over time. Multidisciplinarity is present, with 96 science fields being identified. As in any other sector, it is necessary to understand broader aspects of this industry such as the market factors surrounding it, as well as other economic and managerial issues. In this sense, we observed a migration of the research field from multidisciplinarity to pluridisciplinarity with a greater number of studies focusing on the latter. We understand that terminology standardisation contributes to achieving pluridisciplinarity. As such, it is important to highlight that sustainability, public policies, liability, and safety, as well as business issues such as performance and business models are some of the tendencies in the field of AVs. For future studies, we suggest a more in-depth analysis of publications in terms of individual search terms, as well as the sub-areas identified as trends in this paper.",Terminology;Multidisciplinary approach;Field (mathematics);Bibliometrics;Sustainability;Management science;Regional science;Data science;Political science;Computer science;Engineering;Geography;Sociology;Social science;Library science,Terminology;Multidisciplinary approach;Field (mathematics);Bibliometrics;Sustainability;Management science;Regional science;Data science;Political science;Computer science;Engineering;Geography;Sociology;Social science;Library science;Ecology;Mathematics;Philosophy;Biology;Pure mathematics;Linguistics,https://openalex.org/W84902225;https://openalex.org/W316935178;https://openalex.org/W1559665635;https://openalex.org/W1907286193;https://openalex.org/W1942635339;https://openalex.org/W1973644479;https://openalex.org/W1980316873;https://openalex.org/W1991834526;https://openalex.org/W2003835006;https://openalex.org/W2045108252;https://openalex.org/W2075950032;https://openalex.org/W2128581233;https://openalex.org/W2135216654;https://openalex.org/W2155732138;https://openalex.org/W2174472329;https://openalex.org/W2206428743;https://openalex.org/W2526172088;https://openalex.org/W2559942462;https://openalex.org/W4238591974,,True,ISI,,"Marçal Gandia R, 2018, Transport Reviews","Marçal Gandia R, 2018, Transport Reviews"
https://openalex.org/W2515112257,10.1016/j.ijproman.2016.08.001,Mapping the managerial areas of Building Information Modeling (BIM) using scientometric analysis,2016,International Journal of Project Management,International Journal of Project Management,349,article,en,35,4,670,685,He Q;Wang G;Luo L;Shi Q;Xie J;Meng X,Qinghua He;Ge Wang;Lan Luo;Qian Shi;Jianxun Xie;Xianhai Meng,Tongji University;Queen's University Belfast;Tongji University;Nanchang University;Tongji University;Tongji University;Queen's University Belfast,,Building information modeling;Construct (python library);Field (mathematics);Computer science;Knowledge management;Representation (politics);Perspective (graphical);Process management;Systems engineering;Data science;Management science;Engineering;Operations management;Political science;Mathematics,Building information modeling;Construct (python library);Field (mathematics);Computer science;Knowledge management;Representation (politics);Perspective (graphical);Process management;Systems engineering;Data science;Management science;Engineering;Operations management;Political science;Mathematics;Pure mathematics;Law;Programming language;Artificial intelligence;Politics;Scheduling (production processes),https://openalex.org/W105412547;https://openalex.org/W301590772;https://openalex.org/W758726060;https://openalex.org/W1488603807;https://openalex.org/W1521478692;https://openalex.org/W1557416831;https://openalex.org/W1562300113;https://openalex.org/W1586276670;https://openalex.org/W1646074461;https://openalex.org/W1721257846;https://openalex.org/W1963672662;https://openalex.org/W1970275956;https://openalex.org/W1970457529;https://openalex.org/W1972462832;https://openalex.org/W1980316873;https://openalex.org/W1989026880;https://openalex.org/W1990931057;https://openalex.org/W1991854773;https://openalex.org/W1991984190;https://openalex.org/W2001676321;https://openalex.org/W2001977597;https://openalex.org/W2006887127;https://openalex.org/W2018112619;https://openalex.org/W2023191308;https://openalex.org/W2027639253;https://openalex.org/W2034642284;https://openalex.org/W2043411841;https://openalex.org/W2043976122;https://openalex.org/W2045108252;https://openalex.org/W2047115781;https://openalex.org/W2052531283;https://openalex.org/W2053331055;https://openalex.org/W2059844544;https://openalex.org/W2065525708;https://openalex.org/W2069415362;https://openalex.org/W2074410689;https://openalex.org/W2078862361;https://openalex.org/W2081917862;https://openalex.org/W2085806223;https://openalex.org/W2087087243;https://openalex.org/W2090922000;https://openalex.org/W2094005533;https://openalex.org/W2114296561;https://openalex.org/W2114734902;https://openalex.org/W2126619093;https://openalex.org/W2132954645;https://openalex.org/W2135149450;https://openalex.org/W2137110926;https://openalex.org/W2138236698;https://openalex.org/W2142970110;https://openalex.org/W2143493069;https://openalex.org/W2151936673;https://openalex.org/W2161187565;https://openalex.org/W2171471950;https://openalex.org/W2432274222;https://openalex.org/W2568444666;https://openalex.org/W2589358066;https://openalex.org/W2999729612;https://openalex.org/W4238591974;https://openalex.org/W4298882835;https://openalex.org/W6680963270;https://openalex.org/W6718413160,,True,ISI,,"He Q, 2016, International Journal of Project Management","He Q, 2016, International Journal of Project Management"
https://openalex.org/W4200413599,10.1016/j.trgeo.2021.100711,Integrated and holistic knowledge map of resilient modulus studies for pavement materials: A scientometric analysis and bibliometric review of research frontiers and prospects,2021,Transportation Geotechnics,Transportation Geotechnics,20,article,en,33,,100711,100711,Alnedawi A;Ullah S;Azam A;Mousa E;Obaid I;M. Yosri A,Ali Alnedawi;Saad Ullah;Abdelhalim Azam;Eman Mousa;Ihsan Obaid;Ahmed M. Yosri,Deakin University;Tetra Tech (United States);Mansoura University;Al Jouf University;Mansoura University;Oregon State University;University of Al-Qadisiyah;Al Jouf University;Delta University for Science and Technology,,Citation analysis;Pavement engineering;Web of science;Computer science;Characterization (materials science);Citation;Engineering;Geography;Asphalt;Cartography;Materials science;World Wide Web,Citation analysis;Pavement engineering;Web of science;Computer science;Characterization (materials science);Citation;Engineering;Geography;Asphalt;Cartography;Materials science;World Wide Web;MEDLINE;Political science;Law;Nanotechnology,https://openalex.org/W2370265;https://openalex.org/W12596731;https://openalex.org/W17166650;https://openalex.org/W23506567;https://openalex.org/W25397477;https://openalex.org/W73435288;https://openalex.org/W84144243;https://openalex.org/W107257948;https://openalex.org/W112320099;https://openalex.org/W157389437;https://openalex.org/W160441841;https://openalex.org/W175731387;https://openalex.org/W279641709;https://openalex.org/W342810789;https://openalex.org/W575651889;https://openalex.org/W585997736;https://openalex.org/W595768501;https://openalex.org/W617318037;https://openalex.org/W626957649;https://openalex.org/W774466987;https://openalex.org/W782799709;https://openalex.org/W822304384;https://openalex.org/W868750892;https://openalex.org/W1519992348;https://openalex.org/W1521478692;https://openalex.org/W1538377212;https://openalex.org/W1552113367;https://openalex.org/W1559665635;https://openalex.org/W1582099007;https://openalex.org/W1582214877;https://openalex.org/W1604267053;https://openalex.org/W1966101662;https://openalex.org/W1967245854;https://openalex.org/W1967553408;https://openalex.org/W1968199845;https://openalex.org/W1971575780;https://openalex.org/W1973823655;https://openalex.org/W1974554324;https://openalex.org/W1974884586;https://openalex.org/W1976511440;https://openalex.org/W1978589241;https://openalex.org/W1979512353;https://openalex.org/W1985982890;https://openalex.org/W1989433603;https://openalex.org/W1989479395;https://openalex.org/W1992288352;https://openalex.org/W1994964303;https://openalex.org/W1996076164;https://openalex.org/W2003497228;https://openalex.org/W2005207065;https://openalex.org/W2005692759;https://openalex.org/W2006730358;https://openalex.org/W2007715447;https://openalex.org/W2007938273;https://openalex.org/W2016159190;https://openalex.org/W2017068415;https://openalex.org/W2022793613;https://openalex.org/W2026186729;https://openalex.org/W2028654367;https://openalex.org/W2034339916;https://openalex.org/W2035806157;https://openalex.org/W2039798603;https://openalex.org/W2041311632;https://openalex.org/W2043171976;https://openalex.org/W2045441625;https://openalex.org/W2055363718;https://openalex.org/W2055829062;https://openalex.org/W2057285344;https://openalex.org/W2057707416;https://openalex.org/W2058377638;https://openalex.org/W2059236881;https://openalex.org/W2061458226;https://openalex.org/W2063497531;https://openalex.org/W2064769406;https://openalex.org/W2065167646;https://openalex.org/W2065209193;https://openalex.org/W2065602567;https://openalex.org/W2067025025;https://openalex.org/W2068078113;https://openalex.org/W2073213526;https://openalex.org/W2074040465;https://openalex.org/W2074632187;https://openalex.org/W2078228920;https://openalex.org/W2082058570;https://openalex.org/W2085344648;https://openalex.org/W2086754776;https://openalex.org/W2087686528;https://openalex.org/W2087801600;https://openalex.org/W2088613369;https://openalex.org/W2089880032;https://openalex.org/W2090792963;https://openalex.org/W2093733195;https://openalex.org/W2096868367;https://openalex.org/W2097135604;https://openalex.org/W2105606862;https://openalex.org/W2107661746;https://openalex.org/W2110258114;https://openalex.org/W2111802300;https://openalex.org/W2113113359;https://openalex.org/W2115156703;https://openalex.org/W2123516302;https://openalex.org/W2128292884;https://openalex.org/W2134579052;https://openalex.org/W2138364347;https://openalex.org/W2143603801;https://openalex.org/W2145997499;https://openalex.org/W2150220236;https://openalex.org/W2159146709;https://openalex.org/W2160876733;https://openalex.org/W2161593370;https://openalex.org/W2163624216;https://openalex.org/W2166173863;https://openalex.org/W2169763321;https://openalex.org/W2170388426;https://openalex.org/W2173084377;https://openalex.org/W2182130565;https://openalex.org/W2190694884;https://openalex.org/W2224360326;https://openalex.org/W2229364476;https://openalex.org/W2243062301;https://openalex.org/W2245166967;https://openalex.org/W2245934360;https://openalex.org/W2246156685;https://openalex.org/W2310043472;https://openalex.org/W2317118080;https://openalex.org/W2319436034;https://openalex.org/W2333571393;https://openalex.org/W2466511073;https://openalex.org/W2471505312;https://openalex.org/W2473627243;https://openalex.org/W2479175417;https://openalex.org/W2513701122;https://openalex.org/W2515112257;https://openalex.org/W2576630869;https://openalex.org/W2585018678;https://openalex.org/W2592294843;https://openalex.org/W2594237315;https://openalex.org/W2620402730;https://openalex.org/W2757324267;https://openalex.org/W2765117752;https://openalex.org/W2781875978;https://openalex.org/W2791162547;https://openalex.org/W2791829819;https://openalex.org/W2809407956;https://openalex.org/W2809899558;https://openalex.org/W2810241849;https://openalex.org/W2898381096;https://openalex.org/W2901292014;https://openalex.org/W2901335885;https://openalex.org/W2901672208;https://openalex.org/W2902291818;https://openalex.org/W2904513285;https://openalex.org/W2914214090;https://openalex.org/W2945134122;https://openalex.org/W2954392095;https://openalex.org/W2965661532;https://openalex.org/W2971472637;https://openalex.org/W2974869887;https://openalex.org/W2989090411;https://openalex.org/W2999075180;https://openalex.org/W3021188248;https://openalex.org/W3022913179;https://openalex.org/W3036933256;https://openalex.org/W3043483460;https://openalex.org/W3047251950;https://openalex.org/W3080999499;https://openalex.org/W3098217728;https://openalex.org/W3099632619;https://openalex.org/W3107412204;https://openalex.org/W3110458029;https://openalex.org/W3114389779;https://openalex.org/W3129066280;https://openalex.org/W3151367959;https://openalex.org/W4238295905;https://openalex.org/W4239829823;https://openalex.org/W4246825567;https://openalex.org/W4254022566;https://openalex.org/W6600694029;https://openalex.org/W6600938908;https://openalex.org/W6602976678;https://openalex.org/W6604300558;https://openalex.org/W6604595703;https://openalex.org/W6606550947;https://openalex.org/W6610197057;https://openalex.org/W6611694187;https://openalex.org/W6616251240;https://openalex.org/W6617225363;https://openalex.org/W6617912554;https://openalex.org/W6619300766;https://openalex.org/W6622352679;https://openalex.org/W6623195272;https://openalex.org/W6632273049;https://openalex.org/W6634746107;https://openalex.org/W6634920495;https://openalex.org/W6676729640;https://openalex.org/W6691147742;https://openalex.org/W6725884995;https://openalex.org/W6732351925;https://openalex.org/W6749244469;https://openalex.org/W6763005412;https://openalex.org/W6776721896;https://openalex.org/W6777566673;https://openalex.org/W7042847394,,False,ISI,,"Alnedawi A, 2021, Transportation Geotechnics","Alnedawi A, 2021, Transportation Geotechnics"
https://openalex.org/W4399835144,10.1016/j.jbusres.2024.114760,How to combine and clean bibliometric data and use bibliometric tools synergistically: Guidelines using metaverse research,2024,Journal of Business Research,Journal of Business Research,259,article,en,182,,114760,114760,Marc Lim W;Kumar S;Donthu N,Weng Marc Lim;Satish Kumar;Naveen Donthu,Swinburne University of Technology;Sunway University;Swinburne University of Technology Sarawak Campus;Indian Institute of Management Ahmedabad;Georgia State University,"Bibliometrics (or scientometrics) is a powerful technique to assess the trajectory of scientific research. Building on the Journal of Business Research’s seminal guides for bibliometric analysis—i.e., “How to conduct a bibliometric analysis: An overview and guidelines” and “Guidelines for advancing theory and practice through bibliometric research”—and using metaverse research as a case, this article presents in-depth procedural guidelines for (i) combing and cleaning bibliometric data from multiple databases (Scopus and Web of Science) and (ii) conducting bibliometric analysis using multiple tools (bibliometrix and VOSviewer). Besides serving as a guide to harness the potential of bibliometrics for insightful assessments of scientific research, this article provides noteworthy insights into various features of the metaverse. This includes an examination of decentralized systems and the integration of digital assets, alongside innovations, the influence of industrial revolutions, and ethical and sustainable development. The dynamics of digital identity, ownership, and business models are explored in tandem with engagement strategies and multi-disciplinary perspectives of the metaverse. This comprehensive analysis also addresses metaverse challenges, market behaviors, and marketing strategies. Collectively, these insights offer a robust foundation for scholars, practitioners, and policymakers to shape the future of the metaverse with clarity, purpose, and impact.",Data science;Computer science;Bibliometrics;Knowledge management;World Wide Web,Data science;Computer science;Bibliometrics;Knowledge management;World Wide Web,https://openalex.org/W1998284588;https://openalex.org/W2005501262;https://openalex.org/W2022399835;https://openalex.org/W2069134922;https://openalex.org/W2076764417;https://openalex.org/W2087482711;https://openalex.org/W2088239480;https://openalex.org/W2150220236;https://openalex.org/W2186196778;https://openalex.org/W2275696275;https://openalex.org/W2345548364;https://openalex.org/W2755950973;https://openalex.org/W2805804251;https://openalex.org/W2897249806;https://openalex.org/W2899383251;https://openalex.org/W2969824238;https://openalex.org/W3001554335;https://openalex.org/W3036638150;https://openalex.org/W3040069742;https://openalex.org/W3089589649;https://openalex.org/W3091805370;https://openalex.org/W3106188259;https://openalex.org/W3125707221;https://openalex.org/W3127061213;https://openalex.org/W3144543375;https://openalex.org/W3154271163;https://openalex.org/W3155327608;https://openalex.org/W3160856016;https://openalex.org/W3206525235;https://openalex.org/W3210837814;https://openalex.org/W3214398005;https://openalex.org/W3215483346;https://openalex.org/W3216239225;https://openalex.org/W3216898635;https://openalex.org/W4200174173;https://openalex.org/W4200301884;https://openalex.org/W4200489682;https://openalex.org/W4206484811;https://openalex.org/W4211030585;https://openalex.org/W4211092666;https://openalex.org/W4214720628;https://openalex.org/W4220819629;https://openalex.org/W4220880259;https://openalex.org/W4220925903;https://openalex.org/W4220991995;https://openalex.org/W4221024795;https://openalex.org/W4224945225;https://openalex.org/W4225296409;https://openalex.org/W4225414380;https://openalex.org/W4226238932;https://openalex.org/W4229016428;https://openalex.org/W4229371730;https://openalex.org/W4283311088;https://openalex.org/W4285585446;https://openalex.org/W4288073028;https://openalex.org/W4293253663;https://openalex.org/W4293353521;https://openalex.org/W4294891500;https://openalex.org/W4296654860;https://openalex.org/W4298149885;https://openalex.org/W4304731429;https://openalex.org/W4306169282;https://openalex.org/W4306178549;https://openalex.org/W4306362199;https://openalex.org/W4306795869;https://openalex.org/W4307280965;https://openalex.org/W4307571365;https://openalex.org/W4307644227;https://openalex.org/W4308782163;https://openalex.org/W4309483281;https://openalex.org/W4311872390;https://openalex.org/W4313310852;https://openalex.org/W4313644967;https://openalex.org/W4319066461;https://openalex.org/W4319457554;https://openalex.org/W4321498935;https://openalex.org/W4322102370;https://openalex.org/W4324290234;https://openalex.org/W4365455014;https://openalex.org/W4368618558;https://openalex.org/W4377157887;https://openalex.org/W4379058319;https://openalex.org/W4379987314;https://openalex.org/W4381949450;https://openalex.org/W4381949794;https://openalex.org/W4385010500;https://openalex.org/W4385494672;https://openalex.org/W4385541443;https://openalex.org/W4385549260;https://openalex.org/W4385775620;https://openalex.org/W4386335785;https://openalex.org/W4386552195;https://openalex.org/W4387009663;https://openalex.org/W4388922743;https://openalex.org/W4389281710;https://openalex.org/W4391311155;https://openalex.org/W4393089662;https://openalex.org/W4400998217;https://openalex.org/W6686676686;https://openalex.org/W6695147765;https://openalex.org/W6802749020;https://openalex.org/W6803907466;https://openalex.org/W6811108946;https://openalex.org/W6811137898;https://openalex.org/W6846546402;https://openalex.org/W6853616718,,True,ISI,,"Marc Lim W, 2024, Journal of Business Research","Marc Lim W, 2024, Journal of Business Research"
https://openalex.org/W4402763302,10.3390/buildings14103042,Construction Sector Transition towards Smart Applications of Graphene Oxide in Cement-Based Composites: A Scientometric Review and Bibliometric Analysis,2024,Buildings,Buildings,9,review,en,14,10,3042,3042,Hannan Qureshi A;Ahmad N;Ashar Atif Rana M;Manzoor B;Zayed T,Abdul Hannan Qureshi;Naveed Ahmad;Muhammad Ashar Atif Rana;Bilal Manzoor;Tarek Zayed,Hong Kong Polytechnic University;University of Engineering and Technology Taxila;University of Engineering and Technology Taxila;Hong Kong Polytechnic University;Hong Kong Polytechnic University,"Cement-based composites (CBCs) are essential in the construction sector due to their cost-effectiveness, availability, and versatility, but they struggle with low tensile strength and poor heat resistance. Recent advancements have highlighted the potential of nanomaterials, particularly graphene oxide (GO), in enhancing the mechanical, thermal, and electrical properties of CBCs. This study aims to provide a comprehensive review of the incorporation of GO into cementitious composites, examining its impact on microstructure, mechanical properties, rheology, and durability; thus, a bibliometric review and scientometric analysis were conducted to thoroughly evaluate the existing literature. A total of 263 studies were selected for thorough study. It can be concluded that GO content acts as a pore filler, decreasing porosity by 23% and average pore size by 22%, while boosting compressive strength by up to 15% at a 0.05% concentration. It also enhances workability, stability, and resistance to chloride ingress, sulfate attack, alkali–silica reaction, and carbonation. Incorporating GO reduces cement consumption and carbon footprint, leading to more durable structures and supporting sustainable construction by efficiently utilizing waste materials. The optimal GO concentration for these benefits ranges from 0.03% to 0.1% by weight of cement, as higher concentrations may cause agglomeration. GO-modified cementitious materials are well suited for high-performance and durable applications, particularly in environments with chemical and mechanical stresses.",Graphene;Materials science;Composite material;Oxide;Nanotechnology;Engineering physics;Engineering;Metallurgy,Graphene;Materials science;Composite material;Oxide;Nanotechnology;Engineering physics;Engineering;Metallurgy,https://openalex.org/W150292108;https://openalex.org/W1115272301;https://openalex.org/W1820322914;https://openalex.org/W1888811121;https://openalex.org/W1946146333;https://openalex.org/W1965460216;https://openalex.org/W1970283053;https://openalex.org/W1973923221;https://openalex.org/W1976452436;https://openalex.org/W1993162004;https://openalex.org/W1998998237;https://openalex.org/W2005207065;https://openalex.org/W2006510131;https://openalex.org/W2010971702;https://openalex.org/W2037925493;https://openalex.org/W2057028548;https://openalex.org/W2058122340;https://openalex.org/W2060013916;https://openalex.org/W2060794924;https://openalex.org/W2079572060;https://openalex.org/W2084775002;https://openalex.org/W2087638855;https://openalex.org/W2090008655;https://openalex.org/W2094177388;https://openalex.org/W2108093425;https://openalex.org/W2128654538;https://openalex.org/W2135469785;https://openalex.org/W2135479172;https://openalex.org/W2145267713;https://openalex.org/W2153959467;https://openalex.org/W2179195684;https://openalex.org/W2215457266;https://openalex.org/W2307394596;https://openalex.org/W2318790962;https://openalex.org/W2336721057;https://openalex.org/W2370184668;https://openalex.org/W2469476822;https://openalex.org/W2475064180;https://openalex.org/W2551279751;https://openalex.org/W2604936959;https://openalex.org/W2736139935;https://openalex.org/W2738993715;https://openalex.org/W2773517356;https://openalex.org/W2781875978;https://openalex.org/W2782103857;https://openalex.org/W2784225323;https://openalex.org/W2791829819;https://openalex.org/W2799240239;https://openalex.org/W2806842170;https://openalex.org/W2811385916;https://openalex.org/W2850800021;https://openalex.org/W2864025239;https://openalex.org/W2895610436;https://openalex.org/W2900289630;https://openalex.org/W2906160885;https://openalex.org/W2911311605;https://openalex.org/W2913855736;https://openalex.org/W2948247606;https://openalex.org/W2953030285;https://openalex.org/W2966168255;https://openalex.org/W2972895014;https://openalex.org/W2981277132;https://openalex.org/W2985432640;https://openalex.org/W2985503058;https://openalex.org/W2991517265;https://openalex.org/W3022136636;https://openalex.org/W3090715744;https://openalex.org/W3106061115;https://openalex.org/W3136299492;https://openalex.org/W3196281022;https://openalex.org/W3199026495;https://openalex.org/W4230917916;https://openalex.org/W4233194460;https://openalex.org/W4303475547;https://openalex.org/W4307296683;https://openalex.org/W4312890791;https://openalex.org/W4318826125;https://openalex.org/W4321442392;https://openalex.org/W4324342776;https://openalex.org/W4361224062;https://openalex.org/W4381059995;https://openalex.org/W4391364163;https://openalex.org/W4393386355;https://openalex.org/W6682418882,,True,ISI,,"Hannan Qureshi A, 2024, Buildings","Hannan Qureshi A, 2024, Buildings"
https://openalex.org/W1502113407,,Indicadores bibliométricos y econométricos en la evaluación de instituciones científicas,1998,E-LIS Repository (University of Naples Federico II),E-LIS Repository (University of Naples Federico II),22,article,es,,,,,Rousseau R,Ronald Rousseau,,"This article consists of two parts: the first part describes the evaluation of a small university it is based on scientometric data and aims mainly at the evaluation of internationally visible research. The second part shows how an econometric method (DEA: data enveloping analysis) can be used to include teaching and other aspects, e.g. fund raising, into the evaluation. Both approaches show how a body of bibliometric, scientometric and econometric theory can be applied to real world problems.",Econometric analysis;Regional science;Bibliometrics;Political science;Library science;Welfare economics;Economics;Geography;Computer science;Econometrics,Econometric analysis;Regional science;Bibliometrics;Political science;Library science;Welfare economics;Economics;Geography;Computer science;Econometrics,https://openalex.org/W288484670;https://openalex.org/W1963491312;https://openalex.org/W1971323859;https://openalex.org/W2011052818;https://openalex.org/W2011737106;https://openalex.org/W2033879611;https://openalex.org/W2034616615;https://openalex.org/W2050763370;https://openalex.org/W2052288250;https://openalex.org/W2057750807;https://openalex.org/W2058730894;https://openalex.org/W2071096576;https://openalex.org/W2076452041;https://openalex.org/W2077758615;https://openalex.org/W2080728535;https://openalex.org/W2119935268;https://openalex.org/W2398317668;https://openalex.org/W2489512916;https://openalex.org/W2502166143,,True,ISI,,"Rousseau R, 1998, E-LIS Repository (University of Naples Federico II)","Rousseau R, 1998, E-LIS Repository (University of Naples Federico II)"
https://openalex.org/W4311046872,10.1007/s11869-022-01290-0,A bibliometric and scientometric: analysis towards global pattern and trends related to aerosol and precipitation studies from 2002 to 2022,2022,Air Quality Atmosphere & Health,Air Quality Atmosphere & Health,16,article,en,16,3,613,628,Praveen Kumar R;Brema J;Samuel C;Gautam S,Roshini Praveen Kumar;J. Brema;Cyril Samuel;Sneha Gautam,Karunya University;Karunya University;Karunya University;Karunya University,,Aerosol;Precipitation;Environmental science;Scope (computer science);Population;Meteorology;Geography;Computer science;Environmental health,Aerosol;Precipitation;Environmental science;Scope (computer science);Population;Meteorology;Geography;Computer science;Environmental health;Programming language;Medicine,https://openalex.org/W266821257;https://openalex.org/W1021000864;https://openalex.org/W1607800586;https://openalex.org/W1850926390;https://openalex.org/W1971672330;https://openalex.org/W1974783344;https://openalex.org/W1984689597;https://openalex.org/W1993065427;https://openalex.org/W2002712953;https://openalex.org/W2007076394;https://openalex.org/W2007791627;https://openalex.org/W2015846187;https://openalex.org/W2028999185;https://openalex.org/W2029401079;https://openalex.org/W2033570625;https://openalex.org/W2036025639;https://openalex.org/W2038664407;https://openalex.org/W2040051789;https://openalex.org/W2043196564;https://openalex.org/W2052426381;https://openalex.org/W2061175900;https://openalex.org/W2067726355;https://openalex.org/W2077925494;https://openalex.org/W2083128385;https://openalex.org/W2094256543;https://openalex.org/W2094408786;https://openalex.org/W2103977502;https://openalex.org/W2113042821;https://openalex.org/W2118184331;https://openalex.org/W2122054302;https://openalex.org/W2133484165;https://openalex.org/W2140137657;https://openalex.org/W2140247361;https://openalex.org/W2141970008;https://openalex.org/W2146815278;https://openalex.org/W2146840333;https://openalex.org/W2148854824;https://openalex.org/W2150220236;https://openalex.org/W2167769305;https://openalex.org/W2170330247;https://openalex.org/W2460179076;https://openalex.org/W2471697135;https://openalex.org/W2533894073;https://openalex.org/W2606664845;https://openalex.org/W2607030186;https://openalex.org/W2610818236;https://openalex.org/W2611696327;https://openalex.org/W2806928475;https://openalex.org/W2887397130;https://openalex.org/W2910282259;https://openalex.org/W2963453445;https://openalex.org/W2989636297;https://openalex.org/W3005677780;https://openalex.org/W3012396288;https://openalex.org/W3083616590;https://openalex.org/W3099441483;https://openalex.org/W3128363553;https://openalex.org/W3158177115;https://openalex.org/W3159810152;https://openalex.org/W3174792386;https://openalex.org/W3184141657;https://openalex.org/W3188062032;https://openalex.org/W4212867018;https://openalex.org/W4213223955;https://openalex.org/W4213246854;https://openalex.org/W4220733335;https://openalex.org/W4220904805;https://openalex.org/W4225421611;https://openalex.org/W4295359539;https://openalex.org/W4298616227;https://openalex.org/W6633904265,,False,ISI,,"Praveen Kumar R, 2022, Air Quality Atmosphere & Health","Praveen Kumar R, 2022, Air Quality Atmosphere & Health"
https://openalex.org/W4224279751,10.24221/jeap.7.2.2022.4509.052-061,Analysis of scientific production of refused derived fuel through scientometric and bibliometric indicators,2022,Journal of Environmental Analysis and Progress,Journal of Environmental Analysis and Progress,6,article,en,7,2,052,061,Leôncio Guedes F;Giovanetti El-Deir S;Ramos Aragão Júnior W;Fernando Thomé Jucá J,Flávio Leôncio Guedes;Soraya Giovanetti El-Deir;Wilson Ramos Aragão Júnior;José Fernando Thomé Jucá,Universidade Federal Rural de Pernambuco,"Constant urbanization has intensified the volume of solid urban waste generated, in addition to causing the exhaustion of landfills and the elevation of carbon in the atmosphere. New treatment technologies allow waste to be transformed, having economic value and, consequently, increasing the useful life of landfills. Energy recovery as a solution for the recovery of waste, through conversion to Refused Derived Fuel, in order to be used, for example, in industries. The aim of this study was to analyze the current state of scientific production on RDF production through scientometric and bibliometric indicators. The distribution of study sites suggests a global interest from both developed and developing countries. The most frequent terms analyzed in the word cloud of the article titles focus on words related to the energy recovery of waste and the main words in the abstracts emphasized the methods of energy recycling, life cycle and incineration. The analysis of networks by co-occurrence of words showed that the synergy occurs around the term waste, with terms that demonstrate a tendency to use solid waste as an energy source, in order to contribute to the municipal management of these materials. In addition, one of the energy conversion processes, gasification, was highlighted, pointing out that this process is one of the most applied. Finally, the potential collaborations of the factor analysis that verified two clusters focused on energy issues and related to the management of urban solid waste.",Incineration;Production (economics);Refuse-derived fuel;Municipal solid waste;Urbanization;Environmental science;Environmental economics;Waste management;Waste-to-energy;Engineering;Economic growth,Incineration;Production (economics);Refuse-derived fuel;Municipal solid waste;Urbanization;Environmental science;Environmental economics;Waste management;Waste-to-energy;Engineering;Economic growth;Economics;Macroeconomics,https://openalex.org/W1021000864;https://openalex.org/W1566686286;https://openalex.org/W1767272795;https://openalex.org/W1969176269;https://openalex.org/W1978950175;https://openalex.org/W1979226372;https://openalex.org/W1995214330;https://openalex.org/W2007872832;https://openalex.org/W2010453024;https://openalex.org/W2053075809;https://openalex.org/W2066480938;https://openalex.org/W2066693737;https://openalex.org/W2096627583;https://openalex.org/W2133924162;https://openalex.org/W2208428055;https://openalex.org/W2407197418;https://openalex.org/W2519795093;https://openalex.org/W2551220830;https://openalex.org/W2592154504;https://openalex.org/W2595478132;https://openalex.org/W2783192480;https://openalex.org/W2892598114;https://openalex.org/W2895820814;https://openalex.org/W2912020531;https://openalex.org/W2982734079;https://openalex.org/W3022731249;https://openalex.org/W4246427713;https://openalex.org/W7030239333,,True,ISI,,"Leôncio Guedes F, 2022, Journal of Environmental Analysis and Progress","Leôncio Guedes F, 2022, Journal of Environmental Analysis and Progress"
https://openalex.org/W4286985473,10.5281/zenodo.5496764,Science Mapping and Visualization of Research Data Management (RDM): Bibliometric and Scientometric Study,2021,Lincoln (University of Nebraska),Lincoln (University of Nebraska),6,article,en,,,,,Gupta N;Arora S;Chakravarty R,Nidhi Gupta;Surbhi Arora;Rupak Chakravarty,Panjab University;Panjab University;Panjab University,"Research Data Management (RDM) is an ever-evolving phenomenon focused to augment and manage the research capital of an organization, especially in context with developing countries. This study aims at to understand and highlight the state of art of RDM literature between 1989 and 2021 using Web of Science Core Collection (WoSCC) database and VOSviewer software with a bibliometric or scientometric approach thereby highlighting the most influential authors, countries, journals, institutions, and to their co-authorship pattern, co- citation pattern, bibliographic coupling pattern, the co-occurrence of keywords pattern in the field of RDM.The data comprises of a total of 797 documents ,further analysed by using VOSviewer software. Visualization analysis reveales that the number of publications related to RDM are increasing year by year, reaching a peak in 2020. The most productive author in this field is Rafael Alexandrine-benavent and USA is the most productive country published on RDM. The Zeitschrift fur Bibliothekswesen und Bibliographie Journal ismost influential journal. The most frequently used keywords are data sharing, research data management, research data, science and metadata. The analysis shows collaboration relation between authors, countries and sources. The visualizations conducted on this topic offer exploratory information on current status and to identify the main trends in RDM research and its future research initiatives.",RDM;Visualization;Data science;Scientometrics;Bibliometrics;Computer science;Data mining;Library science,RDM;Visualization;Data science;Scientometrics;Bibliometrics;Computer science;Data mining;Library science;Computer network,,,True,ISI,,"Gupta N, 2021, Lincoln (University of Nebraska)","Gupta N, 2021, Lincoln (University of Nebraska)"
https://openalex.org/W4313436535,10.1177/21582440221147255,"Triple Method Approach to Development of a Genre-Based Approach to Teaching ESL/EFL Writing: A Systematic Literature Review by Bibliometric, Content, and Scientometric Analyses",2023,SAGE Open,SAGE Open,19,article,en,13,1,,,Zhai X;Bakar Razali A,Xiuwen Zhai;Abu Bakar Razali,Universiti Putra Malaysia;Universiti Putra Malaysia,"In the last 19 years (2003–2021), research on genre-based approaches (GBAs) to writing pedagogy has been accumulating in the fields of English as a second language (ESL) and English as a foreign language (EFL). This review mapped existing literature to identify research trends and provide a research agenda for future GBAs. This study employed the Preferred Reporting Items for Systematic Reviews and Meta-Analyses guidelines and identified 52 published articles and 2 unpublished doctoral theses via a structured keyword search on Web of Science, Scopus, ERIC, Google Scholar, and ProQuest in the fields of teaching English to speakers of other languages, language learning, and education. The results show that GBA is now widely used in teaching English academic writing to ESL/EFL tertiary/graduate students. The main research findings include: (1) the top five countries in the number of paper publications are China (i.e., five), the United States (i.e., five), Japan (e.g., 4), Thailand (e.g., four), and Sweden (e.g., four); (2) the top four authors in the number of paper publications are Hyland (i.e., two), Lu (i.e., two), Negretti (i.e., two), and Pineh (i.e., two); and (3) the top three most strengthen keywords are writing pedagogy, genre-based approach, and English for academic purpose. This study also discusses the theoretical and practical implications.",Scopus;English language;Psychology;Citation;China;Pedagogy;Sociology;Mathematics education;Library science;Computer science;Political science,Scopus;English language;Psychology;Citation;China;Pedagogy;Sociology;Mathematics education;Library science;Computer science;Political science;Law;MEDLINE,https://openalex.org/W577142875;https://openalex.org/W1541048963;https://openalex.org/W1852178173;https://openalex.org/W1965198831;https://openalex.org/W1977306436;https://openalex.org/W1982170224;https://openalex.org/W1987223827;https://openalex.org/W1994359937;https://openalex.org/W1994839020;https://openalex.org/W1997744577;https://openalex.org/W2001648577;https://openalex.org/W2010385520;https://openalex.org/W2011642066;https://openalex.org/W2014313181;https://openalex.org/W2018037649;https://openalex.org/W2028932220;https://openalex.org/W2030161407;https://openalex.org/W2031184796;https://openalex.org/W2032841931;https://openalex.org/W2033706034;https://openalex.org/W2037874358;https://openalex.org/W2041347096;https://openalex.org/W2052789373;https://openalex.org/W2060060893;https://openalex.org/W2078746361;https://openalex.org/W2080166879;https://openalex.org/W2084819554;https://openalex.org/W2085937205;https://openalex.org/W2089846585;https://openalex.org/W2097110957;https://openalex.org/W2162430746;https://openalex.org/W2162431673;https://openalex.org/W2162822879;https://openalex.org/W2169952202;https://openalex.org/W2304049082;https://openalex.org/W2314746445;https://openalex.org/W2321621029;https://openalex.org/W2336141318;https://openalex.org/W2405557818;https://openalex.org/W2472907097;https://openalex.org/W2478937265;https://openalex.org/W2541006789;https://openalex.org/W2618755554;https://openalex.org/W2712167600;https://openalex.org/W2726904498;https://openalex.org/W2734743593;https://openalex.org/W2745150465;https://openalex.org/W2746922650;https://openalex.org/W2750168540;https://openalex.org/W2751612189;https://openalex.org/W2754524177;https://openalex.org/W2780648619;https://openalex.org/W2782832177;https://openalex.org/W2788119080;https://openalex.org/W2796883533;https://openalex.org/W2800942898;https://openalex.org/W2803643140;https://openalex.org/W2803740303;https://openalex.org/W2804230745;https://openalex.org/W2804791609;https://openalex.org/W2899962821;https://openalex.org/W2900681817;https://openalex.org/W2902775191;https://openalex.org/W2909426684;https://openalex.org/W2911362857;https://openalex.org/W2913775483;https://openalex.org/W2915328804;https://openalex.org/W2954363803;https://openalex.org/W2972036475;https://openalex.org/W2984651096;https://openalex.org/W2996830078;https://openalex.org/W3012263579;https://openalex.org/W3024426746;https://openalex.org/W3026717672;https://openalex.org/W3026965442;https://openalex.org/W3032774004;https://openalex.org/W3033539349;https://openalex.org/W3034293320;https://openalex.org/W3037375884;https://openalex.org/W3037628497;https://openalex.org/W3040421190;https://openalex.org/W3047029283;https://openalex.org/W3047982661;https://openalex.org/W3088417828;https://openalex.org/W3094142098;https://openalex.org/W3094390537;https://openalex.org/W3096509818;https://openalex.org/W3097234637;https://openalex.org/W3097669462;https://openalex.org/W3102040922;https://openalex.org/W3116891978;https://openalex.org/W3117189541;https://openalex.org/W3118418809;https://openalex.org/W3126271917;https://openalex.org/W3131535691;https://openalex.org/W3154571056;https://openalex.org/W3154713376;https://openalex.org/W3159210325;https://openalex.org/W3160856016;https://openalex.org/W3187952348;https://openalex.org/W3211045951;https://openalex.org/W4205792433;https://openalex.org/W4210764005;https://openalex.org/W4210800618;https://openalex.org/W4213159129;https://openalex.org/W4220653365;https://openalex.org/W4224238723;https://openalex.org/W4226309938;https://openalex.org/W4234882401;https://openalex.org/W4238591974;https://openalex.org/W4243888824;https://openalex.org/W4246782399;https://openalex.org/W4281385984;https://openalex.org/W4288074541;https://openalex.org/W4294215472;https://openalex.org/W4303457353;https://openalex.org/W6617512669,,True,ISI,,"Zhai X, 2023, SAGE Open","Zhai X, 2023, SAGE Open"
https://openalex.org/W3105621184,,Author-level metrics in the new academic profile platforms: The online behaviour of the Bibliometrics community,2018,RePEc: Research Papers in Economics,RePEc: Research Papers in Economics,61,article,en,,,,,"Alberto M;Enrique O;López-Cózar, Emilio D","Martín-Martín, Alberto;Orduña-Malea, Enrique;Delgado López-Cózar, Emilio",,,Altmetrics;Bibliometrics;Webometrics;Informetrics;Citation;Computer science;Scientometrics;Data science;World Wide Web;Information retrieval,Altmetrics;Bibliometrics;Webometrics;Informetrics;Citation;Computer science;Scientometrics;Data science;World Wide Web;Information retrieval,https://openalex.org/W1519117689;https://openalex.org/W1531607676;https://openalex.org/W1547304362;https://openalex.org/W1553564559;https://openalex.org/W1572136682;https://openalex.org/W1758588624;https://openalex.org/W1888811121;https://openalex.org/W1982015285;https://openalex.org/W1992306829;https://openalex.org/W2019074275;https://openalex.org/W2019676960;https://openalex.org/W2022122406;https://openalex.org/W2035078458;https://openalex.org/W2038196424;https://openalex.org/W2048278428;https://openalex.org/W2060017626;https://openalex.org/W2073023209;https://openalex.org/W2088209891;https://openalex.org/W2089468765;https://openalex.org/W2090082555;https://openalex.org/W2105915183;https://openalex.org/W2117689677;https://openalex.org/W2119459671;https://openalex.org/W2122130843;https://openalex.org/W2125236256;https://openalex.org/W2133129817;https://openalex.org/W2143612877;https://openalex.org/W2148694408;https://openalex.org/W2164277894;https://openalex.org/W2165660348;https://openalex.org/W2168201538;https://openalex.org/W2173447494;https://openalex.org/W2181205269;https://openalex.org/W2256443297;https://openalex.org/W2277866694;https://openalex.org/W2281464557;https://openalex.org/W2298224214;https://openalex.org/W2321098369;https://openalex.org/W2336756525;https://openalex.org/W2346028452;https://openalex.org/W2431515196;https://openalex.org/W2471459742;https://openalex.org/W2514259213;https://openalex.org/W2518646621;https://openalex.org/W2563792373;https://openalex.org/W2586332449;https://openalex.org/W2608852980;https://openalex.org/W2774748504;https://openalex.org/W2893607380;https://openalex.org/W2912512198;https://openalex.org/W2963475133;https://openalex.org/W3101424075;https://openalex.org/W3103082725;https://openalex.org/W3124949304;https://openalex.org/W3142310520;https://openalex.org/W4211111750;https://openalex.org/W4229664881;https://openalex.org/W4253523554;https://openalex.org/W4394299097,,False,ISI,,"Alberto M, 2018, RePEc: Research Papers in Economics","Alberto M, 2018, RePEc: Research Papers in Economics"
https://openalex.org/W4386509736,10.4108/eetpht.9.3849,Role of biodentine in endodontics: a bibliometric and scientometric analysis,2023,EAI Endorsed Transactions on Pervasive Health and Technology,EAI Endorsed Transactions on Pervasive Health and Technology,3,article,en,9,,,,Mihaela Iuga M;Romero-Carazas R;Mauricio Espada Salgado F;Oprea B;Ştefânescu Ş;Lavado-García M,María Mihaela Iuga;Rafael Romero-Carazas;Fernando Mauricio Espada Salgado;Bogdan Oprea;Ştefan Ştefânescu;Mayra Lavado-García,Universidad Privada de Tacna;Universidad Nacional de Moquegua;Universidad Privada de Tacna;Lucian Blaga University of Sibiu;Universidad Privada de Tacna,"Objective. Vital Pulp therapy using Biodentine has advanced, introducing and allowing new procedures and treatments, hence medical education should focus on research and publication. The aim of the study was to perform a bibliometric and scientometric analysis of the literature on the role of biodentine in endodontics from 2013 to 2023. Methodology: A bibliometric and scientometric quantitative study formed the basis of the methodology. Scientific production indicators were generated from 87 documents selected from Scopus using English keywords (""Biodentine"", ""Endodontic""). Results: Since 2016, the number of papers published on this topic increased (69%), indicating a growing interest towards this material. Brazil is the country with the highest scientific interest (19%), and the Universidade Estadual Paulista Júlio de Mesquita Filho with the most publications (n=9). The International Endodontic Journal received 344 citations, Tanomaru-Filho M. (n=6) being the most cited. Conclusion: It is concluded that the role of biodentine in endodontics has grown not only in production and authorship, but also in scope and medical research, incorporating these resources in various scenarios and clinical settings.",Endodontics;Scopus;Scope (computer science);Library science;Political science;Medical education;Medicine;Dentistry;MEDLINE;Computer science,Endodontics;Scopus;Scope (computer science);Library science;Political science;Medical education;Medicine;Dentistry;MEDLINE;Computer science;Law;Programming language,https://openalex.org/W3049088572;https://openalex.org/W3142080332;https://openalex.org/W3159239374;https://openalex.org/W3171012280;https://openalex.org/W3216486031;https://openalex.org/W4220997278;https://openalex.org/W4224111601;https://openalex.org/W4285091273;https://openalex.org/W4285155641;https://openalex.org/W4285243154;https://openalex.org/W4290659273;https://openalex.org/W4292998119;https://openalex.org/W4294081314;https://openalex.org/W4294295690;https://openalex.org/W4311486424;https://openalex.org/W4311581080;https://openalex.org/W4312140004;https://openalex.org/W4320806782;https://openalex.org/W4324117935;https://openalex.org/W4360784621;https://openalex.org/W4360784700;https://openalex.org/W4360784701;https://openalex.org/W4361192508;https://openalex.org/W4361228443;https://openalex.org/W4362514526;https://openalex.org/W4362682415;https://openalex.org/W4366782952;https://openalex.org/W4366783255;https://openalex.org/W4366967724;https://openalex.org/W4372337876;https://openalex.org/W4372348802;https://openalex.org/W4377195394;https://openalex.org/W4381662480;https://openalex.org/W4382312143;https://openalex.org/W4384817025;https://openalex.org/W4385885206;https://openalex.org/W4385885240;https://openalex.org/W4386212795;https://openalex.org/W4386214433;https://openalex.org/W4386233668;https://openalex.org/W4401777783;https://openalex.org/W4401794961,,True,ISI,,"Mihaela Iuga M, 2023, EAI Endorsed Transactions on Pervasive Health and Technology","Mihaela Iuga M, 2023, EAI Endorsed Transactions on Pervasive Health and Technology"
https://openalex.org/W2809811897,10.31432/1994-2443-2018-13-1-34-38,Open system of text processing for scientometric and bibliometric purposes,2018,Information and Innovations,Information and Innovations,4,article,en,13,1,34,38,Lomakina L;С. Суркова А;V. Zhevnerchuk D;S. Rassadin O,Lubov Lomakina;А. С. Суркова;D. V. Zhevnerchuk;O. S. Rassadin,,"The paper examines the model of an open information system for text analyzing and processing for solving scientometric and bibliometric problems, as well as special aspects of its implementation on the basis of the service-oriented platform for rapid prototyping ""Java Spring MVC VerliOKa"". The key features of the proposed solution are the ability to implement basic algorithms for text data analyzing and processing in the form of RESTful services, executing of these processes in a distributed processing environment, creating combined algorithms based on them, and also the ability to build an applied programming interface for creating client-server systems with mobile and fixed client subsystems in the field of science and education.",Computer science;Java;Field (mathematics);Application programming interface;Key (lock);Service (business);Interface (matter);Java Programming Language;Software engineering;World Wide Web;Operating system,Computer science;Java;Field (mathematics);Application programming interface;Key (lock);Service (business);Interface (matter);Java Programming Language;Software engineering;World Wide Web;Operating system;Economy;Mathematics;Bubble;Economics;Pure mathematics;Maximum bubble pressure method,,,True,ISI,,"Lomakina L, 2018, Information and Innovations","Lomakina L, 2018, Information and Innovations"
https://openalex.org/W4400218279,10.3389/fonc.2024.1397790,Bibliometric and scientometric analysis of PSMA-targeted radiotheranostics: knowledge mapping and global standing,2024,Frontiers in Oncology,Frontiers in Oncology,4,review,en,14,,1397790,1397790,Sallam M;Mohammadi M;Sainsbury F;Nguyen N;Kimizuka N;Muyldermans S;Benešová-Schäfer M,Mohamed Sallam;Mahan Mohammadi;Frank Sainsbury;Nam‐Trung Nguyen;Nobuo Kimizuka;Serge Muyldermans;Martina Benešová-Schäfer,Griffith University;Griffith University;Griffith University;Griffith University;Kyushu University;Vrije Universiteit Brussel;Heidelberg University;German Cancer Research Center,"Purpose: Bibliometric and scientometric analyses provide a structured approach to large amounts of data, enabling the prediction of research theme trends over time, the detection of shifts in the boundaries of disciplines, and the identification of the most productive countries, institutions and scholars. In the context of prostate-specific membrane antigen (PSMA)-targeted radiotheranostics, no bibliometric or scientometric analysis has been published thus far. Therefore, this study was conducted to identify key contributors to the literature, assess the global scientific production of related research, and possibly predict future development patterns. Methods: Scientometrics and bibliometrics were utilized to analyze the current body of knowledge while tracking its evolution to support scientific decision-making comprehensively and systematically. Science mapping techniques were employed to visualize research activities. Two different tools, Tableau and VOSviewer, were utilized, with VOSviewer being deemed the most suitable for the research objectives. The Web of Science (WoS) was used as the principal database for the searches. Results: Through the search process over a period of 30 years (January 1993-January 2023), 694 original studies in the English language were subjected to comprehensive analysis. By employing bibliometric and scientometric methods, multiple networks were created that mapped various concepts, such as publication trends, leading countries, cocitations, coauthorship among researchers and scientists, as well as coauthorship among organizations and funding agencies. This study revealed the evolutionary patterns, trends, outliers, and key players in the PSMA field, which enabled a more nuanced understanding of the research landscape. Conclusion: This research contributes to the enrichment of knowledge on PSMA-targeted radiotheranostics through detailed global bibliometric and scientometric analyses. It stresses the necessity for the development of communication platforms, the establishment of supportive infrastructures, and the implementation of proactive solutions to address emerging challenges. This study offers a significant resource for delineating effective strategies and identifying prominent funding bodies essential for continuous advancements in the field of PSMA-based diagnosis and therapy for prostate cancer. It is vital to sustain this momentum to ensure further progress in this pioneering area.",Bibliometrics;Context (archaeology);Scientometrics;Data science;Identification (biology);Computer science;Geography;Library science;Biology,Bibliometrics;Context (archaeology);Scientometrics;Data science;Identification (biology);Computer science;Geography;Library science;Biology;Botany;Archaeology,https://openalex.org/W1767272795;https://openalex.org/W2070356043;https://openalex.org/W2782993602;https://openalex.org/W2887123205;https://openalex.org/W2924630915;https://openalex.org/W2945233873;https://openalex.org/W2953193560;https://openalex.org/W2963950116;https://openalex.org/W2977083636;https://openalex.org/W2989530049;https://openalex.org/W2990518281;https://openalex.org/W3000895385;https://openalex.org/W3002010585;https://openalex.org/W3008231817;https://openalex.org/W3010281214;https://openalex.org/W3015863150;https://openalex.org/W3017244493;https://openalex.org/W3017614148;https://openalex.org/W3020503202;https://openalex.org/W3185167154;https://openalex.org/W4213315373;https://openalex.org/W4220823455;https://openalex.org/W4235024266;https://openalex.org/W4307633842;https://openalex.org/W4315754639;https://openalex.org/W4378902070;https://openalex.org/W4385758612;https://openalex.org/W4387023542;https://openalex.org/W4390704560;https://openalex.org/W6668012218,39011478,True,ISI,,"Sallam M, 2024, Frontiers in Oncology","Sallam M, 2024, Frontiers in Oncology"
https://openalex.org/W604081263,10.1016/c2009-0-08476-1,Handbook of Quantitative Studies of Science and Technology,1988,Elsevier eBooks,Elsevier eBooks,453,book,en,,,,,,,,,Data science;Computer science,Data science;Computer science,,,False,ISI,,"NA, 1988, Elsevier eBooks","NA, 1988, Elsevier eBooks"
https://openalex.org/W4390545097,10.56294/cid202388,"Bibliometrics and Scientometrics, essential knowledge and practice for students of medical sciences",2023,SAP Community and Interculturality in Dialogue,SAP Community and Interculturality in Dialogue,4,article,en,3,,88,88,Alejandro Herrera Horta G;Gutiérrez García Z,Guillermo Alejandro Herrera Horta;Zurelys Gutiérrez García,University of Pinar del Río;Universidad de Ciencias Médicas de Pinar del Río;University of Pinar del Río;Universidad de Ciencias Médicas de Pinar del Río,"During the last century there has been a spectacular increase in scientific production at international and national level, as well as its compilation in automated bibliographic databases, whose results have great influence on the economic and social development of countries, which demands the quantification and evaluation of scientific and technological activity, its results and yields. Bibliometrics and scientometrics are increasingly positioned as essential disciplines to measure the results of science, and despite this, not all members of the student scientific community recognize them as necessary in the information and communications era, as a way to improve and bring to higher levels the excellence in the student research process and its impact on scientific publications. Bibliometrics studies the quantitative aspects of the production, dissemination and use of recorded information, to which end it develops mathematical models and measurements that, in turn, serve to make forecasts and decisions about these processes. For its part, scientometrics studies the quantitative aspects of science as a discipline or economic activity, is part of the sociology of science, and finds application in the establishment of scientific policies, where it includes, among others, those of publication",Scientometrics;Bibliometrics;Excellence;Scientific communication;Altmetrics;Library science;Sociology;Process (computing);Sociology of scientific knowledge;Social science;Political science;Computer science,Scientometrics;Bibliometrics;Excellence;Scientific communication;Altmetrics;Library science;Sociology;Process (computing);Sociology of scientific knowledge;Social science;Political science;Computer science;Operating system;Law,https://openalex.org/W4360784621;https://openalex.org/W4360784700,,True,ISI,,"Alejandro Herrera Horta G, 2023, SAP Community and Interculturality in Dialogue","Alejandro Herrera Horta G, 2023, SAP Community and Interculturality in Dialogue"
https://openalex.org/W4408941423,10.1109/jiot.2025.3555282,Bibliometric Analysis of Digital Twin: Scientometrics and Future Research Trends,2025,IEEE Internet of Things Journal,IEEE Internet of Things Journal,7,article,en,12,12,19043,19064,Bhatia M;Kumar V,Munish Bhatia;Vijay Kumar,National Institute of Technology Kurukshetra;National Institute of Technology Kurukshetra,"A digital twin (DT) is a precise digital replica of an object or the physical world in which real-time data is input to model, analyze, forecast, and improve key performance indicators. To explore the complex landscape of DT research, the current scientometric review focuses on four pivotal components: architecture, application, middleware, and tools. For the study, the Citespace visualization tool is employed and articles are sourced from the Scopus database, focusing on publications between 2010 and 2024. The initial search yielded 11247 publications, which, after applying filters dataset was reduced to a final dataset of 2214 relevant articles. The view in the current study is centered on the following: keyword co-occurrence network (KCN), country analysis, document co-citation network (DCN), and burst reference analysis. The goal of the current study is to explore the four important components: architecture, applications, middleware, and tools. Limited previous study has explored such components. The current work presents a statistical summary of the development of research on DTs, examining existing patterns and highlighting important scientific discoveries. Finding the most popular trends and patterns of DT technology around the world will assist future researchers gain important knowledge about new sectors and indicate areas that could benefit from more research and development.",Scientometrics;Computer science;Bibliometrics;Data science;Library science,Scientometrics;Computer science;Bibliometrics;Data science;Library science,https://openalex.org/W2029608738;https://openalex.org/W2075961646;https://openalex.org/W2178471959;https://openalex.org/W2518003110;https://openalex.org/W2581964379;https://openalex.org/W2607234710;https://openalex.org/W2722925682;https://openalex.org/W2740370869;https://openalex.org/W2757110387;https://openalex.org/W2765598251;https://openalex.org/W2783918566;https://openalex.org/W2792233253;https://openalex.org/W2890904471;https://openalex.org/W2910597635;https://openalex.org/W2913718901;https://openalex.org/W2941876953;https://openalex.org/W2954713261;https://openalex.org/W2972160586;https://openalex.org/W2979716168;https://openalex.org/W2982689699;https://openalex.org/W2982936646;https://openalex.org/W2988359971;https://openalex.org/W2989925413;https://openalex.org/W2991817166;https://openalex.org/W2997638503;https://openalex.org/W3003667836;https://openalex.org/W3007991735;https://openalex.org/W3010538190;https://openalex.org/W3012041784;https://openalex.org/W3014048166;https://openalex.org/W3033466330;https://openalex.org/W3033936650;https://openalex.org/W3034077050;https://openalex.org/W3036600965;https://openalex.org/W3039318158;https://openalex.org/W3042091195;https://openalex.org/W3080531709;https://openalex.org/W3088400155;https://openalex.org/W3088584775;https://openalex.org/W3096634384;https://openalex.org/W3097525958;https://openalex.org/W3111022079;https://openalex.org/W3121993015;https://openalex.org/W3129920713;https://openalex.org/W3139477989;https://openalex.org/W3155432897;https://openalex.org/W3159371311;https://openalex.org/W3160372581;https://openalex.org/W3200653676;https://openalex.org/W3205056669;https://openalex.org/W3217276754;https://openalex.org/W4200259143;https://openalex.org/W4200559268;https://openalex.org/W4200612054;https://openalex.org/W4205263745;https://openalex.org/W4205849845;https://openalex.org/W4206724870;https://openalex.org/W4210638371;https://openalex.org/W4210734972;https://openalex.org/W4220673539;https://openalex.org/W4220686081;https://openalex.org/W4220831070;https://openalex.org/W4280495603;https://openalex.org/W4281750882;https://openalex.org/W4281853153;https://openalex.org/W4285891733;https://openalex.org/W4290706000;https://openalex.org/W4290960838;https://openalex.org/W4292695129;https://openalex.org/W4292809429;https://openalex.org/W4293183138;https://openalex.org/W4293875665;https://openalex.org/W4296638810;https://openalex.org/W4300110182;https://openalex.org/W4303982336;https://openalex.org/W4304693968;https://openalex.org/W4306362199;https://openalex.org/W4309776741;https://openalex.org/W4309797347;https://openalex.org/W4310155374;https://openalex.org/W4310249210;https://openalex.org/W4315628394;https://openalex.org/W4316672002;https://openalex.org/W4321768193;https://openalex.org/W4362514681;https://openalex.org/W4362725524;https://openalex.org/W4375851235;https://openalex.org/W4376645341;https://openalex.org/W4382468063;https://openalex.org/W4384284153;https://openalex.org/W4384819034;https://openalex.org/W4386030760;https://openalex.org/W4387587581;https://openalex.org/W4389252465;https://openalex.org/W4390577108;https://openalex.org/W4390639795;https://openalex.org/W4395450040;https://openalex.org/W4398133591;https://openalex.org/W4399033024;https://openalex.org/W4400192277;https://openalex.org/W4401100127;https://openalex.org/W4401571812;https://openalex.org/W4402628386;https://openalex.org/W4404041075;https://openalex.org/W4404103125;https://openalex.org/W4404220704;https://openalex.org/W4404877558;https://openalex.org/W4405184982;https://openalex.org/W6763276409;https://openalex.org/W6784820927;https://openalex.org/W6938959063,,False,ISI,,"Bhatia M, 2025, IEEE Internet of Things Journal","Bhatia M, 2025, IEEE Internet of Things Journal"
https://openalex.org/W4283216825,10.4103/jcd.jcd_469_21,Dentinal microcracks induced by endodontic procedures: A scientometric and bibliometric analysis,2022,Journal of Conservative Dentistry,Journal of Conservative Dentistry,7,article,en,25,1,78,78,Silveira F;Tonelli S;de Toubes K;Brabo Pereira A;de Oliveira Miranda A;Fernandes L;Nunes E,FrankFerreira Silveira;StephanieQuadros Tonelli;KeniaSoares de Toubes;AndreMaues Brabo Pereira;AntonioCarlos de Oliveira Miranda;LeticiaLadeia Fernandes;Eduardo Nunes,Pontifícia Universidade Católica de Minas Gerais;Pontifícia Universidade Católica de Minas Gerais;Pontifícia Universidade Católica de Minas Gerais;Universidade de Brasília;Universidade Federal Fluminense;Pontifícia Universidade Católica de Minas Gerais;Pontifícia Universidade Católica de Minas Gerais,"Background: Due to the large number of publications relating the occurrence of dental microcracks to endodontic procedures, this bibliometric study evaluated the scientific pattern and trends in literature and provided an overview of scientific production in this context. Aim: To analyze, quantify, and characterize the scientific production and trends of published articles evaluating dentinal microcracks formation after endodontic treatment procedures between 2010 and 2020 using bibliometric indicators. Materials and Methods: Published articles were found by the search in the Medline (PubMed) and Scopus database using the combination of the following keywords: Dentinal crack OR Dentinal Microcrack OR Crack formation OR Dentin Defect AND Endodontic treatment OR Root canal preparation OR Canal Preparation OR Root canal treatment OR endodontic procedures. The search was also conducted in the Journal of Endodontics and International Endodontic Journal. After inclusion and exclusion criteria application, data from all studies included were collected. Results: design, compared the effect of different endodontic techniques/systems for root canal instrumentation on dentinal microcracks formation, and were conducted in Turkey, Brazil, and India. Journal of Endodontics and International Endodontic Journal were the main journals with a higher number of articles published. Interestingly, studies conducted with some funding did not lead to higher citation numbers. Moreover, a relevant proportion of studies did not consider the inclusion of control groups, baseline evaluation, or statistical analysis. Micro-CT was the main technique used to evaluate microcrack presence. Conclusion: Microcrack formation after the use of different endodontic techniques/systems has been constantly evaluated in the literature. There is a pattern of methodologies used, which may explain the concentration of these studies in specific journals and countries.",Context (archaeology);Dentistry;Bibliometrics;Data science;Medicine;Geography;Computer science;Library science;Archaeology,Context (archaeology);Dentistry;Bibliometrics;Data science;Medicine;Geography;Computer science;Library science;Archaeology,https://openalex.org/W1496982162;https://openalex.org/W1596557114;https://openalex.org/W1936251913;https://openalex.org/W1963673540;https://openalex.org/W1967631878;https://openalex.org/W1974450926;https://openalex.org/W1978460031;https://openalex.org/W1993572912;https://openalex.org/W2005402503;https://openalex.org/W2007078711;https://openalex.org/W2010033257;https://openalex.org/W2012784289;https://openalex.org/W2017021886;https://openalex.org/W2023368294;https://openalex.org/W2024800163;https://openalex.org/W2029026082;https://openalex.org/W2036696852;https://openalex.org/W2047343219;https://openalex.org/W2049550029;https://openalex.org/W2058235471;https://openalex.org/W2070936743;https://openalex.org/W2089447289;https://openalex.org/W2118142841;https://openalex.org/W2139812662;https://openalex.org/W2150148357;https://openalex.org/W2187071976;https://openalex.org/W2288071808;https://openalex.org/W2323031837;https://openalex.org/W2414827608;https://openalex.org/W2528609256;https://openalex.org/W2581955048;https://openalex.org/W2588610500;https://openalex.org/W2606977490;https://openalex.org/W2607413209;https://openalex.org/W2611954453;https://openalex.org/W2649440015;https://openalex.org/W2724437670;https://openalex.org/W2736379053;https://openalex.org/W2741074807;https://openalex.org/W2756874827;https://openalex.org/W2761948292;https://openalex.org/W2766840805;https://openalex.org/W2777798865;https://openalex.org/W2791664340;https://openalex.org/W2890860052;https://openalex.org/W2891933157;https://openalex.org/W2893244781;https://openalex.org/W2896670852;https://openalex.org/W2900981879;https://openalex.org/W2905430503;https://openalex.org/W2909900114;https://openalex.org/W2913130544;https://openalex.org/W2915725646;https://openalex.org/W2945220742;https://openalex.org/W2959108494;https://openalex.org/W2966292192;https://openalex.org/W2968581657;https://openalex.org/W2979085846;https://openalex.org/W2981663679;https://openalex.org/W2987295888;https://openalex.org/W3001597451;https://openalex.org/W3006531051;https://openalex.org/W3015674375;https://openalex.org/W3043763194;https://openalex.org/W3045273648;https://openalex.org/W3084366737;https://openalex.org/W3087639132;https://openalex.org/W3122031616;https://openalex.org/W3128740679;https://openalex.org/W3137243901;https://openalex.org/W3157958876;https://openalex.org/W6656157923;https://openalex.org/W6677421307;https://openalex.org/W6681867086;https://openalex.org/W6696492858;https://openalex.org/W6739784077;https://openalex.org/W6745391880;https://openalex.org/W6755041044;https://openalex.org/W6767151410;https://openalex.org/W6773248380;https://openalex.org/W6792081925,35722065,True,ISI,,"Silveira F, 2022, Journal of Conservative Dentistry","Silveira F, 2022, Journal of Conservative Dentistry"
https://openalex.org/W4382359279,10.30772/qjes.v16i2.921,A scientometric study and a bibliometric review of the literature on the design and construction of semi-flexible pavement,2023,Al-Qadisiyah Journal for Engineering Sciences,Al-Qadisiyah Journal for Engineering Sciences,8,review,en,16,2,82,91,Ali R;H. Al-Humeidawi B,Rania Ali;Basim H. Al-Humeidawi,University of Al-Qadisiyah;University of Al-Qadisiyah,"In last years, a new type of pavement has gained popularity, this type is called Semi-Flexible Pavement (SFP). It consists of porous asphalt with high air voids between (25-35) % filled with cementitious grout materials. This type of pavement substance offers substantial advantages over both common types of pavements (concrete and flexible) such as good resistance to rutting and durability. SFP is considered an alternative pavement to exceed the drawbacks that occur for both flexible and concrete pavements. SFP has good features against permanent deformation, oil spillage, and fatigue resistance. Previous studies have shown that it can be used in a variety of applications such as highways, motorways, bridge deck pavement, tunnels, industrial areas with industrial equipment traffic, airport aprons, and stations. The goal of this research is to identify and compile the most significant research papers using the Web of Science (WOS), analyze the data using the VOS viewer software, as well as learn which countries and institutions had published the most articles relating to the subject of cementitious grout material as it relates to semi-flexible. It was also done to learn more about the authors and their collaboration. In addition to knowing the keywords that will aid researchers in their research on this topic, using these studies to better understand the elements that affect how well semi-flexible mixtures and grouts perform such as porous asphalt Mixture gradation and grout material components.",Gradation;Grout;Cementitious;Durability;Civil engineering;Subgrade;Rut;Asphalt;Engineering;Forensic engineering;Computer science;Construction engineering;Geotechnical engineering;Environmental science;Cement;Materials science;Database,Gradation;Grout;Cementitious;Durability;Civil engineering;Subgrade;Rut;Asphalt;Engineering;Forensic engineering;Computer science;Construction engineering;Geotechnical engineering;Environmental science;Cement;Materials science;Database;Composite material;Metallurgy;Computer vision,https://openalex.org/W131668940;https://openalex.org/W246429909;https://openalex.org/W315573975;https://openalex.org/W606249396;https://openalex.org/W624394620;https://openalex.org/W631569233;https://openalex.org/W647879617;https://openalex.org/W1461108801;https://openalex.org/W1562810665;https://openalex.org/W1615775155;https://openalex.org/W1874087616;https://openalex.org/W1967412734;https://openalex.org/W1975575919;https://openalex.org/W1978071138;https://openalex.org/W1984261095;https://openalex.org/W1993355127;https://openalex.org/W1996387134;https://openalex.org/W1999294502;https://openalex.org/W2008025698;https://openalex.org/W2057904444;https://openalex.org/W2090016986;https://openalex.org/W2103424763;https://openalex.org/W2113300509;https://openalex.org/W2121933801;https://openalex.org/W2141064767;https://openalex.org/W2155242697;https://openalex.org/W2161468087;https://openalex.org/W2165170318;https://openalex.org/W2182403934;https://openalex.org/W2249411418;https://openalex.org/W2255935098;https://openalex.org/W2323211454;https://openalex.org/W2606887588;https://openalex.org/W2612083024;https://openalex.org/W2620402730;https://openalex.org/W2760171401;https://openalex.org/W2765525947;https://openalex.org/W2797999301;https://openalex.org/W2805375443;https://openalex.org/W2885580363;https://openalex.org/W2892026004;https://openalex.org/W2906923295;https://openalex.org/W2983529122;https://openalex.org/W3013342273;https://openalex.org/W3018896049;https://openalex.org/W3045071881;https://openalex.org/W3049336779;https://openalex.org/W3107643390;https://openalex.org/W3125534699;https://openalex.org/W3146042638;https://openalex.org/W3180325795;https://openalex.org/W3185154841;https://openalex.org/W3196951880;https://openalex.org/W3204936638;https://openalex.org/W4200259366;https://openalex.org/W4200413599;https://openalex.org/W4210319269;https://openalex.org/W4244555058;https://openalex.org/W4250810012;https://openalex.org/W4313478195;https://openalex.org/W6611079377;https://openalex.org/W6747864556;https://openalex.org/W7006669925,,True,ISI,,"Ali R, 2023, Al-Qadisiyah Journal for Engineering Sciences","Ali R, 2023, Al-Qadisiyah Journal for Engineering Sciences"
https://openalex.org/W3115894432,10.1007/s00521-020-05626-8,A review on COVID-19 forecasting models,2021,Neural Computing and Applications,Neural Computing and Applications,252,review,en,35,33,23671,23681,Rahimi I;Fang C;H. Gandomi A,Iman Rahimi;Chen Fang;Amir H. Gandomi,Universiti Putra Malaysia;University of Technology Sydney;University of Technology Sydney,,Coronavirus disease 2019 (COVID-19);Scopus;Computer science;Web of science;Computational Science and Engineering;Section (typography);Work (physics);Severe acute respiratory syndrome coronavirus 2 (SARS-CoV-2);Machine learning;2019-20 coronavirus outbreak;Artificial intelligence;Subject (documents);Data science;Outbreak;Library science;MEDLINE;Engineering,Coronavirus disease 2019 (COVID-19);Scopus;Computer science;Web of science;Computational Science and Engineering;Section (typography);Work (physics);Severe acute respiratory syndrome coronavirus 2 (SARS-CoV-2);Machine learning;2019-20 coronavirus outbreak;Artificial intelligence;Subject (documents);Data science;Outbreak;Library science;MEDLINE;Engineering;Mechanical engineering;Biology;Infectious disease (medical specialty);Law;Pathology;Virology;Political science;Disease;Medicine;Operating system,https://openalex.org/W42525004;https://openalex.org/W150292108;https://openalex.org/W187904391;https://openalex.org/W888141997;https://openalex.org/W1488166531;https://openalex.org/W1489537150;https://openalex.org/W1570814949;https://openalex.org/W1985028263;https://openalex.org/W1991038590;https://openalex.org/W2002944058;https://openalex.org/W2004617458;https://openalex.org/W2019282798;https://openalex.org/W2032841931;https://openalex.org/W2039568841;https://openalex.org/W2041490648;https://openalex.org/W2076063813;https://openalex.org/W2094534930;https://openalex.org/W2141125852;https://openalex.org/W2144301074;https://openalex.org/W2163922914;https://openalex.org/W2166901389;https://openalex.org/W2171103562;https://openalex.org/W2316616412;https://openalex.org/W2339500526;https://openalex.org/W2402695066;https://openalex.org/W2483251205;https://openalex.org/W2541920591;https://openalex.org/W2596233835;https://openalex.org/W2605411705;https://openalex.org/W2618530766;https://openalex.org/W2747599906;https://openalex.org/W2783781251;https://openalex.org/W2797841405;https://openalex.org/W2896745687;https://openalex.org/W2914422414;https://openalex.org/W2919115771;https://openalex.org/W2982545415;https://openalex.org/W2995301563;https://openalex.org/W2995566743;https://openalex.org/W2996056133;https://openalex.org/W3006028741;https://openalex.org/W3007602081;https://openalex.org/W3008573283;https://openalex.org/W3009333463;https://openalex.org/W3009916383;https://openalex.org/W3011771926;https://openalex.org/W3013056994;https://openalex.org/W3013649595;https://openalex.org/W3014804276;https://openalex.org/W3015305373;https://openalex.org/W3015380512;https://openalex.org/W3016038616;https://openalex.org/W3016049706;https://openalex.org/W3016236951;https://openalex.org/W3016393085;https://openalex.org/W3017051018;https://openalex.org/W3018069106;https://openalex.org/W3018219276;https://openalex.org/W3019529372;https://openalex.org/W3022122691;https://openalex.org/W3022714712;https://openalex.org/W3022787740;https://openalex.org/W3023006744;https://openalex.org/W3023277104;https://openalex.org/W3024647574;https://openalex.org/W3024773523;https://openalex.org/W3024906488;https://openalex.org/W3024990888;https://openalex.org/W3026147544;https://openalex.org/W3026389350;https://openalex.org/W3026481086;https://openalex.org/W3029558740;https://openalex.org/W3030109869;https://openalex.org/W3031229471;https://openalex.org/W3031465195;https://openalex.org/W3032502637;https://openalex.org/W3034944671;https://openalex.org/W3035619533;https://openalex.org/W3038060658;https://openalex.org/W3038075184;https://openalex.org/W3043265968;https://openalex.org/W3043618167;https://openalex.org/W3093554370;https://openalex.org/W3106321705;https://openalex.org/W3112102355;https://openalex.org/W3114631459;https://openalex.org/W3125492565;https://openalex.org/W4205230814;https://openalex.org/W4205406083;https://openalex.org/W4206700125;https://openalex.org/W4236605548;https://openalex.org/W4238753141;https://openalex.org/W4242841269;https://openalex.org/W4292156591;https://openalex.org/W4399522163,33564213,True,ISI,,"Rahimi I, 2021, Neural Computing and Applications","Rahimi I, 2021, Neural Computing and Applications"
https://openalex.org/W4291149788,10.3389/fpsyt.2022.965142,Knowledge atlas of the involvement of glutamate and GABA in alcohol use disorder: A bibliometric and scientometric analysis,2022,Frontiers in Psychiatry,Frontiers in Psychiatry,9,article,en,13,,965142,965142,Wang Z;Zhu X;Ni X;Wen Y;Shang D,Zhanzhang Wang;Xiuqing Zhu;Xiaojia Ni;Yuguan Wen;Dewei Shang,Guangzhou Medical University;Guangzhou Medical University;Guangzhou Medical University;Guangzhou Medical University;Guangzhou Medical University,"Introduction Abnormal neurotransmission of glutamate and γ-aminobutyric acid (GABA) is a key characteristic of alcohol-related disorders. To track research output, we conducted a bibliometric analysis to explore the current status and trends in this field over the past decades. Methods Studies related to neurotransmitters and alcohol use disorder published in English from 2005–2021 were retrieved from the Web of Science Core Collection and Scopus databases. The R– bibliometrix package was used for a descriptive analysis of the publications. Citespace, WOSviewer, and R– bibliometrix were used to construct networks of countries/institutions/authors based on co-authorship, co-citation analysis of cited references and co-occurrence as well as burst detection of keywords. Results A total of 4,250 unique articles and reviews were included in the final analysis. The annual growth rate of publications was 5.4%. The USA was the most productive country in this field, contributing nearly half of the total documents. The top ten most productive institutions were all located in the USA. The most frequent worldwide collaboration was between the USA and Italy. The most productive and influential institution was the University of California. The author contributing the most productions to this field was Marisa Roberto from the Scripps Research Institute. The top co-cited reference was a review titled “Neurocircuitry of addiction.” The top journal in terms of the number of records and citations was Alcoholism: Clinical and Experimental Research . Comprehensive analyses have been conducted over past decades based on co-cited reference analysis, including modulators, transporters, receptor subtypes, and animal models. In recent years, the research frontiers have been shifting to the identification of risk factors/biomarkers, drug development for alcohol use disorder, and mechanisms related to alcoholic and non-alcoholic fatty liver. Conclusion Our bibliometric analysis shows that glutamate and GABA continue to be of interest in alcohol use disorder. The focus has evolved from mechanisms and medications related to glutamate and GABA in alcohol use disorder, to novel drug development, risk factor/biomarker identification targeting neurotransmitters, and the mechanisms of related diseases.",Psychology;Alcohol use disorder;Psychiatry;Glutamate receptor;Medicine;Neuroscience;Alcohol;Chemistry;Internal medicine;Biochemistry,Psychology;Alcohol use disorder;Psychiatry;Glutamate receptor;Medicine;Neuroscience;Alcohol;Chemistry;Internal medicine;Biochemistry;Receptor,https://openalex.org/W1972452575;https://openalex.org/W1981444301;https://openalex.org/W2026049498;https://openalex.org/W2032093027;https://openalex.org/W2037249096;https://openalex.org/W2066848874;https://openalex.org/W2080894664;https://openalex.org/W2090785150;https://openalex.org/W2115390339;https://openalex.org/W2115914069;https://openalex.org/W2117287657;https://openalex.org/W2150220236;https://openalex.org/W2169076325;https://openalex.org/W2183075075;https://openalex.org/W2186569570;https://openalex.org/W2320539563;https://openalex.org/W2496128852;https://openalex.org/W2552950400;https://openalex.org/W2552955852;https://openalex.org/W2590242538;https://openalex.org/W2599784308;https://openalex.org/W2615387563;https://openalex.org/W2755950973;https://openalex.org/W2769724041;https://openalex.org/W2782206210;https://openalex.org/W2793489992;https://openalex.org/W2802163639;https://openalex.org/W2802884424;https://openalex.org/W2807948330;https://openalex.org/W2807958215;https://openalex.org/W2809539758;https://openalex.org/W2889413110;https://openalex.org/W2896040605;https://openalex.org/W2901363609;https://openalex.org/W2906203106;https://openalex.org/W2914644197;https://openalex.org/W2938277062;https://openalex.org/W2970130866;https://openalex.org/W2999138479;https://openalex.org/W3003468827;https://openalex.org/W3086716753;https://openalex.org/W3102100021;https://openalex.org/W3112790012;https://openalex.org/W3153809483;https://openalex.org/W3158921765;https://openalex.org/W3196365292;https://openalex.org/W3215413999;https://openalex.org/W3216288475;https://openalex.org/W4235943384;https://openalex.org/W4238591974,36032235,True,ISI,,"Wang Z, 2022, Frontiers in Psychiatry","Wang Z, 2022, Frontiers in Psychiatry"
https://openalex.org/W2119959310,10.1016/j.joi.2008.07.003,International collaboration in science and the formation of a core group,2008,Journal of Informetrics,Journal of Informetrics,448,article,en,2,4,317,325,Leydesdorff L;S. Wagner C,Loet Leydesdorff;Caroline S. Wagner,University of Amsterdam;SRI International,,Scientometrics;Core (optical fiber);Bibliometrics;Institution;European commission;Commission;Science policy;Political science;Regional science;Computer science;Sociology;Library science;Economics;International trade;Telecommunications;Public administration;Law,Scientometrics;Core (optical fiber);Bibliometrics;Institution;European commission;Commission;Science policy;Political science;Regional science;Computer science;Sociology;Library science;Economics;International trade;Telecommunications;Public administration;Law;European union,https://openalex.org/W653217453;https://openalex.org/W1546171873;https://openalex.org/W1555533122;https://openalex.org/W1766158111;https://openalex.org/W1799889357;https://openalex.org/W1947595544;https://openalex.org/W1956559956;https://openalex.org/W1964920419;https://openalex.org/W1971909015;https://openalex.org/W1971937094;https://openalex.org/W1998789259;https://openalex.org/W2010684265;https://openalex.org/W2026926922;https://openalex.org/W2034765382;https://openalex.org/W2048002078;https://openalex.org/W2050381689;https://openalex.org/W2053410204;https://openalex.org/W2056944867;https://openalex.org/W2065427498;https://openalex.org/W2065800539;https://openalex.org/W2066054904;https://openalex.org/W2072651020;https://openalex.org/W2074846680;https://openalex.org/W2083610746;https://openalex.org/W2083932720;https://openalex.org/W2084925338;https://openalex.org/W2096123611;https://openalex.org/W2100484636;https://openalex.org/W2107972503;https://openalex.org/W2125315567;https://openalex.org/W2147854962;https://openalex.org/W2153110362;https://openalex.org/W2325227998;https://openalex.org/W2478086388;https://openalex.org/W2907515539;https://openalex.org/W2950146322;https://openalex.org/W3121267476;https://openalex.org/W3134853862;https://openalex.org/W4214502461;https://openalex.org/W4236467409;https://openalex.org/W4285719527;https://openalex.org/W4291733759;https://openalex.org/W6757688949,,False,ISI,,"Leydesdorff L, 2008, Journal of Informetrics","Leydesdorff L, 2008, Journal of Informetrics"
https://openalex.org/W2947213009,10.15407/np.48.328,Bibliometrics Profiles in Scientometrics,2018,Naukovì pracì Nacìonalʹnoï bìblìoteki Ukraïni ìmenì V Ì Vernadsʹkogo,Naukovì pracì Nacìonalʹnoï bìblìoteki Ukraïni ìmenì V Ì Vernadsʹkogo,3,article,lmo,,48,328,338,Symonenko T,Tetiana Symonenko,,,Scientometrics;Bibliometrics;Library science;Computer science,Scientometrics;Bibliometrics;Library science;Computer science,https://openalex.org/W2332434915,,True,ISI,,"Symonenko T, 2018, Naukovì pracì Nacìonalʹnoï bìblìoteki Ukraïni ìmenì V Ì Vernadsʹkogo","Symonenko T, 2018, Naukovì pracì Nacìonalʹnoï bìblìoteki Ukraïni ìmenì V Ì Vernadsʹkogo"
https://openalex.org/W4206182623,10.29057/jbapr.v3i6.6829,"Bibliometrics, a useful tool within the field of research",2022,Journal of Basic and Applied Psychology Research,Journal of Basic and Applied Psychology Research,102,article,en,3,6,9,16,Salinas Ríos K;́élica Janneire García López A,Karla Salinas Ríos;Ang ́élica Janneire García López,Universidad Autónoma del Estado de Hidalgo;Universidad Autónoma del Estado de Hidalgo,"The activity in scientific research has been able to be studied, measured, compared, analyzed and objectified through Scientometrics, discipline that applies to all the literature of scientific character, mathematical and statistical methods, thus achieving, that social aspects of science can be quantified. From the scientific literature, scientific publications (tangible products of the research) are derived, which are specifically studied by the bibliometrics. This last one, is a branch of the Scientometrics, that is guided under the assumption that the scientific discoveries and the research results are published in scientific journals, so its unit of analysis is the scientific article. The word bibliometrics was defined for first time by Alan Pritchard in 1969, and since then, multiple concepts of this term have been developed. However, it has reached to the consensus that this methodological tool allows to know the scientific production (in quantity, quality and impact) on various topics, journals, authors and countries, among others. Its main research lines are the methodology for bibliometrics, the scientific disciplines and the health management and policies. Likewise, it has descriptive, evaluation and supervision/monitoring functions of the research activity, on which its classification into levels (micro, meso and maso) will depend directly. Because it has components from various sciences, among them the mathematics, its methodology and theory are based on mathematical models, from which the bibliometric indicators are derived. Although there are other types of research such as systematic reviews and meta-analyzes, these, require a better management in the field of research and of the statistical measurement, as well as more resources. On the other hand, a bibliometric study owns the nobility of being within the reach of students and researchers due to its methodology, practicality, relevance, resource saving, potential to extend to most of the scientific areas, multiple applications and favoring the fact of not committing ethical misconduct related to research. Finally, although bibliometrics is often underestimated, its power and importance as a tool to manage evidence-based knowledge and to serve as a basis for other types of studies such as systematic reviews must be emphasized.",Bibliometrics;Scientometrics;Field (mathematics);Scientific literature;Management science;Data science;Sociology of scientific knowledge;Computer science;Social science;Sociology;Library science;Mathematics;Engineering;Biology,Bibliometrics;Scientometrics;Field (mathematics);Scientific literature;Management science;Data science;Sociology of scientific knowledge;Computer science;Social science;Sociology;Library science;Mathematics;Engineering;Biology;Pure mathematics;Paleontology,https://openalex.org/W50317797;https://openalex.org/W90018717;https://openalex.org/W113602514;https://openalex.org/W262012851;https://openalex.org/W1497738025;https://openalex.org/W1503816197;https://openalex.org/W1540015854;https://openalex.org/W1577969850;https://openalex.org/W1867214853;https://openalex.org/W1888811121;https://openalex.org/W1952255788;https://openalex.org/W1969511094;https://openalex.org/W2025549849;https://openalex.org/W2032854736;https://openalex.org/W2042132957;https://openalex.org/W2097777089;https://openalex.org/W2116705524;https://openalex.org/W2128438887;https://openalex.org/W2140283616;https://openalex.org/W2144914657;https://openalex.org/W2159419130;https://openalex.org/W2243271686;https://openalex.org/W2328570501;https://openalex.org/W2787907147;https://openalex.org/W2910352407;https://openalex.org/W3014920224;https://openalex.org/W3110355109;https://openalex.org/W6609854993;https://openalex.org/W6632483181;https://openalex.org/W6884941166;https://openalex.org/W7038156494,,True,ISI,,"Salinas Ríos K, 2022, Journal of Basic and Applied Psychology Research","Salinas Ríos K, 2022, Journal of Basic and Applied Psychology Research"
https://openalex.org/W4413269636,10.1016/j.dwt.2025.101338,Integration of artificial intelligence in advanced oxidation processes for sustainable wastewater treatment: A bibliometric and scientometric analysis (2014–2025),2025,Desalination and Water Treatment,Desalination and Water Treatment,7,article,en,323,,101338,101338,Ata R,Reyhan Ata,Tekirdağ Namık Kemal University,"Artificial Intelligence (AI) has significantly advanced the efficiency, adaptability, and sustainability of Advanced Oxidation Processes (AOPs) in wastewater treatment. This study conducts a comprehensive bibliometric and scientometric analysis of 2933 publications from 2014 to 2025, retrieved from the Scopus database, to map the evolution of AI-AOP research. China leads with 839 publications, while Chemosphere is the most active journal, publishing 99 articles. The cumulative citation count reached 28,380 by 2025, reflecting growing academic interest. Beyond trend analysis, a novel conceptual framework is proposed to illustrate integration points between AI techniques and AOP mechanisms, including kinetic moeling, multi-objective optimization, pollutant-specific degradation, and real-time system control. The findings reveal a shift from empirical approaches to predictive and self-adaptive systems, utilizing models such as ANN, CNN, LSTM, and hybrid algorithms. These AI-driven strategies have achieved pollutant removal efficiencies exceeding 95 % in various applications. The integration of AI has facilitated enhanced process automation, control of operational parameters, development of novel materials, and energy efficiency improvements. This study highlights the transformative role of AI in shaping next-generation AOP systems and anticipates that future advancements in AI will drive sustainable innovation in wastewater treatment technologies. • Bibliometric and scientometric analysis of 2933 AI-AOP papers reveals global research trends (2014–2025). • A novel framework maps AI-AOP integration points in modeling, optimization, and real-time process control. • China leads with 839 papers; Chemosphere is top journal. Total citations reached 28380 by 2024. • Thematic shift observed from ANN-based models to deep learning and hybrid AI (e.g., ANN-GA, CNN, LSTM). • Strategic gaps identified, energy-efficient modeling, and industrial-scale AI-AOP applications.",Sewage treatment;Wastewater;Sustainable development;Environmental science;Engineering;Environmental engineering;Political science,Sewage treatment;Wastewater;Sustainable development;Environmental science;Engineering;Environmental engineering;Political science;Law,https://openalex.org/W1922730584;https://openalex.org/W1999414626;https://openalex.org/W2008370946;https://openalex.org/W2038173949;https://openalex.org/W2040491014;https://openalex.org/W2060642913;https://openalex.org/W2161053097;https://openalex.org/W2508930034;https://openalex.org/W2576459012;https://openalex.org/W2749834814;https://openalex.org/W2808428434;https://openalex.org/W2909512538;https://openalex.org/W2913395807;https://openalex.org/W2915369020;https://openalex.org/W2922692710;https://openalex.org/W2947365743;https://openalex.org/W2981234605;https://openalex.org/W3000840481;https://openalex.org/W3014680015;https://openalex.org/W3017913348;https://openalex.org/W3022198560;https://openalex.org/W3022695141;https://openalex.org/W3024240015;https://openalex.org/W3036695733;https://openalex.org/W3043183645;https://openalex.org/W3082720764;https://openalex.org/W3134191502;https://openalex.org/W3143158417;https://openalex.org/W3146512161;https://openalex.org/W3216795487;https://openalex.org/W4206085398;https://openalex.org/W4214560198;https://openalex.org/W4224024405;https://openalex.org/W4224233896;https://openalex.org/W4224839097;https://openalex.org/W4283327941;https://openalex.org/W4296051895;https://openalex.org/W4382051329;https://openalex.org/W4385539308;https://openalex.org/W4385833567;https://openalex.org/W4386607939;https://openalex.org/W4388065175;https://openalex.org/W4389254264;https://openalex.org/W4390640125;https://openalex.org/W4390670348;https://openalex.org/W4391926284;https://openalex.org/W4392947351;https://openalex.org/W4394564257;https://openalex.org/W4394615091;https://openalex.org/W4396622253;https://openalex.org/W4396771598;https://openalex.org/W4400640297;https://openalex.org/W4401851267;https://openalex.org/W4402534540;https://openalex.org/W4402827907;https://openalex.org/W4403908616;https://openalex.org/W4404619538;https://openalex.org/W4408524324;https://openalex.org/W4409681956;https://openalex.org/W6650397569;https://openalex.org/W6660096393;https://openalex.org/W6782511642;https://openalex.org/W6804439314;https://openalex.org/W6851923454;https://openalex.org/W6857684085;https://openalex.org/W6860553254;https://openalex.org/W6863617689,,True,ISI,,"Ata R, 2025, Desalination and Water Treatment","Ata R, 2025, Desalination and Water Treatment"
https://openalex.org/W4397040044,10.1097/md.0000000000038152,"Deep brain stimulation in Parkinson’s disease: A scientometric and bibliometric analysis, trends, and research hotspots",2024,Medicine,Medicine,5,article,en,103,20,e38152,e38152,Suresh V;Dave T;Ghosh S;Jena R;Sanker V,Vinay Suresh;Tirth Dave;Shankhaneel Ghosh;Rahul Jena;Vivek Sanker,King George's Medical University;Weatherford College;Child Trends;Bukovinian State Medical University;Weatherford College;Institute of Medical Sciences and Sum Hospital;Child Trends;Weatherford College;Child Trends;Bharati Vidyapeeth Deemed University;Brain Mapping Foundation;Weatherford College;Child Trends,"Parkinson disease (PD), a prevalent neurodegenerative ailment in the elderly, relies mainly on pharmacotherapy, yet deep brain stimulation (DBS) emerges as a vital remedy for refractory cases. This study performs a bibliometric analysis on DBS in PD, delving into research trends and study impact to offer comprehensive insights for researchers, clinicians, and policymakers, illuminating the current state and evolutionary trajectory of research in this domain. A systematic search on March 13, 2023, in the Scopus database utilized keywords like ""Parkinson disease,"" ""PD,"" ""Parkinsonism,"" ""Deep brain stimulation,"" and ""DBS."" The top 1000 highly cited publications on DBS in PD underwent scientometric analysis via VOS Viewer and R Studio's Bibliometrix package, covering publication characteristics, co-authorship, keyword co-occurrence, thematic clustering, and trend topics. The bibliometric analysis spanned 1984 to 2021, involving 1000 cited articles from 202 sources. The average number of citations per document were 140.9, with 31,854 references. ""Movement Disorders"" led in publications (n = 98), followed by ""Brain"" (n = 78) and ""Neurology"" (n = 65). The University of Oxford featured prominently. Thematic keyword clustering identified 9 core research areas, such as neuropsychological function and motor circuit electrophysiology. The shift from historical neurosurgical procedures to contemporary focuses like ""beta oscillations"" and ""neuroethics"" was evident. The bibliometric analysis emphasizes UK and US dominance, outlining 9 key research areas pivotal for reshaping Parkinson treatment. A discernible shift from invasive neurosurgery to DBS is observed. The call for personalized DBS, integration with NIBS, and exploration of innovative avenues marks the trajectory for future research.",Deep brain stimulation;Parkinson's disease;Medicine;Scopus;Bibliometrics;Neuropsychology;Neuroscience;Disease;MEDLINE;Psychology;Library science;Psychiatry;Pathology;Cognition;Computer science,Deep brain stimulation;Parkinson's disease;Medicine;Scopus;Bibliometrics;Neuropsychology;Neuroscience;Disease;MEDLINE;Psychology;Library science;Psychiatry;Pathology;Cognition;Computer science;Law;Political science,https://openalex.org/W1498617277;https://openalex.org/W1511301388;https://openalex.org/W1967428268;https://openalex.org/W1972879677;https://openalex.org/W1974522563;https://openalex.org/W1985579960;https://openalex.org/W1986759740;https://openalex.org/W2022553955;https://openalex.org/W2038591487;https://openalex.org/W2045695914;https://openalex.org/W2046636670;https://openalex.org/W2050222960;https://openalex.org/W2067124607;https://openalex.org/W2069317710;https://openalex.org/W2072484695;https://openalex.org/W2082851956;https://openalex.org/W2083932518;https://openalex.org/W2085838792;https://openalex.org/W2091474479;https://openalex.org/W2105267783;https://openalex.org/W2109764946;https://openalex.org/W2119030930;https://openalex.org/W2120109270;https://openalex.org/W2133537202;https://openalex.org/W2140358254;https://openalex.org/W2143685192;https://openalex.org/W2149369494;https://openalex.org/W2149476088;https://openalex.org/W2150594877;https://openalex.org/W2161374975;https://openalex.org/W2166562076;https://openalex.org/W2253606866;https://openalex.org/W2270769397;https://openalex.org/W2295048429;https://openalex.org/W2329059023;https://openalex.org/W2380220194;https://openalex.org/W2465369861;https://openalex.org/W2513000478;https://openalex.org/W2620619632;https://openalex.org/W2747725242;https://openalex.org/W2752167926;https://openalex.org/W2755950973;https://openalex.org/W2769521568;https://openalex.org/W2789307087;https://openalex.org/W2883912743;https://openalex.org/W2890863075;https://openalex.org/W2912654919;https://openalex.org/W2929508298;https://openalex.org/W2968540463;https://openalex.org/W2979944484;https://openalex.org/W2997083153;https://openalex.org/W3025643029;https://openalex.org/W3047995210;https://openalex.org/W3082528802;https://openalex.org/W3082662179;https://openalex.org/W3090385228;https://openalex.org/W3092943473;https://openalex.org/W3121844480;https://openalex.org/W3139350597;https://openalex.org/W3201788671;https://openalex.org/W3204279168;https://openalex.org/W3208059054;https://openalex.org/W3213056678;https://openalex.org/W4211044101;https://openalex.org/W4220953410;https://openalex.org/W4220979912;https://openalex.org/W4226149576;https://openalex.org/W4229037393;https://openalex.org/W4280605848;https://openalex.org/W4283364990;https://openalex.org/W4311403938;https://openalex.org/W4311779846;https://openalex.org/W6671300336;https://openalex.org/W6679936625;https://openalex.org/W6808768358;https://openalex.org/W7075723048,38758903,True,ISI,,"Suresh V, 2024, Medicine","Suresh V, 2024, Medicine"
https://openalex.org/W4210843327,10.12688/f1000research.108772.1,Scopus based bibliometric and scientometric analysis of occupational therapy publications from 2001 to 2020,2022,F1000Research,F1000Research,6,preprint,en,11,,155,155,Sau K;Nayak Y,Koushik Sau;Yogendra Nayak,Manipal Academy of Higher Education;Manipal Academy of Higher Education,"<ns7:p> <ns7:bold>Background:</ns7:bold> Occupational therapy (OT) is one of the allied health professions that had its first journals way back in 1920. The main objective of this study was to find out the publication trend in the field of OT research for the period of 2001-2020 using the principles of bibliometrics and scientometrics. </ns7:p> <ns7:p> <ns7:bold>Methods:</ns7:bold> The data was retrieved from Scopus from the past 20-years (2001-2020). VOSviewer software was used to find year-wise publications in OT-specific and non-OT-specific Journals along with top journals, countries, organisations, authors, cited articles, and highly used keywords. </ns7:p> <ns7:p> <ns7:bold>Results:</ns7:bold> There was a steady growth of OT articles from the past 20-years. Scopus indexes 16 OT-specific journals are identified. American Journal of Occupational Therapy, British Journal of Occupational Therapy Journal, Australian Occupational Therapy Journal, Scandinavian Journal of Occupational Therapy and Canadian Journal of Occupational Therapy are the leading publications and citations. Comparison of OT-specific and non-OT journals inferred that the OT-specific papers are three times more published in non-OT journals. There is a trend in publishing multidisciplinary medical journals than OT journals. The US publishes the highest number of articles, followed by the UK, Australia, Canada, and Germany. Though the US alone produced a considerable number of articles (9517), only five organisations are listed in the top-20, compared to Canada (n=6) and Australia (n=5). Australia represents the highest published authors (n=11/20), and Canada represents a highly cited author from the top-cited publications. The “occupational therapy”, “rehabilitation”, “stroke”, “physical therapy,” and “activities of daily living” are the five common keywords used by OT authors. This study lists top-20 journals along with their CiteScore and Journal Impact Factor. </ns7:p> <ns7:p> <ns7:bold>Conclusions:</ns7:bold> This study will help the budding researchers in OT to select a suitable quality journal for publication and, further, helpful for research promotion, researcher incentivising, grant allocations, and policymakers in the OT field. </ns7:p>",Scopus;Bibliometrics;Occupational therapy;Publishing;Scientometrics;Medicine;Impact factor;Multidisciplinary approach;Library science;MEDLINE;Family medicine;Social science;Political science;Sociology;Psychiatry,Scopus;Bibliometrics;Occupational therapy;Publishing;Scientometrics;Medicine;Impact factor;Multidisciplinary approach;Library science;MEDLINE;Family medicine;Social science;Political science;Sociology;Psychiatry;Computer science;Law,https://openalex.org/W1498995181;https://openalex.org/W1684771646;https://openalex.org/W1988897951;https://openalex.org/W1995344191;https://openalex.org/W2013493911;https://openalex.org/W2029195030;https://openalex.org/W2030412205;https://openalex.org/W2039027543;https://openalex.org/W2056267687;https://openalex.org/W2056416760;https://openalex.org/W2077136486;https://openalex.org/W2118733022;https://openalex.org/W2127333187;https://openalex.org/W2152248343;https://openalex.org/W2331838464;https://openalex.org/W2333163389;https://openalex.org/W2614740326;https://openalex.org/W2658156205;https://openalex.org/W2661079510;https://openalex.org/W2762890992;https://openalex.org/W2781929254;https://openalex.org/W2791804709;https://openalex.org/W2807813348;https://openalex.org/W2918188189;https://openalex.org/W2942489224;https://openalex.org/W2955674901;https://openalex.org/W2969796197;https://openalex.org/W2977371319;https://openalex.org/W2979712625;https://openalex.org/W3168014259;https://openalex.org/W6637107074;https://openalex.org/W6796954694,,True,ISI,,"Sau K, 2022, F1000Research","Sau K, 2022, F1000Research"
https://openalex.org/W4407111804,10.1108/jima-12-2023-0399,Trends and directions of Islamic marketing: a bibliometric and scientometric analysis (2001–2023),2025,Journal of Islamic marketing,Journal of Islamic marketing,7,article,en,16,5,1261,1290,Aziz S;Md Husin M;Gazali S;Zameer Rahman E;Afaq Z,Shahab Aziz;Maizaitulaidawati Md Husin;Sidra Gazali;Eman Zameer Rahman;Zahra Afaq,King Fahd University of Petroleum and Minerals;Pir Mehr Ali Shah Arid Agriculture University;Universiti Teknologi Petronas,"Purpose This paper aims to provide bibliometric data from previously published research in Islamic marketing. To assess the knowledge structure of research in Islamic marketing and to aid future research, several categories were analysed, such as the most influential authors, the keywords and the themes of the previously published research. The paper also analyses the content of the previously published research in this field to identify the gaps and provide future research direction. Design/methodology/approach Using a quali-quantitative approach known as meta-literature review, we analysed the Islamic marketing literature from 2001–2023. The authors reviewed and analysed 208 papers through bibliometric citation analysis (using R-Studio, VOSviewer and Excel) and content analysis. Findings The findings revealed that Malaysia is the most influential country researching Islamic Marketing, and most of the papers were published by the Journal of Islamic Marketing . “Islamic”, “Marketing” and “halal” are among the top three keywords used by the authors publishing in this field. It was found that the impactful authors in Islamic marketing are Wilson, Alserhan and Sandikci, and the impactful source is the Journal of Islamic Marketing . The authors also found that the past research in this field focuses on qualitative research methods, and the objective is more towards providing a general understanding of the concept of Islamic marketing, while the current research agenda is more towards behavioural study and uses quantitative analysis. Practical implications By identifying core journals, seminal papers and influential authors, researchers can gain insights into the intellectual structure of a discipline in this field. This study also supports decision-makers, such as funding agencies or policymakers, and assists in making informed decisions related to resource allocation and research priorities. Originality/value This comprehensive study examines previously published research and contributes to mapping knowledge domains in Islamic marketing. Reviewing and analysing the published research on Islamic marketing, the authors provide 11 future research questions to extend the research on this topic. The findings of this research benefit practitioners and researchers wishing to embark on research in this niche field.",Islam;Marketing;Regional science;Business;Geography;Archaeology,Islam;Marketing;Regional science;Business;Geography;Archaeology,https://openalex.org/W1503385982;https://openalex.org/W1526957415;https://openalex.org/W1539191504;https://openalex.org/W1976682786;https://openalex.org/W1976900555;https://openalex.org/W1983293557;https://openalex.org/W2001229815;https://openalex.org/W2026124456;https://openalex.org/W2027541864;https://openalex.org/W2044343046;https://openalex.org/W2048037016;https://openalex.org/W2050921449;https://openalex.org/W2056663889;https://openalex.org/W2061414460;https://openalex.org/W2069291109;https://openalex.org/W2095571822;https://openalex.org/W2099811601;https://openalex.org/W2216308408;https://openalex.org/W2268691987;https://openalex.org/W2565408710;https://openalex.org/W2576010710;https://openalex.org/W2608596536;https://openalex.org/W2759152420;https://openalex.org/W2899268951;https://openalex.org/W2962999961;https://openalex.org/W2966401187;https://openalex.org/W2972453537;https://openalex.org/W2981143057;https://openalex.org/W2990123790;https://openalex.org/W2999801285;https://openalex.org/W3001491100;https://openalex.org/W3034263592;https://openalex.org/W3083351865;https://openalex.org/W3092754473;https://openalex.org/W3111483781;https://openalex.org/W3127884866;https://openalex.org/W3128275229;https://openalex.org/W3185920293;https://openalex.org/W4220938072;https://openalex.org/W4221089149;https://openalex.org/W4229012336;https://openalex.org/W4280609270;https://openalex.org/W4280634568;https://openalex.org/W4281667897;https://openalex.org/W4282981435;https://openalex.org/W4288066582;https://openalex.org/W4291984218;https://openalex.org/W4307715361;https://openalex.org/W4313788431;https://openalex.org/W4317423263;https://openalex.org/W4327584904;https://openalex.org/W4378650945;https://openalex.org/W4386549918;https://openalex.org/W4387585197;https://openalex.org/W4389850839;https://openalex.org/W4399023432,,False,ISI,,"Aziz S, 2025, Journal of Islamic marketing","Aziz S, 2025, Journal of Islamic marketing"
https://openalex.org/W3101424075,,A novel method for depicting academic disciplines through Google Scholar Citations: The case of Bibliometrics,2017,LA Referencia (Red Federada de Repositorios Institucionales de Publicaciones Científicas),LA Referencia (Red Federada de Repositorios Institucionales de Publicaciones Científicas),41,article,en,,,,,"Alberto M;Enrique O;López-Cózar, Emilio D","Martín-Martín, Alberto;Orduña-Malea, Enrique;Delgado López-Cózar, Emilio",,,Bibliometrics;Informetrics;Webometrics;Scientometrics;Altmetrics;Citation;Computer science;Library science;Citation analysis;Data science;Information retrieval;Scholarly communication;Publishing;Political science,Bibliometrics;Informetrics;Webometrics;Scientometrics;Altmetrics;Citation;Computer science;Library science;Citation analysis;Data science;Information retrieval;Scholarly communication;Publishing;Political science;Law,https://openalex.org/W210033121;https://openalex.org/W220607211;https://openalex.org/W271661306;https://openalex.org/W423119105;https://openalex.org/W632296834;https://openalex.org/W637241713;https://openalex.org/W643826803;https://openalex.org/W1488271674;https://openalex.org/W1519117689;https://openalex.org/W1543032408;https://openalex.org/W1547304362;https://openalex.org/W1600077369;https://openalex.org/W1645648337;https://openalex.org/W1768956149;https://openalex.org/W1774901454;https://openalex.org/W1888811121;https://openalex.org/W1891258619;https://openalex.org/W1967508355;https://openalex.org/W1976462278;https://openalex.org/W1981686904;https://openalex.org/W1982015285;https://openalex.org/W1982149803;https://openalex.org/W1982564000;https://openalex.org/W1984066943;https://openalex.org/W1993451046;https://openalex.org/W2009117424;https://openalex.org/W2009405785;https://openalex.org/W2038196424;https://openalex.org/W2040090443;https://openalex.org/W2048278428;https://openalex.org/W2049169605;https://openalex.org/W2065589403;https://openalex.org/W2069134922;https://openalex.org/W2069613886;https://openalex.org/W2070649469;https://openalex.org/W2072623593;https://openalex.org/W2072897447;https://openalex.org/W2077217220;https://openalex.org/W2081990628;https://openalex.org/W2085912276;https://openalex.org/W2090082555;https://openalex.org/W2099424129;https://openalex.org/W2100133856;https://openalex.org/W2101174610;https://openalex.org/W2102661446;https://openalex.org/W2110562193;https://openalex.org/W2122130843;https://openalex.org/W2137224556;https://openalex.org/W2153648813;https://openalex.org/W2154446579;https://openalex.org/W2169598467;https://openalex.org/W2173447494;https://openalex.org/W2202159008;https://openalex.org/W2229820642;https://openalex.org/W2252573070;https://openalex.org/W2279988883;https://openalex.org/W2319450384;https://openalex.org/W2320466125;https://openalex.org/W2431515196;https://openalex.org/W2471734499;https://openalex.org/W2563792373;https://openalex.org/W2594755726;https://openalex.org/W2602646996;https://openalex.org/W2609522277;https://openalex.org/W2613598864;https://openalex.org/W2620033716;https://openalex.org/W2764040943;https://openalex.org/W2788939510;https://openalex.org/W2912659123;https://openalex.org/W3122411544;https://openalex.org/W3124263630;https://openalex.org/W4210997956;https://openalex.org/W4244719198;https://openalex.org/W4246200264;https://openalex.org/W4250810012;https://openalex.org/W4254947497;https://openalex.org/W4285719527;https://openalex.org/W4293728589;https://openalex.org/W4297173270;https://openalex.org/W4299419711;https://openalex.org/W4301031919,,True,ISI,,"Alberto M, 2017, LA Referencia (Red Federada de Repositorios Institucionales de Publicaciones Científicas)","Alberto M, 2017, LA Referencia (Red Federada de Repositorios Institucionales de Publicaciones Científicas)"
https://openalex.org/W4313830775,10.1007/s43546-022-00409-w,Bibliometric and scientometric analysis of the scientific field in taxation,2023,SN Business & Economics,SN Business & Economics,3,article,en,3,1,,,Fonseca Costa D;Melissa Fonseca B;Pedro de Andrade L;César de Melo Moreira B,Daniel Fonseca Costa;Brenda Melissa Fonseca;Lélis Pedro de Andrade;Bruno César de Melo Moreira,"Instituto Federal de Educação, Ciência e Tecnologia de Minas Gerais;Instituto Federal de Educação, Ciência e Tecnologia de Minas Gerais;Instituto Federal de Educação, Ciência e Tecnologia de Minas Gerais;Instituto Federal de Educação, Ciência e Tecnologia de Minas Gerais",,Field (mathematics);Work (physics);Government (linguistics);Evasion (ethics);Bibliometrics;Theme (computing);Public economics;Tax evasion;Political science;Economics;Regional science;Sociology;Computer science;Engineering;Library science,Field (mathematics);Work (physics);Government (linguistics);Evasion (ethics);Bibliometrics;Theme (computing);Public economics;Tax evasion;Political science;Economics;Regional science;Sociology;Computer science;Engineering;Library science;Philosophy;Linguistics;Immunology;Mathematics;Pure mathematics;Biology;Immune system;Mechanical engineering;Operating system,https://openalex.org/W68937821;https://openalex.org/W369339981;https://openalex.org/W1499825414;https://openalex.org/W1546195232;https://openalex.org/W1831451092;https://openalex.org/W1963883253;https://openalex.org/W1966770423;https://openalex.org/W1981764068;https://openalex.org/W1984066943;https://openalex.org/W1989316003;https://openalex.org/W2025060585;https://openalex.org/W2031232093;https://openalex.org/W2031626068;https://openalex.org/W2038243114;https://openalex.org/W2045148710;https://openalex.org/W2055804518;https://openalex.org/W2056773674;https://openalex.org/W2060563930;https://openalex.org/W2066493033;https://openalex.org/W2084443207;https://openalex.org/W2088435028;https://openalex.org/W2090324420;https://openalex.org/W2099501975;https://openalex.org/W2127238399;https://openalex.org/W2130635158;https://openalex.org/W2133599527;https://openalex.org/W2143201948;https://openalex.org/W2144817955;https://openalex.org/W2153706962;https://openalex.org/W2160441315;https://openalex.org/W2168838273;https://openalex.org/W2189821821;https://openalex.org/W2232810130;https://openalex.org/W2526742210;https://openalex.org/W2597793384;https://openalex.org/W2749804750;https://openalex.org/W2752617332;https://openalex.org/W2789635435;https://openalex.org/W2792741680;https://openalex.org/W2887937329;https://openalex.org/W2889988648;https://openalex.org/W2903797332;https://openalex.org/W2904972871;https://openalex.org/W2924744787;https://openalex.org/W2989530049;https://openalex.org/W2992661519;https://openalex.org/W3008231817;https://openalex.org/W3119601444;https://openalex.org/W3121685591;https://openalex.org/W3121766851;https://openalex.org/W3122071409;https://openalex.org/W3122286732;https://openalex.org/W3122424524;https://openalex.org/W3122474555;https://openalex.org/W3123003250;https://openalex.org/W3123452386;https://openalex.org/W3123491384;https://openalex.org/W3124063746;https://openalex.org/W3124163376;https://openalex.org/W3124595561;https://openalex.org/W3124809805;https://openalex.org/W3125006894;https://openalex.org/W3125340508;https://openalex.org/W3125519920;https://openalex.org/W3125707221;https://openalex.org/W3125763623;https://openalex.org/W3125792879;https://openalex.org/W3160856016;https://openalex.org/W3167465745;https://openalex.org/W3206152875;https://openalex.org/W4200121954;https://openalex.org/W4205630084;https://openalex.org/W4205918323;https://openalex.org/W4213004321;https://openalex.org/W4238591974;https://openalex.org/W4240461899;https://openalex.org/W4308788044,,False,ISI,,"Fonseca Costa D, 2023, SN Business & Economics","Fonseca Costa D, 2023, SN Business & Economics"
https://openalex.org/W3004059701,,Qualitative and Quantitative Methods in Libraries Journal Special Issue: Bibliometrics and Scientometrics,2017,Qualitative and Quantitative Methods in Libraries,Qualitative and Quantitative Methods in Libraries,7,article,en,,,1,3,S. Welsh T,Teresa S. Welsh,University of Southern Mississippi,Numerous papers and presentations related to bibliometrics have been presented at the International QQML conference each year. This special issue of QQML Journal contains selected papers representing a variety of bibliometric research methodologies.,Bibliometrics;Scientometrics;Variety (cybernetics);Library science;Data science;Computer science;Artificial intelligence,Bibliometrics;Scientometrics;Variety (cybernetics);Library science;Data science;Computer science;Artificial intelligence,https://openalex.org/W26095644;https://openalex.org/W653245328;https://openalex.org/W1888811121;https://openalex.org/W1969949383;https://openalex.org/W2060904856;https://openalex.org/W2079656678;https://openalex.org/W2091203950;https://openalex.org/W2169598467;https://openalex.org/W2275696275;https://openalex.org/W2463095032,,False,ISI,,"S. Welsh T, 2017, Qualitative and Quantitative Methods in Libraries","S. Welsh T, 2017, Qualitative and Quantitative Methods in Libraries"
https://openalex.org/W1997001780,10.3152/095820210x503429,A bibliometric and historiographic analysis of the work of Tony van Raan: a tribute to a scientometrics pioneer and gatekeeper,2010,Research Evaluation,Research Evaluation,5,article,en,19,3,161,172,Garfield E;I Pudovkin A;Warner Paris S,Eugene Garfield;A I Pudovkin;Soren Warner Paris,,"Using the HistCite™ software and downloading searches of the Web of Science database we have created a master collection of 1, 518 papers that have cited his work and several subset collections showing his impact in the field of scientometrics and research evaluation. Using the percentile rank indexes of his publications we have demonstrated his high impact in that area and have included a table of 14 of his papers in the 95th percentile of papers published in those respective journals. Using HistCite we also created several additional historiographs of his work, which clearly shows the main papers and books which have influenced his work involving bibliometrics and fractal analysis. Copyright , Beech Tree Publishing.",Tribute;Scientometrics;Library science;Sociology;Art history;History;Computer science,Tribute;Scientometrics;Library science;Sociology;Art history;History;Computer science,https://openalex.org/W1965955726;https://openalex.org/W1989454616;https://openalex.org/W2001662846;https://openalex.org/W2017680781;https://openalex.org/W2021082438;https://openalex.org/W2088209891;https://openalex.org/W2998874360,,False,ISI,,"Garfield E, 2010, Research Evaluation","Garfield E, 2010, Research Evaluation"
https://openalex.org/W4210725730,10.5530/jscires.10.3.51,How to Select Better Topics and Design Better Bibliometrics and Scientometrics Studies: A Perspective,2022,Journal of Scientometric Research,Journal of Scientometric Research,4,article,en,10,3,348,351,Lund B,Brady Lund,,"This paper highlights some of the weaknesses of many bibliometrics and scientometrics studies published today and offers guidance on how to better select topics and analyses to perform in these studies. Bibliometricians should focus on topics with which they already are familiar or for which they have specialized knowledge. Analyses that are performed should be selected based on the knowledge that will be most relevant to the researchers in the subject areas in informing their work. Bibliometricians should always ensure that their work aligns with the stated aims and scope of the journal to which they are submitting and ensure that the manuscript is properly formatted according to the journal's specifications. By taking a more measured approach to the design of their studies, the quality and reputation of scientometrics research may be greatly improved on the global scale. Read more . . .",Scientometrics;Bibliometrics;Scope (computer science);Reputation;Computer science;Data science;Perspective (graphical);Subject (documents);Quality (philosophy);Work (physics);Strengths and weaknesses;Management science;Sociology;Library science;Social science;Psychology;Artificial intelligence;Engineering;Epistemology,Scientometrics;Bibliometrics;Scope (computer science);Reputation;Computer science;Data science;Perspective (graphical);Subject (documents);Quality (philosophy);Work (physics);Strengths and weaknesses;Management science;Sociology;Library science;Social science;Psychology;Artificial intelligence;Engineering;Epistemology;Mechanical engineering;Social psychology;Philosophy;Programming language,,,True,ISI,,"Lund B, 2022, Journal of Scientometric Research","Lund B, 2022, Journal of Scientometric Research"
https://openalex.org/W3179855485,10.2196/25700,Status Quo and Research Trends of Neurosurgical Departments in China: Bibliometric and Scientometric Analyses,2021,Journal of Medical Internet Research,Journal of Medical Internet Research,5,article,en,23,7,e25700,e25700,Ni B;He M;Cao B;He J;Liu Y;Zhao Z,Bowen Ni;Minyi He;Bei Cao;Jianmin He;Yawei Liu;Zhen Zhao,Nanfang Hospital;Southern Medical University;Nanfang Hospital;Southern Medical University;Southern Medical University;Southern Medical University;Nanfang Hospital;Southern Medical University;Southern Medical University,"BACKGROUND: Modern neurosurgery is a relatively young discipline characterized by finesse and complexity. In recent years, neurosurgery in China has made continuous developments, with long-term progress and outstanding discoveries in many aspects of the field. OBJECTIVE: This scientometric investigation aimed to comprehensively provide insight into the development trends of neurosurgery in China, to demonstrate how the field has evolved. METHODS: PubMed database was searched to retrieve relevant papers published between 1988 and 2018 from neurosurgery institutions in China. The database of the National Natural Science Foundation of China was also retrieved for funding information. Information (eg, year of publication, journal, institute of origin) and keywords were collected from each paper after removing duplicates and filtering unintentional words. Co-word analysis was performed on the papers' keywords, and a time distribution matrix of coexisting keywords in a given paper (ie, termed co-words) was established. Co-words were clustered according to their growth rate within years and visually presented with a mountain plot and a heatmap. Trends and potential subspecialties were identified, and each topic, represented either by a co-word from publications or funding from the National Natural Science Foundation of China during the period from 2011 to 2018, was collected and analyzed. RESULTS: Within 15,972 publications on neurosurgery from institutions in China, diagnostic image was found to coexist the most with other keywords. Cluster 0, represented by diagnostic image with retrospective study, contained emerging topics with great developmental potential and demonstrated high growth rates in recent years. This finding suggests that the topics represented in Cluster 0 may represent future areas of important neurosurgical research. We also found that the developmental trend of China's neurosurgical research is highly correlated with National Natural Science Foundation of China funding acquisition. CONCLUSIONS: Co-word analysis and visualization results provided insight into the emerging research topics that are of vital importance, which can be used as a reference by neurosurgeons and researchers for future investigations. In this study, our analysis strategy based on co-word biclustering was able to clearly demonstrate current academic subject development; therefore, co-word biclustering is a reliable bibliometric analysis strategy.",China;Bibliometrics;Neurosurgery;Library science;Medicine;Data science;Geography;Computer science;Surgery,China;Bibliometrics;Neurosurgery;Library science;Medicine;Data science;Geography;Computer science;Surgery;Archaeology,https://openalex.org/W1852457236;https://openalex.org/W2022199909;https://openalex.org/W2048461097;https://openalex.org/W2053858157;https://openalex.org/W2120617327;https://openalex.org/W2120761203;https://openalex.org/W2144903953;https://openalex.org/W2260143504;https://openalex.org/W2291628201;https://openalex.org/W2321282546;https://openalex.org/W2346107348;https://openalex.org/W2416213809;https://openalex.org/W2770987644;https://openalex.org/W2775533388;https://openalex.org/W2783479913;https://openalex.org/W2801772148;https://openalex.org/W2804198024;https://openalex.org/W2890637528;https://openalex.org/W2908337551;https://openalex.org/W2910738333;https://openalex.org/W2911346078;https://openalex.org/W2946874964;https://openalex.org/W2947286814;https://openalex.org/W2971451528;https://openalex.org/W2972685915;https://openalex.org/W2981917095;https://openalex.org/W3002501357;https://openalex.org/W3011891618;https://openalex.org/W3026006059;https://openalex.org/W3081244446;https://openalex.org/W3107444849,36260378,True,ISI,,"Ni B, 2021, Journal of Medical Internet Research","Ni B, 2021, Journal of Medical Internet Research"
https://openalex.org/W4224255159,10.3389/fnmol.2022.854954,Research Hotspots and Trends Analysis of TFEB: A Bibliometric and Scientometric Analysis,2022,Frontiers in Molecular Neuroscience,Frontiers in Molecular Neuroscience,6,article,en,15,,854954,854954,Zhou R;Lin X;Liu D;Zhao L;Zeng J;Lin X;Liang X,Runjin Zhou;Xiaoling Lin;Dongmin Liu;Li Zhao;Jingchun Zeng;Xingdong Lin;Xiaodi Liang,Guangzhou University of Chinese Medicine;First Affiliated Hospital of Guangzhou University of Chinese Medicine;The Third Affiliated Hospital of Guangzhou University of Traditional Chinese Medicine;Guangzhou University of Chinese Medicine;Guangzhou University of Chinese Medicine;Guangzhou University of Chinese Medicine;First Affiliated Hospital of Guangzhou University of Chinese Medicine;First Affiliated Hospital of Guangzhou University of Chinese Medicine;Guangzhou University of Chinese Medicine;The Third Affiliated Hospital of Guangzhou University of Traditional Chinese Medicine;First Affiliated Hospital of Guangzhou University of Chinese Medicine,"Objective: To explore the development context, research hotspots and frontiers of Transcription factor EB (TFEB) from 1991 to 2021 by bibliometric analysis. Methods: Publications about TFEB research from 1991 to 2021 were retrieved from the Web of Science Core Collection (WoSCC). Excel 2007 was used to collect basic information, including publications, research areas. VOSviewer 1.6.17 was used to analyze co-authorship of countries, institutes and authors. Co-citation of cited authors, cited references were analyzed by CiteSpace V.5.8.R3. In addition, CiteSpace was used to analyze keywords cluster and forecast research frontiers. Results: A total of 1,059 literatures were retrieved, including 1,340 research institutes and 393 academic journals. The main area of research related to TFEB is biology (340), the most published country and institutes were the United States (487) and Baylor College of Medicine (70). Settembre C owned the highest co-citations (663). Trending keywords may indicate frontier topics, including ""Alzheimer's disease,"" ""Parkinson's disease,"" ""(p21; q12),"" ""melanoma,"" ""pancreatic cancer,"" ""breast cancer,"" ""calcineurin,"" ""TFE3,"" ""trehalose,"" and ""curcumin."" Conclusion: This research provides valuable information for the study of TFEB. Disease research focuses more on neurodegenerative diseases (NDs) and tumors. Trehalose and curcumin are novel agents acting on TFEB. Rap-TRPML1-Calcineurin-TFEB and TFE3 are increasing signal pathway researches, similarly, the molecular biological mechanism of TFEB needs further exploration.",TFEB;Bibliometrics;Context (archaeology);Web of science;Biology;Medicine;Library science;Computer science;Transcription factor;Pathology;Genetics;Meta-analysis,TFEB;Bibliometrics;Context (archaeology);Web of science;Biology;Medicine;Library science;Computer science;Transcription factor;Pathology;Genetics;Meta-analysis;Gene;Paleontology,https://openalex.org/W1021000864;https://openalex.org/W1497366555;https://openalex.org/W1678795445;https://openalex.org/W1811802061;https://openalex.org/W1970661950;https://openalex.org/W1975200363;https://openalex.org/W1982635732;https://openalex.org/W2013454002;https://openalex.org/W2038032256;https://openalex.org/W2046447620;https://openalex.org/W2060223397;https://openalex.org/W2063920469;https://openalex.org/W2070658923;https://openalex.org/W2073276354;https://openalex.org/W2077499130;https://openalex.org/W2078184757;https://openalex.org/W2104192199;https://openalex.org/W2106771547;https://openalex.org/W2112736050;https://openalex.org/W2135216654;https://openalex.org/W2139948451;https://openalex.org/W2150220236;https://openalex.org/W2153188271;https://openalex.org/W2153824991;https://openalex.org/W2160441315;https://openalex.org/W2179039419;https://openalex.org/W2279851289;https://openalex.org/W2307542306;https://openalex.org/W2354149992;https://openalex.org/W2387356591;https://openalex.org/W2525996450;https://openalex.org/W2555959163;https://openalex.org/W2788115177;https://openalex.org/W2794107069;https://openalex.org/W2802954507;https://openalex.org/W2897648707;https://openalex.org/W2900818357;https://openalex.org/W2910657247;https://openalex.org/W2913137500;https://openalex.org/W2945779890;https://openalex.org/W2946018464;https://openalex.org/W3031480347;https://openalex.org/W3093714513;https://openalex.org/W3130052667;https://openalex.org/W3135372426;https://openalex.org/W3135509557;https://openalex.org/W4238591974;https://openalex.org/W6685813289;https://openalex.org/W6791285469,35531069,True,ISI,,"Zhou R, 2022, Frontiers in Molecular Neuroscience","Zhou R, 2022, Frontiers in Molecular Neuroscience"
https://openalex.org/W2137224556,10.1007/bf02018107,"Little scientometrics, big scientometrics ... and beyond?",1994,Scientometrics,Scientometrics,107,article,en,30,2-3,375,384,Glänzel W;Schoepflin U,Wolfgang Glänzel;U. Schoepflin,Library and Information Centre of the Hungarian Academy of Sciences;Max Planck Institute for Human Development;Max Planck Institute for Human Development;Institute of Socio-Political Research,,Scientometrics;Bibliometrics;Field (mathematics);Quality (philosophy);Altmetrics;Science policy;Informetrics;Data science;Computer science;Sociology;Political science;Social science;Library science;Epistemology;Mathematics,Scientometrics;Bibliometrics;Field (mathematics);Quality (philosophy);Altmetrics;Science policy;Informetrics;Data science;Computer science;Sociology;Political science;Social science;Library science;Epistemology;Mathematics;Philosophy;Pure mathematics;Public administration,https://openalex.org/W271661306;https://openalex.org/W604081263;https://openalex.org/W1546171873;https://openalex.org/W1645648337;https://openalex.org/W1969949383;https://openalex.org/W2279988883;https://openalex.org/W2463095032;https://openalex.org/W3023728302;https://openalex.org/W4285719527,,False,ISI,,"Glänzel W, 1994, Scientometrics","Glänzel W, 1994, Scientometrics"
https://openalex.org/W4317998964,10.32344/jld/v4/i2/2018/85-93,A Bibliometric Analysis of Contributions in Scientometrics Journal,2018,Journal of Library Development,Journal of Library Development,2,article,en,4,2,85,85,S. Vishnumaya R;Mini Devi B,R. S. Vishnumaya;B. Mini Devi,University of Kerala;University of Kerala,"This paper presents an analysis of the contributions in the international journal entitled 'Scientometrics' published during the period 1991-2014 as reflected in the Web of Science database. A total of 156 papers are found to be Indian contribution and that are refined from the global output (3016 papers). Analysis is based on the traditional bibliometric indicators by means of number of publications and citations. USA with more number of papers, and also received the highest number of citations. The study also observed that the total scientometrics research output of India constituted about 5% of the total world output. Multiple authorship pattern is dominant during the study period and is about 68.59% of the total Indian output. CSIR, Karnatak University and BARC are the major contributors of scientometric research from India.",Scientometrics;Web of science;Bibliometrics;Library science;Informetrics;Regional science;Geography;Political science;Computer science;MEDLINE,Scientometrics;Web of science;Bibliometrics;Library science;Informetrics;Regional science;Geography;Political science;Computer science;MEDLINE;Law,,,False,ISI,,"S. Vishnumaya R, 2018, Journal of Library Development","S. Vishnumaya R, 2018, Journal of Library Development"
https://openalex.org/W4311260548,10.13189/cea.2023.110121,Bibliometric and Scientometric Review of Architectural Flood Resilience for Housing,2022,Civil Engineering and Architecture,Civil Engineering and Architecture,3,article,en,11,1,248,267,Peter A;Binti Abdul Majid R;Izura Binti Tukiman N,Anthony Peter;Roshida Binti Abdul Majid;Nor Izura Binti Tukiman,"The Federal Polytechnic, Ado-Ekiti;University of Technology Malaysia;University of Technology Malaysia;University of Technology Malaysia","The desire for sustainable architectural flood resilience for housing that will lower the number of defects caused by floods prompted an investigation into the stakeholders in the domain. In recent years, the threat of flooding has pulled the attention of both researchers and practitioners. The purpose of the study is: to determine the most important authors, collaboration connections, and countries in academic works in this field, to identify the present mainstream research, and to suggest future research directions. The research's scope reveals a tendency that goes from small to huge, or from the level of individuals and friends to businesses and organisations, then to the level of countries. A systematic literature review (SLR) was done. From Scopus, 155 related bibliographic records were retrieved. Through exclusion and inclusion criteria, bibliometric analysis has been performed, and scientometric analysis has also been applied to strengthen the SLR findings using science mapping visualisation tools. The study provides an easily accessible point of reference for practitioners, policymakers, and research and development (R&D) bodies in the realm of practices. The most important authors, collaboration connections, and countries around the world are known as a result of the study. The study increases public awareness of the present trend in the domain and creates room for future research in less explored areas. The data reported in this review are primarily drawn from developed countries because there is a dearth of research on the field in Africa and other developing countries.",Resilience (materials science);Flood myth;Architectural engineering;Engineering;Geography;Forensic engineering;Environmental planning;Construction engineering;Data science;Environmental resource management;Civil engineering;Computer science;Environmental science;Archaeology,Resilience (materials science);Flood myth;Architectural engineering;Engineering;Geography;Forensic engineering;Environmental planning;Construction engineering;Data science;Environmental resource management;Civil engineering;Computer science;Environmental science;Archaeology;Physics;Thermodynamics,https://openalex.org/W149470734;https://openalex.org/W1494709343;https://openalex.org/W1938636163;https://openalex.org/W1967516159;https://openalex.org/W1992297528;https://openalex.org/W1995326552;https://openalex.org/W2037861233;https://openalex.org/W2077926377;https://openalex.org/W2103479483;https://openalex.org/W2124744265;https://openalex.org/W2135908407;https://openalex.org/W2145535121;https://openalex.org/W2150220236;https://openalex.org/W2278673524;https://openalex.org/W2397156539;https://openalex.org/W2415698199;https://openalex.org/W2515112257;https://openalex.org/W2584163806;https://openalex.org/W2586363063;https://openalex.org/W2599784308;https://openalex.org/W2740538091;https://openalex.org/W2772451958;https://openalex.org/W2781875978;https://openalex.org/W2790270458;https://openalex.org/W2791829819;https://openalex.org/W2810472574;https://openalex.org/W2853465312;https://openalex.org/W2907161871;https://openalex.org/W2911311605;https://openalex.org/W2921881014;https://openalex.org/W2941074675;https://openalex.org/W2945596288;https://openalex.org/W2953304564;https://openalex.org/W2962886611;https://openalex.org/W2965678503;https://openalex.org/W2987801343;https://openalex.org/W3083664729;https://openalex.org/W3088011528;https://openalex.org/W3114470270;https://openalex.org/W3127471060;https://openalex.org/W3140828311;https://openalex.org/W3150408429;https://openalex.org/W3191778502;https://openalex.org/W4238257715;https://openalex.org/W4243763775,,True,ISI,,"Peter A, 2022, Civil Engineering and Architecture","Peter A, 2022, Civil Engineering and Architecture"
https://openalex.org/W3164027275,10.5958/0974-0848.2020.00041.x,Bibliometrics and scientometrics: Evaluating the research,2020,Journal of Indian Academy of Forensic Medicine,Journal of Indian Academy of Forensic Medicine,3,article,en,42,2,150,152,Baryah N;Krishan K;Kanchan T,Neha Baryah;Kewal Krishan;Tanuj Kanchan,,"The evaluation of research performance is essential to check the productivity, visibility, and quality of research. In the past, recognition in the peer group was limited due to the print format of the journal articles and conference proceedings etc. The advent of web technology has drastically changed the platform of research exchange worldwide. The research communications have greater reliability on online databases for the search of the academic literature. The all-time availability of the literature in bibliographic databases, have an immense impact on the individual researcher, journal, and the institution. Oxford Dictionary defines impact as ""the effect or influence of one person, thing, or action, on another"". Therefore, the assessment of research is the need of the hour, to know how an individual researcher is contributing to the field of his/her interest and what the level of one's productivity is. The present communication discusses the various tools and databases that have emerged to assess the impact of a research/ researcher in recent times.",Scientometrics;Bibliometrics;Library science;Biology;Social science;Sociology;Computer science,Scientometrics;Bibliometrics;Library science;Biology;Social science;Sociology;Computer science,,,True,ISI,,"Baryah N, 2020, Journal of Indian Academy of Forensic Medicine","Baryah N, 2020, Journal of Indian Academy of Forensic Medicine"
https://openalex.org/W2526090541,,Towards a Bibliometrics-Aided Data Retrieval for Scientometric Purposes,2006,,,5,article,en,,,,,Glänzel W;Janssens F;Speybroeck S;Schubert A;Thijs B,Wolfgang Glänzel;Frizo Janssens;Sara Speybroeck;A. Schubert;Bart Thijs,,,Bibliometrics;Information retrieval;Data science;Computer science;Data mining,Bibliometrics;Information retrieval;Data science;Computer science;Data mining,,,False,ISI,,"Glänzel W, 2006, ","Glänzel W, 2006, "
https://openalex.org/W4310057009,10.1049/smc2.12048,A bibliometric and scientometric review of research on crowdsourcing in smart cities,2022,IET Smart Cities,IET Smart Cities,3,article,en,5,1,1,18,Jiang Y;Guo B;Zhang X;Tian H;Wang Y;Cheng M,Youtao Jiang;Bowen Guo;Xunda Zhang;Hongxin Tian;Yue Wang;Ming Cheng,Tianjin Research Institute of Electric Science (China);Tianjin Research Institute of Electric Science (China);Tianjin Research Institute of Electric Science (China);Tianjin Research Institute of Electric Science (China);Fujian Electric Power Survey & Design Institute;Tianjin Research Institute of Electric Science (China),"Abstract The smart city model for operation and governance of modern cities requires huge quantities of data about people and the environment to support related applications, and crowdsourcing is effective for collecting and processing such data. Numerous reviews of the literature on crowdsourcing and smart cities as separate research fields have been published. Research on the intersection of the two is relatively new and lacks a systematic literature review. This study applies bibliometric and scientometric research methods and the research tools to study 367 related publications retrieved from the Web of Science database. Keyword co‐occurrence analysis was conducted to find the distribution of publications, research cooperation, and major research areas. Document co‐citation analysis was used to examine the domain knowledge structure, and citation burst detection was used to identify trends in research in this topic area. The analysis results clarify the research content and evolutionary context and reveal emerging research trends.",Crowdsourcing;Data science;Bibliometrics;Context (archaeology);Web of science;Computer science;Citation;Scientometrics;Geography;World Wide Web;Political science;MEDLINE,Crowdsourcing;Data science;Bibliometrics;Context (archaeology);Web of science;Computer science;Citation;Scientometrics;Geography;World Wide Web;Political science;MEDLINE;Archaeology;Law,https://openalex.org/W99102765;https://openalex.org/W180571615;https://openalex.org/W227088478;https://openalex.org/W1506384070;https://openalex.org/W1527999037;https://openalex.org/W1561933312;https://openalex.org/W1566608954;https://openalex.org/W1567900972;https://openalex.org/W1583058342;https://openalex.org/W1767272795;https://openalex.org/W1785314841;https://openalex.org/W1888811121;https://openalex.org/W1936750108;https://openalex.org/W1964551258;https://openalex.org/W1966729752;https://openalex.org/W1971402834;https://openalex.org/W1974440698;https://openalex.org/W1978591826;https://openalex.org/W1979483182;https://openalex.org/W1998460924;https://openalex.org/W2001155602;https://openalex.org/W2001905524;https://openalex.org/W2002118197;https://openalex.org/W2026942921;https://openalex.org/W2029396991;https://openalex.org/W2033657756;https://openalex.org/W2046100206;https://openalex.org/W2069072514;https://openalex.org/W2069822802;https://openalex.org/W2073087672;https://openalex.org/W2077985988;https://openalex.org/W2105103777;https://openalex.org/W2125826911;https://openalex.org/W2129368140;https://openalex.org/W2137100320;https://openalex.org/W2150220236;https://openalex.org/W2156020612;https://openalex.org/W2160124416;https://openalex.org/W2162519970;https://openalex.org/W2171913066;https://openalex.org/W2179608754;https://openalex.org/W2182617692;https://openalex.org/W2208603690;https://openalex.org/W2275696275;https://openalex.org/W2318975454;https://openalex.org/W2324705166;https://openalex.org/W2463391426;https://openalex.org/W2486171108;https://openalex.org/W2505353160;https://openalex.org/W2507677059;https://openalex.org/W2508837977;https://openalex.org/W2534502193;https://openalex.org/W2586941888;https://openalex.org/W2605093170;https://openalex.org/W2611578116;https://openalex.org/W2614643993;https://openalex.org/W2726137762;https://openalex.org/W2753903507;https://openalex.org/W2756096625;https://openalex.org/W2773423866;https://openalex.org/W2790715140;https://openalex.org/W2793598509;https://openalex.org/W2795067971;https://openalex.org/W2800216323;https://openalex.org/W2808183866;https://openalex.org/W2883906727;https://openalex.org/W2888343713;https://openalex.org/W2890205150;https://openalex.org/W2891501638;https://openalex.org/W2903683510;https://openalex.org/W2918551816;https://openalex.org/W2942607911;https://openalex.org/W2943213177;https://openalex.org/W2944299967;https://openalex.org/W2950102557;https://openalex.org/W2950398041;https://openalex.org/W2951832458;https://openalex.org/W2968055917;https://openalex.org/W2971548656;https://openalex.org/W2989886696;https://openalex.org/W2990373687;https://openalex.org/W2994730588;https://openalex.org/W3005959545;https://openalex.org/W3013230133;https://openalex.org/W3015096282;https://openalex.org/W3022136636;https://openalex.org/W3025072166;https://openalex.org/W3036000375;https://openalex.org/W3092632249;https://openalex.org/W3100572281;https://openalex.org/W3183000984;https://openalex.org/W4230917916;https://openalex.org/W4238591974;https://openalex.org/W4243304631;https://openalex.org/W4319715586;https://openalex.org/W6695147765,,True,ISI,,"Jiang Y, 2022, IET Smart Cities","Jiang Y, 2022, IET Smart Cities"
https://openalex.org/W2798094593,10.1016/j.joi.2018.04.001,Author-level metrics in the new academic profile platforms: The online behaviour of the Bibliometrics community,2018,Journal of Informetrics,Journal of Informetrics,47,article,en,12,2,494,509,Martín-Martín A;Orduna-Malea E;Delgado López-Cózar E,Alberto Martín-Martín;Enrique Orduna-Malea;Emilio Delgado López-Cózar,,,Bibliometrics;Altmetrics;Sample (material);Citation;Work (physics);Citation analysis;Meaning (existential);Academic community,Bibliometrics;Altmetrics;Sample (material);Citation;Computer science;Data science;Work (physics);Citation analysis;World Wide Web;Meaning (existential);Academic community;Scientific communication;Information retrieval;Usage data;Scientific literature;Large sample;Document type definition;Scientometrics;Scholarly communication;Impact factor,https://openalex.org/W1531607676;https://openalex.org/W1547304362;https://openalex.org/W1572136682;https://openalex.org/W1758588624;https://openalex.org/W1888811121;https://openalex.org/W1982015285;https://openalex.org/W1992306829;https://openalex.org/W2019074275;https://openalex.org/W2019676960;https://openalex.org/W2035078458;https://openalex.org/W2038196424;https://openalex.org/W2048278428;https://openalex.org/W2060017626;https://openalex.org/W2073023209;https://openalex.org/W2088209891;https://openalex.org/W2090082555;https://openalex.org/W2117689677;https://openalex.org/W2119459671;https://openalex.org/W2122130843;https://openalex.org/W2125236256;https://openalex.org/W2133129817;https://openalex.org/W2143612877;https://openalex.org/W2164277894;https://openalex.org/W2165660348;https://openalex.org/W2168201538;https://openalex.org/W2173447494;https://openalex.org/W2256443297;https://openalex.org/W2298224214;https://openalex.org/W2321098369;https://openalex.org/W2346028452;https://openalex.org/W2431515196;https://openalex.org/W2471459742;https://openalex.org/W2514259213;https://openalex.org/W2518646621;https://openalex.org/W2563792373;https://openalex.org/W2608852980;https://openalex.org/W2768096408;https://openalex.org/W2912512198;https://openalex.org/W2963475133;https://openalex.org/W4229664881;https://openalex.org/W4253523554;https://openalex.org/W6631091035;https://openalex.org/W6635767392;https://openalex.org/W6695076092;https://openalex.org/W6721356872;https://openalex.org/W6733441728;https://openalex.org/W6746841421,,True,ISI,,"Martín-Martín A, 2018, Journal of Informetrics","Martín-Martín A, 2018, Journal of Informetrics"
https://openalex.org/W1787616468,10.1023/a:1005613325648,What is Special about Patent Citations? Differences between Scientific and Patent Citations,2000,Scientometrics,Scientometrics,214,article,en,49,1,93,123,Meyer M,Martin Meyer,University of Sussex;Technopolis,,Scientometrics;Bibliometrics;Parallels;Field (mathematics);Patent analysis;Citation analysis;Linkage (software);Scientific field;Scientific literature;Citation;Computer science;Sociology;Data science;Library science;Mathematics;Engineering,Scientometrics;Bibliometrics;Parallels;Field (mathematics);Patent analysis;Citation analysis;Linkage (software);Scientific field;Scientific literature;Citation;Computer science;Sociology;Data science;Library science;Mathematics;Engineering;Work (physics);Biochemistry;Mechanical engineering;Paleontology;Biology;Pure mathematics;Gene;Chemistry,https://openalex.org/W602020505;https://openalex.org/W648389685;https://openalex.org/W1511651911;https://openalex.org/W1640247171;https://openalex.org/W1973816953;https://openalex.org/W1980282589;https://openalex.org/W1981748006;https://openalex.org/W1982255288;https://openalex.org/W1986756666;https://openalex.org/W1988916821;https://openalex.org/W2064201811;https://openalex.org/W2070942094;https://openalex.org/W2072623593;https://openalex.org/W2078865353;https://openalex.org/W2079697829;https://openalex.org/W2151929760;https://openalex.org/W2166565140;https://openalex.org/W2171789734;https://openalex.org/W2319563836;https://openalex.org/W2487779721;https://openalex.org/W2800222857;https://openalex.org/W3192603459;https://openalex.org/W6610922421;https://openalex.org/W6629428025,,False,ISI,,"Meyer M, 2000, Scientometrics","Meyer M, 2000, Scientometrics"
https://openalex.org/W4400569521,10.3389/fphar.2024.1390483,Global research trends on gut microbiota and metabolic dysfunction-associated steatohepatitis: Insights from bibliometric and scientometric analysis,2024,Frontiers in Pharmacology,Frontiers in Pharmacology,10,review,en,15,,1390483,1390483,Alam N;Jia L;Cheng A;Ren H;Fu Y;Ding X;Ul Haq I;Liu E,Naqash Alam;Linying Jia;Ao Cheng;Honghao Ren;Yu Fu;Xinhua Ding;Ihtisham Ul Haq;Enqi Liu,Xi'an Jiaotong University;Xi'an Jiaotong University;Xi'an Jiaotong University;Xi'an Jiaotong University;Xi'an Jiaotong University;Xi'an Jiaotong University;Xi'an Jiaotong University;Xi'an Jiaotong University,"Background: Metabolic dysfunction-associated steatohepatitis (MASH) is an inflammatory subtype of metabolic dysfunction-associated steatotic liver disease (MASLD) has recently been proposed as a replacement term for NAFLD, a common, multifactorial and poorly understood liver disease whose incidence is increasing worldwide. In recent years, there has been increasing scientific interest in exploring the relationship between gut microbiota and MASH. To learn more about the gut microbiota in MASH, this study aims to provide a comprehensive analysis of the knowledge structure and research hotspots from a bibliometric perspective. Methods: We searched the Web of Science Core Collection for articles and reviews that covered the connections between gut microbiota and MASH over the last decade. The Online Analysis Platforms, VOSviewer, CiteSpace, the R tool ""bibliometrix"" were used to analyzed existing publications trends and hotspots. Results: A total of 4,069 documents related to the interaction between gut microbiota and MASH were retrieved from 2014 to 2023. The number of annual publications increased significantly over the last decade, particularly in the United States and China. The University of California-San Diego was the most productive institution, while researcher Rohit Loomba published the most papers in the field. Younossi ZM was ranked as the first co-cited author and largest contributor of highly cited articles in the field. Gastroenterology and hepatology were the most common specialty category. The most cited journal in the last decade was Hepatology. The Keyword Bursts analysis highlighted the importance of studying the association between gut microbiota and MASH, as well as related factors such as metabolic syndrome, insulin resistance, endotoxemia and overgrowth of gut bacteria. Keyword clusters with co-citation were used to illustrate important topics including intestinal permeability, insulin sensitivity and liver immunology. The most common keywords include insulin resistance, obesity, dysbiosis, inflammation and oxidative stress, which are current hotspots. Conclusion: Our analysis highlights key aspects of this field and emphasizes multiorgan crosstalk in MASLD/MASH pathogenesis. In particular, the central role of the gut-liver axis and the significant influence of gut microbiota dysbiosis on disease progression are highlighted. Furthermore, our results highlight the transformative potential of microbiota-specific therapies and cover the way for innovative healthcare and pharmaceutical strategies.",Steatohepatitis;Gut flora;Medicine;Disease;Hepatology;Internal medicine;Fatty liver;Immunology,Steatohepatitis;Gut flora;Medicine;Disease;Hepatology;Internal medicine;Fatty liver;Immunology,https://openalex.org/W1622799587;https://openalex.org/W1788055438;https://openalex.org/W1964572117;https://openalex.org/W1975296949;https://openalex.org/W1990574335;https://openalex.org/W1996482353;https://openalex.org/W1997111114;https://openalex.org/W1997437115;https://openalex.org/W2024214508;https://openalex.org/W2049169935;https://openalex.org/W2062812115;https://openalex.org/W2063437798;https://openalex.org/W2067740038;https://openalex.org/W2088366586;https://openalex.org/W2098012175;https://openalex.org/W2106768039;https://openalex.org/W2129275826;https://openalex.org/W2132406938;https://openalex.org/W2139464173;https://openalex.org/W2144178804;https://openalex.org/W2144275312;https://openalex.org/W2150220236;https://openalex.org/W2153997209;https://openalex.org/W2159770387;https://openalex.org/W2178380008;https://openalex.org/W2200724296;https://openalex.org/W2204688218;https://openalex.org/W2211876558;https://openalex.org/W2319085923;https://openalex.org/W2345961722;https://openalex.org/W2415314033;https://openalex.org/W2514873437;https://openalex.org/W2580009538;https://openalex.org/W2602405366;https://openalex.org/W2618161090;https://openalex.org/W2623358111;https://openalex.org/W2734724639;https://openalex.org/W2761145411;https://openalex.org/W2763698944;https://openalex.org/W2796469285;https://openalex.org/W2800368679;https://openalex.org/W2803013275;https://openalex.org/W2803659521;https://openalex.org/W2806839461;https://openalex.org/W2889658717;https://openalex.org/W2891879417;https://openalex.org/W2898705711;https://openalex.org/W2899595328;https://openalex.org/W2902525413;https://openalex.org/W2907423522;https://openalex.org/W2907493655;https://openalex.org/W2911143260;https://openalex.org/W2911639560;https://openalex.org/W2912201907;https://openalex.org/W2912465744;https://openalex.org/W2916139742;https://openalex.org/W2918720872;https://openalex.org/W2919456419;https://openalex.org/W2924281947;https://openalex.org/W2948646805;https://openalex.org/W2952564192;https://openalex.org/W2954537656;https://openalex.org/W2967638167;https://openalex.org/W2967974740;https://openalex.org/W2973372663;https://openalex.org/W2980944208;https://openalex.org/W2987427618;https://openalex.org/W2993083975;https://openalex.org/W2999398778;https://openalex.org/W2999907367;https://openalex.org/W3009231580;https://openalex.org/W3012883032;https://openalex.org/W3013928862;https://openalex.org/W3025429973;https://openalex.org/W3026302463;https://openalex.org/W3044264576;https://openalex.org/W3046783547;https://openalex.org/W3084107049;https://openalex.org/W3095024133;https://openalex.org/W3097882759;https://openalex.org/W3111795541;https://openalex.org/W3124102803;https://openalex.org/W3126504531;https://openalex.org/W3132153535;https://openalex.org/W3154173358;https://openalex.org/W3155254720;https://openalex.org/W3158866447;https://openalex.org/W3159630622;https://openalex.org/W3186855300;https://openalex.org/W3192503388;https://openalex.org/W3200935965;https://openalex.org/W3202554000;https://openalex.org/W3210059877;https://openalex.org/W4225255992;https://openalex.org/W4238591974;https://openalex.org/W4280551150;https://openalex.org/W4281568698;https://openalex.org/W4283766901;https://openalex.org/W4283790172;https://openalex.org/W4295725820;https://openalex.org/W4307373113;https://openalex.org/W4323566400;https://openalex.org/W4363677464;https://openalex.org/W4381893710;https://openalex.org/W4390836705,39070791,True,ISI,,"Alam N, 2024, Frontiers in Pharmacology","Alam N, 2024, Frontiers in Pharmacology"
https://openalex.org/W3183463158,10.1080/09737766.2021.1920067,COLLNET Journal of Scientometrics and information Management : A bibliometric study,2021,Collnet Journal of Scientometrics and Information Management,Collnet Journal of Scientometrics and Information Management,3,article,en,15,1,47,61,C. Garg K;Bebi,K. C. Garg;Bebi,"National Institute of Science, Technology and Development Studies;University of Delhi","This study presents a bibliometric analysis of 267 papers published in 13 volumes (2007-2019) in COLLNET Journal of Scientometrics and Information Management (CJSIM). The analysis examines the chronological distribution of output and the geographical distribution of contributions, identified prolific institutions and prolific authors and examined their impact in terms of Citation per Paper (CPP) and Papers not Cited (PnC). Besides these, the study also examined the pattern of citations, identified highly cited papers, pattern of domestic and international collaboration. Findings of the study indicate that the growth of articles is inconsistent with highest number of papers published in the year 2014 and lowest in the year 2007. The output was scattered among 41 countries, of which 12 prolific countries contributed 80.8 % of the total output. Among the prolific 12 countries India ranked first with 31.8% of papers. Among the institutions, Dalian University of Technology (China) topped the list. Pattern of domestic and international collaboration indicates that 79 papers were published in domestic collaboration and 48 papers in international collaboration. Among all countries, India had the highest share of domestically collaborative papers and China had the highest number of internationally collaborative papers.",Scientometrics;China;Library science;Distribution (mathematics);Citation impact;Bibliometrics;Citation;Regional science;Geography;Citation analysis;Political science;Computer science;Mathematics;Archaeology,Scientometrics;China;Library science;Distribution (mathematics);Citation impact;Bibliometrics;Citation;Regional science;Geography;Citation analysis;Political science;Computer science;Mathematics;Archaeology;Mathematical analysis,https://openalex.org/W6609858;https://openalex.org/W20224865;https://openalex.org/W1585215387;https://openalex.org/W2160032768;https://openalex.org/W2167100915;https://openalex.org/W2620545302;https://openalex.org/W2803459330;https://openalex.org/W4248752235;https://openalex.org/W4289866386;https://openalex.org/W4293728589,,False,ISI,,"C. Garg K, 2021, Collnet Journal of Scientometrics and Information Management","C. Garg K, 2021, Collnet Journal of Scientometrics and Information Management"
https://openalex.org/W2944599990,10.1016/j.foodchem.2019.05.021,Research trends in food chemistry: A bibliometric review of its 40 years anniversary (1976–2016),2019,Food Chemistry,Food Chemistry,172,review,en,294,,448,457,Paul Kamdem J;Eliene Duarte A;Regina Rodrigues Lima K;Batista Teixeira da Rocha J;Hassan W;Marivando Barros L;Roeder T;Tsopmo A,Jean Paul Kamdem;Antônia Eliene Duarte;Kátia Regina Rodrigues Lima;João Batista Teixeira da Rocha;Waseem Hassan;Luiz Marivando Barros;Thomas Roeder;Apollinaire Tsopmo,Universidade Regional do Cariri;Universidade Regional do Cariri;Universidade Regional do Cariri;Universidade Federal de Santa Maria;University of Peshawar;Universidade Regional do Cariri;Christian-Albrechts-Universität zu Kiel;Carleton University,,Scopus;Bibliometrics;Data science;Library science;Visualization;Computer science;MEDLINE;Chemistry;Data mining,Scopus;Bibliometrics;Data science;Library science;Visualization;Computer science;MEDLINE;Chemistry;Data mining;Biochemistry,https://openalex.org/W628012024;https://openalex.org/W1212786277;https://openalex.org/W1559500462;https://openalex.org/W1601634056;https://openalex.org/W1743190515;https://openalex.org/W1878144120;https://openalex.org/W1963876824;https://openalex.org/W1969866067;https://openalex.org/W1970671052;https://openalex.org/W1972602563;https://openalex.org/W1975443834;https://openalex.org/W1975865715;https://openalex.org/W1976364974;https://openalex.org/W1979241826;https://openalex.org/W1983176088;https://openalex.org/W1984196078;https://openalex.org/W1985188199;https://openalex.org/W1986110804;https://openalex.org/W1987311106;https://openalex.org/W1987406807;https://openalex.org/W1987407807;https://openalex.org/W1987469049;https://openalex.org/W1991558333;https://openalex.org/W1995687462;https://openalex.org/W1997191564;https://openalex.org/W1999191744;https://openalex.org/W2003292735;https://openalex.org/W2005810007;https://openalex.org/W2006670683;https://openalex.org/W2006697833;https://openalex.org/W2008498323;https://openalex.org/W2016469284;https://openalex.org/W2019971469;https://openalex.org/W2020823448;https://openalex.org/W2037441342;https://openalex.org/W2038525852;https://openalex.org/W2043242624;https://openalex.org/W2043428504;https://openalex.org/W2043465687;https://openalex.org/W2043733949;https://openalex.org/W2043876718;https://openalex.org/W2049171707;https://openalex.org/W2056758965;https://openalex.org/W2056802141;https://openalex.org/W2058573433;https://openalex.org/W2059471705;https://openalex.org/W2064738766;https://openalex.org/W2065680431;https://openalex.org/W2068791745;https://openalex.org/W2069656088;https://openalex.org/W2075041427;https://openalex.org/W2084229951;https://openalex.org/W2086735810;https://openalex.org/W2087333481;https://openalex.org/W2091343206;https://openalex.org/W2092531104;https://openalex.org/W2128438887;https://openalex.org/W2130373475;https://openalex.org/W2130740072;https://openalex.org/W2132892154;https://openalex.org/W2138568683;https://openalex.org/W2146933403;https://openalex.org/W2148355043;https://openalex.org/W2150220236;https://openalex.org/W2150960065;https://openalex.org/W2151568674;https://openalex.org/W2153391743;https://openalex.org/W2158697874;https://openalex.org/W2167730066;https://openalex.org/W2486654687;https://openalex.org/W2496162776;https://openalex.org/W2507994712;https://openalex.org/W2509771126;https://openalex.org/W2511511320;https://openalex.org/W2516915786;https://openalex.org/W2519045169;https://openalex.org/W2528591402;https://openalex.org/W2528635319;https://openalex.org/W2563961554;https://openalex.org/W2592077622;https://openalex.org/W2600718288;https://openalex.org/W2606989030;https://openalex.org/W2609065122;https://openalex.org/W2624621590;https://openalex.org/W2624945342;https://openalex.org/W2751427740;https://openalex.org/W2759846056;https://openalex.org/W2770289879;https://openalex.org/W2772233373;https://openalex.org/W2780248565;https://openalex.org/W2786484231;https://openalex.org/W2788865243;https://openalex.org/W2793851981;https://openalex.org/W2794589122;https://openalex.org/W2890239906;https://openalex.org/W2899648953;https://openalex.org/W2903802813;https://openalex.org/W2907320500;https://openalex.org/W2913736177;https://openalex.org/W6667140664;https://openalex.org/W6684697791;https://openalex.org/W6739233144;https://openalex.org/W6754491450,31126486,False,ISI,,"Paul Kamdem J, 2019, Food Chemistry","Paul Kamdem J, 2019, Food Chemistry"
https://openalex.org/W4401655061,10.1007/s10103-024-04163-3,The cutting-edge roles of lasers in endodontics: A bibliometric and scientometric analysis of the 100 most-cited articles,2024,Lasers in Medical Science,Lasers in Medical Science,5,article,en,39,1,219,219,Nur Usta S;Betancourt P;Ceylan A;Keskin C,Sıla Nur Usta;Pablo Betancourt;Alper Ceylan;Cangül Keskin,Sağlık Bilimleri Üniversitesi;University of Health Sciences Antigua;Universidad de La Frontera;Ondokuz Mayıs University;Ondokuz Mayıs University,"PURPOSE: This bibliometric and scientometric analysis aimed to delve into the forefront roles of lasers in endodontics from 1990 to 2024. METHODS: A comprehensive electronic search was conducted using ""Clarivate Analytics Web of Science, All Databases"" to retrieve the most-cited articles pertaining to the topic. These articles were then ranked in descending order according to their citation counts and the top 100 were selected for further analysis. Parameters including citation density, publication year, journal, journal impact factor (IF), country, institution, author, study design, study field, evidence level, laser type, and keywords were meticulously analyzed. RESULTS: The mean and standard deviations of total citation and citation density were 106.47 ± 65.76 and 7.61 ± 5.13, respectively. Positive and negative correlations were found between the number of citations and citation density and age of publication. While the mean number of citations was significantly higher in the period 2001-2010 compared to the other periods (P < 0.05), values were similar between the periods 1990-2000 and 2011-2014 (P > 0.05). Articles were mainly published in the Journal of Endodontics. The most productive country, institutions, and author were the United States, the University of Showa, and Koukichi Matsumoto. Diode and Er: YAG lasers were commonly investigated. Ex vivo studies were mainly performed followed by in vitro ones. The main study field was ""antimicrobial effect"". Among keywords, ""photodynamic therapy"" was used more frequently. CONCLUSION: Lasers are predominantly utilized to leverage their antimicrobial efficacy. Advancements in technology will lead to improvements in the properties of lasers, thereby enhancing the disinfection of the root canal system.",Endodontics;Dentistry;Information retrieval;Medicine;Computer science,Endodontics;Dentistry;Information retrieval;Medicine;Computer science,https://openalex.org/W1538692940;https://openalex.org/W1594650970;https://openalex.org/W1988352288;https://openalex.org/W1996294965;https://openalex.org/W2014061940;https://openalex.org/W2014769332;https://openalex.org/W2048068995;https://openalex.org/W2053549370;https://openalex.org/W2067267295;https://openalex.org/W2067850022;https://openalex.org/W2088169368;https://openalex.org/W2092285562;https://openalex.org/W2112628980;https://openalex.org/W2475260156;https://openalex.org/W2758350044;https://openalex.org/W2891933157;https://openalex.org/W2909257381;https://openalex.org/W2917598670;https://openalex.org/W2928633825;https://openalex.org/W3046106589;https://openalex.org/W4226197676;https://openalex.org/W4285381609;https://openalex.org/W4285414230;https://openalex.org/W4313431766;https://openalex.org/W4317542839;https://openalex.org/W4322486487;https://openalex.org/W4377234421;https://openalex.org/W4385499625;https://openalex.org/W4386910518;https://openalex.org/W4387580224;https://openalex.org/W4391721712;https://openalex.org/W4392351709;https://openalex.org/W4392797968,39147852,True,ISI,,"Nur Usta S, 2024, Lasers in Medical Science","Nur Usta S, 2024, Lasers in Medical Science"
https://openalex.org/W1972774854,10.3743/kosim.2011.28.2.011,Intellectual Structure and Infrastructure of Informetrics: Domain Analysis from 2001 to 2010,2011,Journal of the Korean Society for information Management,Journal of the Korean Society for information Management,13,article,en,28,2,11,36,Yun Lee J;Choi S,Jae Yun Lee;Sanghee Choi,Kyonggi University;Catholic University of Daegu;Kyonggi University,"Since the 1990s, informetrics has grown in popularity among information scientists. Today it is a general discipline that comprises all kinds of metrics, including bibliometrics and scientometrics. To illustrate the dynamic progress of this field, this study aims to identify the structure and infrastructure of the informetrics literature using statistical and profiling methods. Informetrics literature was obtained from the Web of Knowledge for the years 2001-2010. The selected articles contain least one of these keywords: ‘informetrics’, ‘bibliometrics’, ‘scientometrics’, ‘webometrics’, and ‘citation analysis.’ Noteworthy publication patterns of major countries were identified by a statistical method. Intellectual structure analysis shows major research areas, authors, and journals.",Informetrics;Webometrics;Scientometrics;Bibliometrics;Popularity;Citation analysis;Statistical analysis;Web of science;Altmetrics;Data science;Computer science;Information retrieval;Statistics;Citation;Library science;Political science;Mathematics;MEDLINE,Informetrics;Webometrics;Scientometrics;Bibliometrics;Popularity;Citation analysis;Statistical analysis;Web of science;Altmetrics;Data science;Computer science;Information retrieval;Statistics;Citation;Library science;Political science;Mathematics;MEDLINE;Law,https://openalex.org/W45274299;https://openalex.org/W1500447413;https://openalex.org/W1835181316;https://openalex.org/W1858317710;https://openalex.org/W1888811121;https://openalex.org/W1966538856;https://openalex.org/W1970171156;https://openalex.org/W1974661966;https://openalex.org/W1982060298;https://openalex.org/W1982564000;https://openalex.org/W1984066943;https://openalex.org/W2026273736;https://openalex.org/W2026314904;https://openalex.org/W2027237088;https://openalex.org/W2027880518;https://openalex.org/W2030100873;https://openalex.org/W2055524436;https://openalex.org/W2069656088;https://openalex.org/W2075999643;https://openalex.org/W2116411927;https://openalex.org/W2128438887;https://openalex.org/W2146601674;https://openalex.org/W2161532087;https://openalex.org/W2279988883;https://openalex.org/W2411263438;https://openalex.org/W2913058744;https://openalex.org/W3139899308;https://openalex.org/W4211211006,,True,ISI,,"Yun Lee J, 2011, Journal of the Korean Society for information Management","Yun Lee J, 2011, Journal of the Korean Society for information Management"
https://openalex.org/W2529355840,10.1134/s1064230716040092,The control model for the selection of reference collections providing the impartial assessment of the quality of scientific and technological publications by using bibliometric and scientometric indicators,2016,Journal of Computer and Systems Sciences International,Journal of Computer and Systems Sciences International,6,article,en,55,5,750,766,Г. Крейнес М;M. Kreines E,М. Г. Крейнес;E. M. Kreines,,This paper presents a method for the impartial assessment of the quality of scientific and technological natural language documents and their collections by using bibliometric and scientometric indicators. The method of computational document search and design of document collections that are adequate for calculating reference values to assess the quality of the documents and document collections is formulated. This method is based on the mathematical modeling of natural language texts. Examples of the obtained assessments are presented.,Computer science;Quality (philosophy);Selection (genetic algorithm);Information retrieval;Quality assessment;Bibliometrics;Control (management);Data science;Data mining;Artificial intelligence;Evaluation methods;Engineering,Computer science;Quality (philosophy);Selection (genetic algorithm);Information retrieval;Quality assessment;Bibliometrics;Control (management);Data science;Data mining;Artificial intelligence;Evaluation methods;Engineering;Epistemology;Philosophy;Reliability engineering,https://openalex.org/W1801766437;https://openalex.org/W1966024011;https://openalex.org/W1986219263;https://openalex.org/W2006949269;https://openalex.org/W2030236130;https://openalex.org/W2050524575;https://openalex.org/W2052071685;https://openalex.org/W2084973384;https://openalex.org/W2087876208;https://openalex.org/W2091950491;https://openalex.org/W2094864959;https://openalex.org/W2098887711;https://openalex.org/W2102500012;https://openalex.org/W2110462941;https://openalex.org/W2115984558;https://openalex.org/W2152361179;https://openalex.org/W2164563931;https://openalex.org/W2165235748;https://openalex.org/W2229820642;https://openalex.org/W3100614207;https://openalex.org/W3101883624,,False,ISI,,"Г. Крейнес М, 2016, Journal of Computer and Systems Sciences International","Г. Крейнес М, 2016, Journal of Computer and Systems Sciences International"
https://openalex.org/W2097726984,10.1016/j.dss.2005.05.019,A survey of trust and reputation systems for online service provision,2005,Decision Support Systems,Decision Support Systems,3297,article,en,43,2,618,644,Jøsang A;Ismail R;Boyd C,Audun Jøsang;Roslan Ismail;Colin Boyd,Queensland University of Technology;University of Queensland;Queensland University of Technology;Queensland University of Technology,,Reputation;Reputation system;Database transaction;Incentive;Service (business);The Internet;Quality (philosophy);Computational trust;Business;Computer science;Internet privacy;Marketing;Microeconomics;Economics;World Wide Web;Political science,Reputation;Reputation system;Database transaction;Incentive;Service (business);The Internet;Quality (philosophy);Computational trust;Business;Computer science;Internet privacy;Marketing;Microeconomics;Economics;World Wide Web;Political science;Epistemology;Law;Programming language;Philosophy,https://openalex.org/W183881431;https://openalex.org/W619959268;https://openalex.org/W640508513;https://openalex.org/W659635222;https://openalex.org/W1499523602;https://openalex.org/W1521374031;https://openalex.org/W1557636711;https://openalex.org/W1559858061;https://openalex.org/W1560625027;https://openalex.org/W1570655993;https://openalex.org/W1571527322;https://openalex.org/W1590111181;https://openalex.org/W1599112090;https://openalex.org/W1601376565;https://openalex.org/W1604936042;https://openalex.org/W1647157088;https://openalex.org/W1673874912;https://openalex.org/W1721223458;https://openalex.org/W1772378600;https://openalex.org/W1854214752;https://openalex.org/W1859950511;https://openalex.org/W1888811121;https://openalex.org/W1891363781;https://openalex.org/W1898447907;https://openalex.org/W1968076133;https://openalex.org/W1975621626;https://openalex.org/W1977700770;https://openalex.org/W1985353002;https://openalex.org/W1987710704;https://openalex.org/W1990620364;https://openalex.org/W1994181344;https://openalex.org/W1996957852;https://openalex.org/W2000368422;https://openalex.org/W2000432379;https://openalex.org/W2006123637;https://openalex.org/W2009348094;https://openalex.org/W2014952638;https://openalex.org/W2015895253;https://openalex.org/W2016958211;https://openalex.org/W2024997507;https://openalex.org/W2056944867;https://openalex.org/W2072305035;https://openalex.org/W2079041580;https://openalex.org/W2080076678;https://openalex.org/W2090513801;https://openalex.org/W2093825590;https://openalex.org/W2095590184;https://openalex.org/W2096154177;https://openalex.org/W2098685442;https://openalex.org/W2098755476;https://openalex.org/W2101902057;https://openalex.org/W2103438541;https://openalex.org/W2106928513;https://openalex.org/W2110689325;https://openalex.org/W2118744608;https://openalex.org/W2120239604;https://openalex.org/W2121322937;https://openalex.org/W2122237601;https://openalex.org/W2128168853;https://openalex.org/W2135300639;https://openalex.org/W2137665245;https://openalex.org/W2141079770;https://openalex.org/W2143450308;https://openalex.org/W2145737398;https://openalex.org/W2156523427;https://openalex.org/W2157034822;https://openalex.org/W2157038946;https://openalex.org/W2157606376;https://openalex.org/W2158701542;https://openalex.org/W2159761160;https://openalex.org/W2270299148;https://openalex.org/W2324341692;https://openalex.org/W2337430557;https://openalex.org/W2912875768;https://openalex.org/W2997060564;https://openalex.org/W3014207858;https://openalex.org/W3124034548;https://openalex.org/W3124261657;https://openalex.org/W4232485878;https://openalex.org/W4233617376;https://openalex.org/W4238102305;https://openalex.org/W4242500534;https://openalex.org/W4246661673;https://openalex.org/W4256405716;https://openalex.org/W4285719527;https://openalex.org/W6607439675;https://openalex.org/W6629757805;https://openalex.org/W6631269541;https://openalex.org/W6633355319;https://openalex.org/W6633471174;https://openalex.org/W6634027956;https://openalex.org/W6639010173;https://openalex.org/W6639499047;https://openalex.org/W6644118295;https://openalex.org/W6648826639;https://openalex.org/W6648992752;https://openalex.org/W6650530566;https://openalex.org/W6654287590;https://openalex.org/W6654585327;https://openalex.org/W6670166031;https://openalex.org/W6670279880;https://openalex.org/W6673196438;https://openalex.org/W6674865885;https://openalex.org/W6677718194;https://openalex.org/W6677813655;https://openalex.org/W6680268335;https://openalex.org/W6683051883;https://openalex.org/W6683115905;https://openalex.org/W6683463580;https://openalex.org/W6776156715,,True,ISI,,"Jøsang A, 2005, Decision Support Systems","Jøsang A, 2005, Decision Support Systems"
https://openalex.org/W4323530179,10.22146/jpti.77558,A Scientometric and Bibliometric Analysis for Actinomycetes Research - Current Status and Future Trends,2022,Jurnal Perlindungan Tanaman Indonesia,Jurnal Perlindungan Tanaman Indonesia,3,article,en,26,2,93,93,Syahri S;Utami Somantri R,Syahri Syahri;Renny Utami Somantri,National Research and Innovation Agency;National Research and Innovation Agency,"Actinomycetes are Gram-positive filamentous bacteria used as biocontrol agents against pathogens. Currently, little research on actinomycetes has been published in Indonesia. The study provides issues related to the most relevant keywords in actinomycetes, the most productive authors and countries on actinomycetes research, current research on actinomycetes, and future topics in actinomycetes research. This paper aims to understand the current status and trend of research on actinomycetes in biological control, especially their acts as biocontrol agents. We used VOSviewer and CiteSpace software to perform a scientometric and bibliometric analysis. Out of 452 Scopus publications published between 1971 and 2022. Research on actinomycetes has increased rapidly since 2000, leading to an exponential trend. The result shows that &gt;50% of papers focus on Agricultural and Biological Sciences and indicate that actinomycetes are mainly applied as biocontrol agents. China is the most documented and powerful country, followed by the United States and Iran. In contrast, Indonesia ranks 19th in the world with nine published papers. Scientometric analysis shows Shahidi Bonjar nominated as the strongest citation burst author (4.01). Their topic is mainly on the biological control of pathogens by Actinomycetes, especially Streptomyces sp., while fungi are a dominant pathogen. These findings are related to bibliometric analysis, showing Streptomyces spp. and fungi are two primary keywords in the Scopus database, found on 183 and 139 documents. We found actinomycete research focuses on their ability to manage plant diseases naturally. In the future, we predict actinobacterial research is still essential to biological control, particularly those involving Streptomyces species. Also, several important topics are associated with their activities in controlling pests (nematode), postharvest disease, and growth promoter ability.",Scopus;Biology;Biotechnology;Streptomyces;Biological pest control;Citation;Web of science;Library science;Botany;Computer science;MEDLINE;Bacteria,Scopus;Biology;Biotechnology;Streptomyces;Biological pest control;Citation;Web of science;Library science;Botany;Computer science;MEDLINE;Bacteria;Biochemistry;Genetics,https://openalex.org/W150292108;https://openalex.org/W754521991;https://openalex.org/W1542807197;https://openalex.org/W1975315285;https://openalex.org/W1981033647;https://openalex.org/W2008612347;https://openalex.org/W2012988025;https://openalex.org/W2026777294;https://openalex.org/W2065648394;https://openalex.org/W2114236742;https://openalex.org/W2114786082;https://openalex.org/W2131124210;https://openalex.org/W2138200381;https://openalex.org/W2145933592;https://openalex.org/W2150220236;https://openalex.org/W2167927941;https://openalex.org/W2168881097;https://openalex.org/W2417138320;https://openalex.org/W2462540055;https://openalex.org/W2486654687;https://openalex.org/W2493348807;https://openalex.org/W2552012934;https://openalex.org/W2586383284;https://openalex.org/W2599784308;https://openalex.org/W2615425222;https://openalex.org/W2755141892;https://openalex.org/W2766919312;https://openalex.org/W2770120971;https://openalex.org/W2989530049;https://openalex.org/W3003569059;https://openalex.org/W3011688644;https://openalex.org/W3024148795;https://openalex.org/W3125568830;https://openalex.org/W3126042696;https://openalex.org/W3128277664;https://openalex.org/W3153209080;https://openalex.org/W3175365933;https://openalex.org/W3207434636;https://openalex.org/W4200206690;https://openalex.org/W4205293947;https://openalex.org/W4206977881;https://openalex.org/W4213049249;https://openalex.org/W4214568823;https://openalex.org/W4220967111;https://openalex.org/W4224089519;https://openalex.org/W4243815918;https://openalex.org/W4249386228,,True,ISI,,"Syahri S, 2022, Jurnal Perlindungan Tanaman Indonesia","Syahri S, 2022, Jurnal Perlindungan Tanaman Indonesia"
https://openalex.org/W2171165040,10.1007/s11192-009-0414-2,The Scholarly Database and its utility for scientometrics research,2008,Scientometrics,Scientometrics,32,article,en,79,2,219,234,LaRowe G;Adinath Ambre S;Burgoon J;Ke W;Börner K,Gavin LaRowe;Sumeet Adinath Ambre;John Burgoon;Weimao Ke;Katy Börner,Indiana University Bloomington;Indiana University Bloomington;Indiana University Bloomington;Indiana University Bloomington;Indiana University Bloomington,,Computer science;Scientometrics;Database;Relational database;Database design;Data science;Raw data;Domain (mathematical analysis);Visualization;Information retrieval;World Wide Web;Data mining,Computer science;Scientometrics;Database;Relational database;Database design;Data science;Raw data;Domain (mathematical analysis);Visualization;Information retrieval;World Wide Web;Data mining;Programming language;Mathematics;Mathematical analysis,https://openalex.org/W54461382;https://openalex.org/W607696910;https://openalex.org/W637241713;https://openalex.org/W2045108252;https://openalex.org/W2053821186;https://openalex.org/W2057977029;https://openalex.org/W2069656088;https://openalex.org/W2072840758;https://openalex.org/W2072897447;https://openalex.org/W2082603871;https://openalex.org/W2100484636;https://openalex.org/W2105327436;https://openalex.org/W2162012713;https://openalex.org/W2492190951;https://openalex.org/W4234292554,,False,ISI,,"LaRowe G, 2008, Scientometrics","LaRowe G, 2008, Scientometrics"
https://openalex.org/W4404991513,10.1016/j.jtte.2024.05.001,Integrated and holistic knowledge map of phase change materials for pavement: A scientometric analysis and bibliometric review,2024,Journal of Traffic and Transportation Engineering (English Edition),Journal of Traffic and Transportation Engineering (English Edition),8,article,en,11,6,1317,1339,Dai J;Ma F;Fu Z;Li C;Hou Y;Wen Y;Zou Y;Yuan D;Dong W;Shi K,Jiasheng Dai;Feng Ma;Zhen Fu;Chen Li;Yingjie Hou;Yalu Wen;Yanzhe Zou;Dongdong Yuan;Wenhao Dong;Ke Shi,Chang'an University;Chang'an University;Chang'an University;Chang'an University;Chang'an University;Chang'an University;Chang'an University;Chang'an University;Chang'an University;Chang'an University,"Elevated pavement temperatures contribute to the urban heat island effect and pose a risk of thermal damage to pavement. Thus, regulating pavement temperature is paramount to ensure its longevity, enhance traffic safety, and preserve the environment. Phase change materials (PCMs) with the latent heat characteristic can store and release thermal energy via phase transitions. PCMs can effectively control pavement structure temperatures within a relatively narrow range, mitigating thermal stress on asphalt pavements. This research aims to explore the current status and emerging trends in PCM integrated pavement engineering (PCMIPE) using the CiteSpace visual analysis tool. Relevant publications were systematically curated from the Web of Science core database, spanning 2011 to 2023. Subsequently, the co-authorships network maps (country, institution, author), co-cited network maps (co-cited journals, authors, and references), and keyword co-occurrence network maps were constructed to analyze the principal contributions in the PCMIPE field comprehensively. This analysis provides an understanding of the field's strengths, research domains, and knowledge structure and identifies current research focal points and emerging frontiers. The findings reveal that research within the PCMIPE field is still in its early stages, with a predominant emphasis on material design and performance assessment. Additionally, future research is anticipated to expand into economic analyses and exploration of environmental effects when integrating PCMs into pavement engineering. Furthermore, there is an emerging interest in investigating the synergy of PCMs with other functional pavement technologies. These results underscore the potential of the PCMIPE field and emphasize the importance of future research endeavors. • Bibliometric analysis on PCMIPE was conducted by using CiteSpace. • Co-authorship network maps were constructed. • Keywords co-occurrence network maps were analyzed. • Current research hot topics and emerging frontiers on PCMIPE were identified.",Engineering,Engineering,https://openalex.org/W855647934;https://openalex.org/W973950016;https://openalex.org/W1964953165;https://openalex.org/W1964978004;https://openalex.org/W1969155068;https://openalex.org/W1969526594;https://openalex.org/W1993414128;https://openalex.org/W1996615181;https://openalex.org/W1998077580;https://openalex.org/W2002633991;https://openalex.org/W2007337355;https://openalex.org/W2010319537;https://openalex.org/W2022571909;https://openalex.org/W2029785504;https://openalex.org/W2034359082;https://openalex.org/W2034856823;https://openalex.org/W2042771697;https://openalex.org/W2050880272;https://openalex.org/W2058881223;https://openalex.org/W2064483522;https://openalex.org/W2070720809;https://openalex.org/W2075477670;https://openalex.org/W2075961646;https://openalex.org/W2076248822;https://openalex.org/W2087151392;https://openalex.org/W2110021745;https://openalex.org/W2136310054;https://openalex.org/W2194360737;https://openalex.org/W2308361057;https://openalex.org/W2310043472;https://openalex.org/W2383558851;https://openalex.org/W2389249623;https://openalex.org/W2397229479;https://openalex.org/W2522469875;https://openalex.org/W2585825128;https://openalex.org/W2596626408;https://openalex.org/W2607302976;https://openalex.org/W2610876589;https://openalex.org/W2620402730;https://openalex.org/W2751498600;https://openalex.org/W2766224047;https://openalex.org/W2770450133;https://openalex.org/W2782320975;https://openalex.org/W2783127227;https://openalex.org/W2790400665;https://openalex.org/W2791050802;https://openalex.org/W2797873488;https://openalex.org/W2801497024;https://openalex.org/W2805461697;https://openalex.org/W2887866718;https://openalex.org/W2889060182;https://openalex.org/W2890238206;https://openalex.org/W2893502257;https://openalex.org/W2900216648;https://openalex.org/W2900477356;https://openalex.org/W2908900153;https://openalex.org/W2913902916;https://openalex.org/W2914702915;https://openalex.org/W2929694913;https://openalex.org/W2937146781;https://openalex.org/W2942933902;https://openalex.org/W2945619758;https://openalex.org/W2947021828;https://openalex.org/W2949676764;https://openalex.org/W2964798810;https://openalex.org/W2976013652;https://openalex.org/W2985630890;https://openalex.org/W2995327300;https://openalex.org/W3000115520;https://openalex.org/W3007400395;https://openalex.org/W3007779795;https://openalex.org/W3014140310;https://openalex.org/W3037190511;https://openalex.org/W3044134019;https://openalex.org/W3047786028;https://openalex.org/W3086396891;https://openalex.org/W3097092645;https://openalex.org/W3114570536;https://openalex.org/W3115909259;https://openalex.org/W3116013894;https://openalex.org/W3117856333;https://openalex.org/W3118500963;https://openalex.org/W3120820453;https://openalex.org/W3121293088;https://openalex.org/W3123065457;https://openalex.org/W3133423329;https://openalex.org/W3134777277;https://openalex.org/W3157166468;https://openalex.org/W3160957450;https://openalex.org/W3166242758;https://openalex.org/W3184458336;https://openalex.org/W3188091665;https://openalex.org/W3190886160;https://openalex.org/W3197937562;https://openalex.org/W3199329920;https://openalex.org/W3199722906;https://openalex.org/W3199855143;https://openalex.org/W3206329862;https://openalex.org/W3214934077;https://openalex.org/W3216872453;https://openalex.org/W3217221256;https://openalex.org/W4200413599;https://openalex.org/W4206754285;https://openalex.org/W4206911037;https://openalex.org/W4210557083;https://openalex.org/W4210714619;https://openalex.org/W4210864411;https://openalex.org/W4213225438;https://openalex.org/W4214554251;https://openalex.org/W4214643246;https://openalex.org/W4220653365;https://openalex.org/W4220953410;https://openalex.org/W4225078896;https://openalex.org/W4243955623;https://openalex.org/W4255909237;https://openalex.org/W4280593736;https://openalex.org/W4281709682;https://openalex.org/W4281787805;https://openalex.org/W4283011820;https://openalex.org/W4283030641;https://openalex.org/W4285792684;https://openalex.org/W4285999745;https://openalex.org/W4293229362;https://openalex.org/W4296389794;https://openalex.org/W4296636441;https://openalex.org/W4304820457;https://openalex.org/W4306928716;https://openalex.org/W4307923808;https://openalex.org/W4310875022;https://openalex.org/W4317390070;https://openalex.org/W4320352279;https://openalex.org/W4321336710;https://openalex.org/W4321768954;https://openalex.org/W4322491016;https://openalex.org/W4328131330;https://openalex.org/W4360603315;https://openalex.org/W4360603620;https://openalex.org/W4360838564;https://openalex.org/W4362640045;https://openalex.org/W4362640821;https://openalex.org/W4365808129;https://openalex.org/W4366818601;https://openalex.org/W4376870362;https://openalex.org/W4376874193;https://openalex.org/W4379356294;https://openalex.org/W4386064786;https://openalex.org/W4386073802;https://openalex.org/W4386314299;https://openalex.org/W4386968566;https://openalex.org/W4387092433;https://openalex.org/W4389688096;https://openalex.org/W6649749282;https://openalex.org/W6669644817;https://openalex.org/W6733175328;https://openalex.org/W6754490354;https://openalex.org/W6774180145;https://openalex.org/W6799172487;https://openalex.org/W6807577149;https://openalex.org/W6838404626,,True,ISI,,"Dai J, 2024, Journal of Traffic and Transportation Engineering (English Edition)","Dai J, 2024, Journal of Traffic and Transportation Engineering (English Edition)"
https://openalex.org/W3198424042,10.1016/j.cscm.2021.e00683,A scientometric review of waste material utilization in concrete for sustainable construction,2021,Case Studies in Construction Materials,Case Studies in Construction Materials,160,review,en,15,,e00683,e00683,Ahmad W;Ahmad A;Adam Ostrowski K;Aslam F;Joyklad P,Waqas Ahmad;Ayaz Ahmad;Krzysztof Adam Ostrowski;Fahid Aslam;Panuwat Joyklad,COMSATS University Islamabad;COMSATS University Islamabad;Cracow University of Technology;Prince Sattam Bin Abdulaziz University;Srinakharinwirot University,"The construction sector has a significant impact on the environment, contributing significantly to energy consumption, resource depletion, and CO2 emissions. This sector is currently shifting away from natural materials and cement in favor of alternative materials, thereby reducing environmental impact and promoting sustainability. Worldwide, enormous quantities of waste materials are generated. Most of these waste materials are hazardous, corrosive, flammable, chemically reactive, incendiary, and infectious and are typically disposed of in landfills, causing environmental pollution and posing health risks. As a result, incorporating waste materials into concrete would be a more prudent course of action. This study collected vast bibliometric data comprising journal articles and review articles from the Scopus database over the last two decades and conducted a scientometric review on waste material utilization in concrete. Scientometric analysis is used to determine the current state of research by analyzing available bibliometric data and identifying related publication areas, sources with the most publications, the most frequently occurring keywords, authors, and papers with the most citations, and states that have made the greatest contribution to the field of waste materials utilization in concrete. Moreover, the most active research areas are identified and discussed. Also, the sustainability aspects of recycling waste materials in concrete are discussed, and finally, future research is proposed. The scientometric review will enable scholars from diverse countries to exchange novel ideas and knowledge, foster research collaboration, and establish joint ventures.",Sustainability;Hazardous waste;Scopus;Resource (disambiguation);Environmental planning;Cleaner production;Business;Environmental science;Engineering;Waste management;Municipal solid waste;Computer science;Political science,Sustainability;Hazardous waste;Scopus;Resource (disambiguation);Environmental planning;Cleaner production;Business;Environmental science;Engineering;Waste management;Municipal solid waste;Computer science;Political science;Ecology;Biology;Law;MEDLINE;Computer network,https://openalex.org/W184110253;https://openalex.org/W565591985;https://openalex.org/W1194124530;https://openalex.org/W1536711940;https://openalex.org/W1864137680;https://openalex.org/W1936271963;https://openalex.org/W1965062854;https://openalex.org/W1967152112;https://openalex.org/W1967593783;https://openalex.org/W1968664508;https://openalex.org/W1968841204;https://openalex.org/W1969264436;https://openalex.org/W1969500868;https://openalex.org/W1969826978;https://openalex.org/W1971700501;https://openalex.org/W1971967362;https://openalex.org/W1972757405;https://openalex.org/W1983729308;https://openalex.org/W1993016649;https://openalex.org/W1993933837;https://openalex.org/W1994812940;https://openalex.org/W1995240971;https://openalex.org/W1997145451;https://openalex.org/W2000150562;https://openalex.org/W2001331617;https://openalex.org/W2002117225;https://openalex.org/W2005157077;https://openalex.org/W2012299702;https://openalex.org/W2012316003;https://openalex.org/W2013096047;https://openalex.org/W2013263298;https://openalex.org/W2014994344;https://openalex.org/W2017813671;https://openalex.org/W2020845713;https://openalex.org/W2023743114;https://openalex.org/W2030078347;https://openalex.org/W2030708090;https://openalex.org/W2030732673;https://openalex.org/W2031110929;https://openalex.org/W2032841931;https://openalex.org/W2035324412;https://openalex.org/W2035823277;https://openalex.org/W2036165537;https://openalex.org/W2042013744;https://openalex.org/W2047837657;https://openalex.org/W2048271631;https://openalex.org/W2048575017;https://openalex.org/W2048594795;https://openalex.org/W2048798797;https://openalex.org/W2049698421;https://openalex.org/W2050133572;https://openalex.org/W2050548454;https://openalex.org/W2051211193;https://openalex.org/W2052425692;https://openalex.org/W2057073293;https://openalex.org/W2059021626;https://openalex.org/W2059782888;https://openalex.org/W2060027269;https://openalex.org/W2060594192;https://openalex.org/W2061458604;https://openalex.org/W2063338861;https://openalex.org/W2067147264;https://openalex.org/W2074638582;https://openalex.org/W2077565881;https://openalex.org/W2077580407;https://openalex.org/W2081003138;https://openalex.org/W2088010141;https://openalex.org/W2089222437;https://openalex.org/W2094127952;https://openalex.org/W2099298362;https://openalex.org/W2100337977;https://openalex.org/W2114368359;https://openalex.org/W2117475904;https://openalex.org/W2123983887;https://openalex.org/W2125590831;https://openalex.org/W2135777293;https://openalex.org/W2145535121;https://openalex.org/W2150220236;https://openalex.org/W2154664827;https://openalex.org/W2159393820;https://openalex.org/W2161558515;https://openalex.org/W2170242247;https://openalex.org/W2170464111;https://openalex.org/W2192050344;https://openalex.org/W2209364789;https://openalex.org/W2217386832;https://openalex.org/W2221387818;https://openalex.org/W2310043472;https://openalex.org/W2322481501;https://openalex.org/W2330198871;https://openalex.org/W2418470250;https://openalex.org/W2472152373;https://openalex.org/W2509401711;https://openalex.org/W2510982517;https://openalex.org/W2511995007;https://openalex.org/W2520207670;https://openalex.org/W2522440269;https://openalex.org/W2529007994;https://openalex.org/W2535520885;https://openalex.org/W2567551491;https://openalex.org/W2584483671;https://openalex.org/W2586751574;https://openalex.org/W2602998920;https://openalex.org/W2604328560;https://openalex.org/W2613956682;https://openalex.org/W2616774146;https://openalex.org/W2625562506;https://openalex.org/W2732661133;https://openalex.org/W2742493246;https://openalex.org/W2752551891;https://openalex.org/W2766203946;https://openalex.org/W2769990742;https://openalex.org/W2771268103;https://openalex.org/W2781875978;https://openalex.org/W2782814906;https://openalex.org/W2783127227;https://openalex.org/W2790270458;https://openalex.org/W2791171839;https://openalex.org/W2791829819;https://openalex.org/W2793435880;https://openalex.org/W2793821720;https://openalex.org/W2795448790;https://openalex.org/W2799950198;https://openalex.org/W2802272766;https://openalex.org/W2804180394;https://openalex.org/W2804306872;https://openalex.org/W2810319120;https://openalex.org/W2887836941;https://openalex.org/W2888092695;https://openalex.org/W2893225021;https://openalex.org/W2900090015;https://openalex.org/W2906121274;https://openalex.org/W2907161871;https://openalex.org/W2913615002;https://openalex.org/W2916861292;https://openalex.org/W2918024231;https://openalex.org/W2938884193;https://openalex.org/W2945966691;https://openalex.org/W2952117496;https://openalex.org/W2955502354;https://openalex.org/W2964003126;https://openalex.org/W2965678503;https://openalex.org/W2970029648;https://openalex.org/W2981844210;https://openalex.org/W2995024679;https://openalex.org/W2999401646;https://openalex.org/W3000933141;https://openalex.org/W3002362449;https://openalex.org/W3006667297;https://openalex.org/W3007001206;https://openalex.org/W3010941227;https://openalex.org/W3014125730;https://openalex.org/W3020052579;https://openalex.org/W3020115512;https://openalex.org/W3020291872;https://openalex.org/W3081218077;https://openalex.org/W3084022284;https://openalex.org/W3087442789;https://openalex.org/W3090412280;https://openalex.org/W3091156410;https://openalex.org/W3095680589;https://openalex.org/W3095705823;https://openalex.org/W3098695356;https://openalex.org/W3103537485;https://openalex.org/W3108133310;https://openalex.org/W3115040178;https://openalex.org/W3123974210;https://openalex.org/W3127442926;https://openalex.org/W3129755746;https://openalex.org/W3135900620;https://openalex.org/W3136193877;https://openalex.org/W3141400101;https://openalex.org/W3144256623;https://openalex.org/W3145752209;https://openalex.org/W3151373858;https://openalex.org/W3155157573;https://openalex.org/W3157041743;https://openalex.org/W3160506321;https://openalex.org/W3161015535;https://openalex.org/W3161030938;https://openalex.org/W3168772162;https://openalex.org/W3169121555;https://openalex.org/W3169338661;https://openalex.org/W3176177428;https://openalex.org/W3177127973;https://openalex.org/W3178335388;https://openalex.org/W3185257966;https://openalex.org/W3185291822;https://openalex.org/W3185716942;https://openalex.org/W3186896513;https://openalex.org/W3190845164;https://openalex.org/W3194754270;https://openalex.org/W4240789665;https://openalex.org/W6615735537;https://openalex.org/W6639307444;https://openalex.org/W6662925510;https://openalex.org/W6675133514;https://openalex.org/W6717364694;https://openalex.org/W6726990643;https://openalex.org/W6728886599;https://openalex.org/W6738130657;https://openalex.org/W6739712008;https://openalex.org/W6749360124;https://openalex.org/W6750346868;https://openalex.org/W6752366542;https://openalex.org/W6752468948;https://openalex.org/W6754865649;https://openalex.org/W6771589370;https://openalex.org/W6773191646;https://openalex.org/W6773468007;https://openalex.org/W6774574528;https://openalex.org/W6782881576;https://openalex.org/W6783797497;https://openalex.org/W6785137499;https://openalex.org/W6786037382;https://openalex.org/W6786100038;https://openalex.org/W6787640450;https://openalex.org/W6788923129;https://openalex.org/W6790085785;https://openalex.org/W6791101033;https://openalex.org/W6792035404;https://openalex.org/W6792121865;https://openalex.org/W6792549897;https://openalex.org/W6794645087;https://openalex.org/W6795212996;https://openalex.org/W6795660255;https://openalex.org/W6796394269;https://openalex.org/W6797161101;https://openalex.org/W6797883081;https://openalex.org/W6797929541;https://openalex.org/W6798568205;https://openalex.org/W6798864361;https://openalex.org/W6799244954;https://openalex.org/W6799557524;https://openalex.org/W6799718009,,True,ISI,,"Ahmad W, 2021, Case Studies in Construction Materials","Ahmad W, 2021, Case Studies in Construction Materials"
https://openalex.org/W3015550937,10.1633/jistap.2018.6.2.2,Bibliometrics in Practice in Developing Nations: A Study on the Development of Scientometrics and Bibliometrics Careers in Iran,2018,DOAJ (DOAJ: Directory of Open Access Journals),DOAJ (DOAJ: Directory of Open Access Journals),2,article,en,,,,,Asadi S;Atash Deligani F;Rasuli B;Shaian Majd M,Saeid Asadi;Fatemeh Atash Deligani;Behrooz Rasuli;Majid Shaian Majd,Shahed University;University of Isfahan;Iranian Research Organization for Science and Technology;Iranian Research Institute for Information Science and Technology,"&amp;lt;div&amp;gt;\n&amp;lt;div&amp;gt;\n&amp;lt;div&amp;gt;\n&amp;lt;div&amp;gt;\n&amp;lt;div&amp;gt;\n&amp;lt;p&amp;gt;Developing countries may pay attention to bibliometric indicators in accordance with their scientific development plans.&amp;lrm; Bibliometrics research topics and bibliometric indicators have grown dramatically in Iran since 2000 as a part of the post-war reconstruction programs.&amp;lrm; This paper aims to highlight how scientometrics may attract attention in developing countries such as Iran in response to the national movements in education and science.&amp;lrm; An in-depth review on available guidelines for promotion of innovation, science and technology in Iran was done followed by a review on previous research in this topic.&amp;lrm; Further data were gathered from Scopus and other sources.&amp;lrm; The findings show a considerable growth in research output of Iran in recent years and expansion of bibliometrics studies and jobs accordingly.&amp;lrm; Combined with research output measures, more attention was found in academia about cross-section development of science and technology in Iran.&amp;lrm; The demand in the society has led to the foundation of scientometrics program in Iranian universities as well as scientometrics departments in central libraries and research deputies in major academic institutions.&amp;lrm; The changing image of science and research in Iran has a relation with the growth of scientometrics academic and professional departments.&amp;lrm; The lessons taught from this mutual collaboration can be used in other developing nations.&amp;lrm;&amp;lt;/p&amp;gt;\n&amp;lt;/div&amp;gt;\n&amp;lt;/div&amp;gt;\n&amp;lt;/div&amp;gt;\n&amp;lt;/div&amp;gt;\n&amp;lt;/div&amp;gt;",Bibliometrics;Scientometrics;Library science;Geography;Social science;Sociology;Computer science,Bibliometrics;Scientometrics;Library science;Geography;Social science;Sociology;Computer science,https://openalex.org/W1617148;https://openalex.org/W254444275;https://openalex.org/W257958959;https://openalex.org/W638477918;https://openalex.org/W1429115335;https://openalex.org/W1834912172;https://openalex.org/W1985567003;https://openalex.org/W2004997499;https://openalex.org/W2006997791;https://openalex.org/W2053455993;https://openalex.org/W2066287089;https://openalex.org/W2074471458;https://openalex.org/W2096752332;https://openalex.org/W2103598333;https://openalex.org/W2111502807;https://openalex.org/W2126446163;https://openalex.org/W2141810726;https://openalex.org/W2145507634;https://openalex.org/W2165208477;https://openalex.org/W2167566521;https://openalex.org/W2184084281;https://openalex.org/W2267887524;https://openalex.org/W2275696275;https://openalex.org/W2294191624;https://openalex.org/W2296582286;https://openalex.org/W2340794844;https://openalex.org/W2478064709;https://openalex.org/W2487270307;https://openalex.org/W2525564411;https://openalex.org/W2526421130;https://openalex.org/W2554259153;https://openalex.org/W2561080370,,True,ISI,,"Asadi S, 2018, DOAJ (DOAJ: Directory of Open Access Journals)","Asadi S, 2018, DOAJ (DOAJ: Directory of Open Access Journals)"
https://openalex.org/W2971022377,10.1007/s11192-019-03213-w,"Software survey: ScientoPy, a scientometric tool for topics trend analysis in scientific publications",2019,Scientometrics,Scientometrics,189,article,en,121,2,1165,1188,Ruiz-Rosero J;Ramírez-González G;Viveros-Delgado J,Juan Ruiz-Rosero;Gustavo Ramírez-González;Jesus Viveros-Delgado,University of Cauca;University of Cauca;University of Nariño,,Scopus;Data science;Bibliometrics;Computer science;Scientometrics;The Internet;Trend analysis;Thematic map;Information retrieval;World Wide Web;Geography;Political science,Scopus;Data science;Bibliometrics;Computer science;Scientometrics;The Internet;Trend analysis;Thematic map;Information retrieval;World Wide Web;Geography;Political science;MEDLINE;Law;Machine learning;Cartography,https://openalex.org/W58954717;https://openalex.org/W84580440;https://openalex.org/W1521478692;https://openalex.org/W1562788212;https://openalex.org/W1981886524;https://openalex.org/W2000987239;https://openalex.org/W2043976122;https://openalex.org/W2046301960;https://openalex.org/W2070242399;https://openalex.org/W2090396658;https://openalex.org/W2108680868;https://openalex.org/W2132948308;https://openalex.org/W2135455887;https://openalex.org/W2145538803;https://openalex.org/W2150220236;https://openalex.org/W2256850251;https://openalex.org/W2444544129;https://openalex.org/W2489801028;https://openalex.org/W2528266411;https://openalex.org/W2592713025;https://openalex.org/W2755950973;https://openalex.org/W2763917904;https://openalex.org/W2775114209;https://openalex.org/W4238591974;https://openalex.org/W4248252387,,False,ISI,,"Ruiz-Rosero J, 2019, Scientometrics","Ruiz-Rosero J, 2019, Scientometrics"
https://openalex.org/W2022908963,10.1007/s11192-015-1529-2,Combining bibliometrics and information retrieval: preface,2015,Scientometrics,Scientometrics,16,article,en,102,3,2191,2192,Mayr P;Scharnhorst A,Philipp Mayr;Andrea Scharnhorst,Leibniz Association;GESIS - Leibniz-Institute for the Social Sciences;Royal Netherlands Academy of Arts and Sciences,,Bibliometrics;Information retrieval;Computer science;Data science;Library science,Bibliometrics;Information retrieval;Computer science;Data science;Library science,https://openalex.org/W2059859669;https://openalex.org/W2072897447,,True,ISI,,"Mayr P, 2015, Scientometrics","Mayr P, 2015, Scientometrics"
https://openalex.org/W4408252410,10.1016/b978-0-323-95504-1.00432-4,How to Conduct Bibliometric and Scientometric Research in Language Education?,2025,Elsevier eBooks,Elsevier eBooks,2,book-chapter,en,,,,,Aryadoust V;Zhang S,Vahid Aryadoust;Sai Zhang,Nanyang Technological University;Hebei Normal University,,Mathematics education;Computer science;Psychology,Mathematics education;Computer science;Psychology,https://openalex.org/W382302478;https://openalex.org/W2178471959;https://openalex.org/W2585526840;https://openalex.org/W2599784308;https://openalex.org/W2740850297;https://openalex.org/W2755950973;https://openalex.org/W2886599162;https://openalex.org/W2895087500;https://openalex.org/W2967647151;https://openalex.org/W2981904548;https://openalex.org/W3001491100;https://openalex.org/W3041388835;https://openalex.org/W3044087441;https://openalex.org/W3094142098;https://openalex.org/W3123554164;https://openalex.org/W3137120236;https://openalex.org/W3137875885;https://openalex.org/W3160856016;https://openalex.org/W4250810012;https://openalex.org/W4281262122;https://openalex.org/W4323359661;https://openalex.org/W4390344178;https://openalex.org/W4390344667;https://openalex.org/W4391619492;https://openalex.org/W4392513195;https://openalex.org/W6861189061,,False,ISI,,"Aryadoust V, 2025, Elsevier eBooks","Aryadoust V, 2025, Elsevier eBooks"
https://openalex.org/W3085471362,10.1007/s00264-020-04803-7,Useful and useless publications measured by bibliometrics and scientometrics in orthopaedic surgery. Are the relevance of a journal and publication metrics useful enough for the scientific promotion of surgeons?,2020,International Orthopaedics,International Orthopaedics,11,editorial,en,44,10,1875,1879,F. Mavrogenis A;Pećina M;Chen W;M. Scarlat M,Andreas F. Mavrogenis;Marko Pećina;Wei Chen;Marius M. Scarlat,National and Kapodistrian University of Athens;University of Zagreb;Hebei Medical University;Third Hospital of Hebei Medical University;Hôpital Saint-Michel,"Science is driven by the publication of novel ideas and experiments in peer-reviewed scientific journals and books To affect clinical practice, research findings need to be important and be presented properly; the data should be integral and transparent Universities are trusted to know best about research because it is assumed that academics strive for excellence in science. This is evidence, however huge differences in quality between individuals exist, especially in crowded universities. The end result could be average science and mediocrity One method to guarantee excellence in science is to find, support and allow independent work of scientists in order to promote and validate new ideas. In this way, education and research has the opportunity to stay ahead in the rankings. Yet, in the game of end results citation metrics and notoriety could be biased.",Bibliometrics;Scientometrics;Medicine;Relevance (law);Orthopedic surgery;Promotion (chess);MEDLINE;Medical physics;Library science;Surgery;Computer science,Bibliometrics;Scientometrics;Medicine;Relevance (law);Orthopedic surgery;Promotion (chess);MEDLINE;Medical physics;Library science;Surgery;Computer science;Political science;Politics;Law,https://openalex.org/W157157852;https://openalex.org/W233227767;https://openalex.org/W1982851913;https://openalex.org/W1997361512;https://openalex.org/W1997766215;https://openalex.org/W2017021857;https://openalex.org/W2020589992;https://openalex.org/W2023232735;https://openalex.org/W2065018034;https://openalex.org/W2069656088;https://openalex.org/W2077942068;https://openalex.org/W2090249696;https://openalex.org/W2118079799;https://openalex.org/W2129286173;https://openalex.org/W2133082557;https://openalex.org/W2140283616;https://openalex.org/W2297100024;https://openalex.org/W2427958929;https://openalex.org/W2471876535;https://openalex.org/W2506043880;https://openalex.org/W2558172518;https://openalex.org/W2569139746;https://openalex.org/W2594236870;https://openalex.org/W2603815490;https://openalex.org/W2622732598;https://openalex.org/W2753970520;https://openalex.org/W2766167062;https://openalex.org/W2791881260;https://openalex.org/W2793139621;https://openalex.org/W2794142340;https://openalex.org/W2797514446;https://openalex.org/W2893646312;https://openalex.org/W2897720588;https://openalex.org/W2903107417;https://openalex.org/W2938205131;https://openalex.org/W2944488033;https://openalex.org/W2953913114;https://openalex.org/W2968405613;https://openalex.org/W2974732154;https://openalex.org/W2985165398;https://openalex.org/W3006014645;https://openalex.org/W3016254787;https://openalex.org/W3027601565;https://openalex.org/W3080315653;https://openalex.org/W4232412557;https://openalex.org/W4235451245;https://openalex.org/W4238401949,32909048,True,ISI,,"F. Mavrogenis A, 2020, International Orthopaedics","F. Mavrogenis A, 2020, International Orthopaedics"
https://openalex.org/W1983948274,10.1016/j.ipm.2005.03.021,Combining full text and bibliometric information in mapping scientific disciplines,2005,Information Processing & Management,Information Processing & Management,148,article,en,41,6,1548,1572,Glenisson P;Glänzel W;Janssens F;De Moor B,Patrick Glenisson;Wolfgang Glänzel;Frizo Janssens;Bart De Moor,Hungarian Academy of Sciences;Statistics Belgium;KU Leuven;KU Leuven;Statistics Belgium;Hungarian Academy of Sciences;Hungarian Academy of Sciences,,Scientometrics;Bibliometrics;Computer science;Information retrieval;Subject (documents);Data science;Library science,Scientometrics;Bibliometrics;Computer science;Information retrieval;Subject (documents);Data science;Library science,https://openalex.org/W604081263;https://openalex.org/W955308943;https://openalex.org/W1567401171;https://openalex.org/W1574901103;https://openalex.org/W1660390307;https://openalex.org/W1858317710;https://openalex.org/W1956559956;https://openalex.org/W1971784203;https://openalex.org/W1999345637;https://openalex.org/W2012161431;https://openalex.org/W2029088861;https://openalex.org/W2069755380;https://openalex.org/W2072773380;https://openalex.org/W2080534043;https://openalex.org/W2082212189;https://openalex.org/W2082925319;https://openalex.org/W2098162425;https://openalex.org/W2099645570;https://openalex.org/W2106372073;https://openalex.org/W2116780029;https://openalex.org/W2118645678;https://openalex.org/W2131889330;https://openalex.org/W2147152072;https://openalex.org/W2166173434;https://openalex.org/W2319660501;https://openalex.org/W2325227998;https://openalex.org/W6625100867;https://openalex.org/W6650022206;https://openalex.org/W6677145740,,False,ISI,,"Glenisson P, 2005, Information Processing & Management","Glenisson P, 2005, Information Processing & Management"
https://openalex.org/W2138621811,10.1145/324133.324140,Authoritative sources in a hyperlinked environment,1999,Journal of the ACM,Journal of the ACM,9037,article,en,46,5,604,632,Kleinberg J,Jon Kleinberg,Cornell University,"The network structure of a hyperlinked environment can be a rich source of information about the content of the environment, provided we have effective means for understanding it. We develop a set of algorithmic tools for extracting information from the link structures of such environments, and report on experiments that demonstrate their effectiveness in a variety of context on the World Wide Web. The central issue we address within our framework is the distillation of broad search topics, through the discovery of “authorative” information sources on such topics. We propose and test an algorithmic formulation of the notion of authority, based on the relationship between a set of relevant authoritative pages and the set of “hub pages” that join them together in the link structure. Our formulation has connections to the eigenvectors of certain matrices associated with the link graph; these connections in turn motivate additional heuristrics for link-based analysis.",Computer science;Set (abstract data type);Variety (cybernetics);Link (geometry);Information retrieval;Link analysis;Context (archaeology);Theoretical computer science;Graph;World Wide Web;Computer network;Artificial intelligence;Programming language,Computer science;Set (abstract data type);Variety (cybernetics);Link (geometry);Information retrieval;Link analysis;Context (archaeology);Theoretical computer science;Graph;World Wide Web;Computer network;Artificial intelligence;Programming language;Paleontology;Biology,https://openalex.org/W1570542661;https://openalex.org/W1578099820;https://openalex.org/W1587744656;https://openalex.org/W1809658417;https://openalex.org/W1952127226;https://openalex.org/W1969742335;https://openalex.org/W1970859146;https://openalex.org/W1972388183;https://openalex.org/W1976232673;https://openalex.org/W1984066943;https://openalex.org/W1995904600;https://openalex.org/W1996764654;https://openalex.org/W2005207065;https://openalex.org/W2006119904;https://openalex.org/W2010182968;https://openalex.org/W2011111873;https://openalex.org/W2011349533;https://openalex.org/W2020423193;https://openalex.org/W2026417691;https://openalex.org/W2028406909;https://openalex.org/W2033852356;https://openalex.org/W2037498077;https://openalex.org/W2041674806;https://openalex.org/W2044361090;https://openalex.org/W2051804774;https://openalex.org/W2053549370;https://openalex.org/W2054118950;https://openalex.org/W2054119298;https://openalex.org/W2056889883;https://openalex.org/W2059275719;https://openalex.org/W2063392856;https://openalex.org/W2066636486;https://openalex.org/W2071128523;https://openalex.org/W2073608660;https://openalex.org/W2079672501;https://openalex.org/W2082751088;https://openalex.org/W2083913611;https://openalex.org/W2085950095;https://openalex.org/W2089192108;https://openalex.org/W2095150974;https://openalex.org/W2112140746;https://openalex.org/W2114699716;https://openalex.org/W2145311040;https://openalex.org/W2147152072;https://openalex.org/W2148694408;https://openalex.org/W2150810499;https://openalex.org/W2154085356;https://openalex.org/W2156020612;https://openalex.org/W2163820799;https://openalex.org/W2167808397;https://openalex.org/W2252034896;https://openalex.org/W2481483404;https://openalex.org/W2798909945;https://openalex.org/W3111753423;https://openalex.org/W4206277161;https://openalex.org/W4230962939;https://openalex.org/W4240407914;https://openalex.org/W4244891075;https://openalex.org/W4292023222,,True,ISI,,"Kleinberg J, 1999, Journal of the ACM","Kleinberg J, 1999, Journal of the ACM"
