PMID,TI,AB,SO,JI,PY,VL,IS,BP,EP,DI,LA,DT,AU,AF,C1,DE,ID,CR,FU,DB,UT,TC,RP,SR,SR_FULL
42154205,Biological and Social Risk Factors for Predicting Type 2 Diabetes in Youth with Prediabetes: Review of Existing Prediction Models.,"With the rising prevalence of type 2 diabetes (T2D) among children and adolescents, the ability to predict the progression of prediabetes to T2D in youth is imperative, as it significantly affects long-term health and quality of life. A number of biological and social risk factors have been identified in literature. Additionally, a growing body of literature illustrates the use of machine learning techniques to identify those with prediabetes or T2D in adults. A prediction model identifying adults with prediabetes who are most likely to progress to T2D has been suggested; however, to date, no such predictive algorithm in youth with prediabetes, a population with a high rate of spontaneous regression to normoglycemia, has been developed. Machine learning (ML) techniques can be applied to potentially identify novel risk factors for youth-onset T2D progression. The use of ML techniques with longitudinal data would enrich the prediction models to accurately identify children with prediabetes who are at the most risk of developing T2D without intervention. This narrative review summarizes the literature on biological and social risk factors for T2D progression and the use of ML to predict progression to T2D.","Diabetes therapy : research, treatment and education of diabetes and related disorders",Diabetes Ther,2026,,,,,,eng,Journal Article; Review,Jang S;Ma S;Hsia DS;Cossen K;Haynes D;Bensignor MO,Jang Subin;Ma Sisi;Hsia Daniel S;Cossen Kristina;Haynes David;Bensignor Megan O,"Department of Epidemiology, Peter O'Donnell Jr. School of Public Health, University of Texas Southwestern Medical Center, Dallas, TX, USA.;Center for Pediatric Obesity Medicine, Medical School, University of Minnesota, 717 Delaware St SE, Minneapolis, MN, 55414, USA.;Division of General Internal Medicine, Medical School, University of Minnesota, Minneapolis, MN, USA.;Institute for Health Informatics, University of Minnesota, Minneapolis, MN, USA.;Center for Pediatric Obesity Medicine, Medical School, University of Minnesota, 717 Delaware St SE, Minneapolis, MN, 55414, USA.;Department of Pediatrics, Division of Endocrinology and Children's, Emory University School of Medicine, Healthcare of Atlanta, Atlanta, GA, USA.;Center for Pediatric Obesity Medicine, Medical School, University of Minnesota, 717 Delaware St SE, Minneapolis, MN, 55414, USA.;Department of Pediatrics, Division of Endocrinology and Children's, Emory University School of Medicine, Healthcare of Atlanta, Atlanta, GA, USA.;Center for Pediatric Obesity Medicine, Medical School, University of Minnesota, 717 Delaware St SE, Minneapolis, MN, 55414, USA.;Institute for Health Informatics, University of Minnesota, Minneapolis, MN, USA.;Center for Pediatric Obesity Medicine, Medical School, University of Minnesota, 717 Delaware St SE, Minneapolis, MN, 55414, USA.;Center for Pediatric Obesity Medicine, Medical School, University of Minnesota, 717 Delaware St SE, Minneapolis, MN, 55414, USA. moberle@umn.edu.;Division of Pediatric Endocrinology and Diabetes, Department of Pediatrics, Medical School, University of Minnesota, Minneapolis, MN, USA. moberle@umn.edu.",Machine learning;Pediatric type 2 diabetes;Prediabetes;Prediction models;Risk factors,,,K23DK129721,PUBMED,,0,,"Jang S, 2026, Diabetes Ther","Jang S, 2026, Diabetes Ther"
42150707,Technical Considerations on Proton Therapy in NRG's Multi-Institutional Clinical Trials.,"Proton therapy is increasingly incorporated into clinical trials. However, its evolving technology and distinct physical and biological properties pose challenges for protocol design, treatment consistency, data collection and interpretation. This work outlines key technical considerations for implementing proton therapy in multi-institutional clinical trials and provides guidance to promote harmonized trial conduct and reliable data collection for outcome assessment. This technical guideline was developed under the leadership of NRG Oncology. We reviewed NRG Oncology protocols that permit or randomize proton therapy to understand current trial designs, patterns of use, and challenges specific to multi institutional proton therapy clinical trials. Technical challenges specific to proton therapy were examined, including setup and range uncertainties, motion and interplay effects, interfractional anatomical changes, uncertainties in relative biological effectiveness, and limitations in plan evaluation and reporting. Recommendations were developed based on current clinical practice and multi-institutional clinical trial experience. Multiple sources of variability were identified that may affect treatment consistency and outcome interpretation in multi-institutional proton therapy trials, particularly those with long accrual periods and evolving technology. Existing protocols differ in proton therapy stratification, randomization, and technical requirements. Additional, robustness evaluation and reporting practices remain inconsistent across institutions. Practical recommendations are provided to improve protocol clarity, enhance robustness assessment, and standardize data collection and reporting to enable meaningful cross-institutional comparison and retrospective analyses. As proton therapy becomes more widely integrated into cooperative group clinical trials, clear and consistent technical guidance is essential to ensure data quality, protocol adherence, and interpretability of clinical outcomes. This work provides a technical framework for harmonizing proton therapy implementation in NRG multi institutional clinical trials and supports future investigation of biological dose-response relationships. Considerations for emerging technologies, including proton arc therapy, upright treatment systems, FLASH therapy, and carbon ion therapy, are also discussed.","International journal of radiation oncology, biology, physics",Int J Radiat Oncol Biol Phys,2026,,,,,,eng,Journal Article,Liang X;Taylor PA;Li H;Paganetti H;Pankuch M;Beltan CJ;Flampouri S;Hoppe BS;Kooy H;Lin H;Lin L;Liu W;Sahoo N;Simone CB;Teo BK;Xiao Y;Zhou J;Buchsbaum JC,Liang Xiaoying;Taylor Paige A;Li Heng;Paganetti Harald;Pankuch Mark;Beltan Chris J;Flampouri Stella;Hoppe Bradford S;Kooy Hanne;Lin Haibo;Lin Liyong;Liu Wei;Sahoo Narayan;Simone Charles B;Teo Boon-Keng Kevin;Xiao Ying;Zhou Jun;Buchsbaum Jeffrey C,"Department of Radiation Oncology, Mayo Clinic Florida, Jacksonville, Florida.;The University of Texas MD Anderson Cancer Center, Houston, Texas.;Johns Hopkins University, Baltimore, Maryland.;Department of Radiation Oncology, Massachusetts General Hospital & Harvard Medical School.;Northwestern Medicine Proton Center, Warrenville Illinois.;Department of Radiation Oncology, Mayo Clinic Florida, Jacksonville, Florida.;Department of Radiation Oncology, Winship Cancer Institute at Emory University, Atlanta, Georgia.;Department of Radiation Oncology, Mayo Clinic Florida, Jacksonville, Florida.;Department of Radiation Oncology, Massachusetts General Hospital & Harvard Medical School.;New York Proton Center, New York, NY 10035, USA.;Department of Radiation Oncology, Winship Cancer Institute at Emory University, Atlanta, Georgia.;Department of Radiation Oncology, Mayo Clinic Arizona, Phoenix, Arizona.;Department of Radiation Physics, The University of Texas MD Anderson Cancer Center, Houston, TX.;New York Proton Center, New York, NY 10035, USA.;Department of Radiation Oncology, University of Pennsylvania, Philadelphia, Pennsylvania.;Department of Radiation Oncology, University of Pennsylvania, Philadelphia, Pennsylvania.;Department of Radiation Oncology, Winship Cancer Institute at Emory University, Atlanta, Georgia.;National Cancer Institute, National Institutes of Health, Bethesda, Maryland. Electronic address: jeff.buchsbaum@nih.gov.",,,,,PUBMED,,0,,"Liang X, 2026, Int J Radiat Oncol Biol Phys","Liang X, 2026, Int J Radiat Oncol Biol Phys"
42150704,Machine Learning-Based Study on Xin-Pi Simultaneous Treatment Formula via Drug Nanodelivery Systems Regulating Macrophage Polarization and TEAD2/PKM2 Synergistic Repair Strategy in Myocarditis.,"Myocarditis, as an important cardiovascular disease, involves complex pathogenic mechanisms including immune dysregulation and metabolic disorders. The Traditional Chinese Medicine (TCM) theory of ""simultaneous treatment of heart and spleen"" has accumulated substantial clinical experience in treating myocarditis, yet its underlying mechanisms remain insufficiently elucidated. The development of drug nanodelivery systems has revolutionized targeted therapy by enhancing drug bioavailability, prolonging circulation time, and enabling precise delivery to diseased tissues. This study aims to systematically analyze the molecular mechanisms by which Xin-Pi simultaneous treatment formula, when formulated into nanocarriers, regulates myocarditis through machine learning approaches, with particular emphasis on its regulation of macrophage polarization and the TEAD2/PKM2 signaling pathway via enhanced nanodelivery-mediated targeting. This study employed a multi-dimensional integration strategy combining network pharmacology, machine learning algorithms, and multi-omics technologies. Active compounds and targets of representative Xin-Pi simultaneous treatment formulae were retrieved from TCMSP, with core targets screened using machine learning algorithms such as Random Forest, Support Vector Machine, and XGBoost. A myocarditis mouse model was established, and single-cell RNA sequencing technology was utilized to analyze dynamic changes and polarization characteristics of macrophage subpopulations. Spatial transcriptomics technology was employed to map the spatial distribution patterns of key molecules in myocardial tissue. Western blot, immunofluorescence, and qRT-PCR were used to validate expression changes in the TEAD2/PKM2 signaling pathway. Metabolomics and proteomics technologies were applied to comprehensively analyze the multi-target regulatory network of the Xin-Pi simultaneous treatment formula. The drug nanodelivery system demonstrated superior pharmacokinetic profiles with 3.5-fold increased cardiac tissue accumulation compared to free drug formulation (P<0.001). Nanoparticles showed preferential uptake by inflammatory macrophages in the myocardial infarct border zone, achieving 4.2-fold higher intracellular drug concentration than non-targeted nanoparticles. Machine learning models successfully identified 68 core targets, with TEAD2, PKM2, TNF-α, and IL-1β ranking at the forefront, achieving a prediction accuracy of 92.3%. Single-cell sequencing analysis revealed seven macrophage subpopulations in myocarditis tissue. Following nano-formulated Xin-Pi formula intervention, the proportion of M1-type pro-inflammatory macrophages significantly decreased (from 42.6% to 18.3%, P<0.001), while M2-type anti-inflammatory macrophages significantly increased (from 15.7% to 38.9%, P<0.001). Spatial transcriptomics analysis identified six functional regions in myocardial tissue. Molecular mechanism studies demonstrated that the nano-formulated Xin-Pi formula significantly upregulated TEAD2 expression (3.6-fold, P<0.001) and downregulated PKM2 expression (0.28-fold, P<0.001). Metabolomics analysis identified 32 differential metabolites and proteomics identified 156 differentially expressed proteins. This study provides the first systematic elucidation of the molecular mechanisms by which Xin-Pi simultaneous treatment formula, delivered via advanced nanocarrier systems, repairs myocarditis injury through regulating macrophage M1/M2 polarization balance and the TEAD2/PKM2 metabolic reprogramming network. The findings provide preclinical mechanistic evidence supporting future translational investigation; validation in human cohorts and clinical trials is required before clinical translation can be claimed.",SLAS technology,SLAS Technol,2026,,,100433,,,eng,Journal Article,Zhang Y;Wu S;Xu T;Wang W;Wen Y;Wang J;Wang Y;Pan J,Zhang Yunrui;Wu Songsong;Xu Te;Wang Weiwei;Wen Yudan;Wang Junjie;Wang Yongguang;Pan Jiaxi,"Department of Cardiology, The Third Affiliated Hospital of Wenzhou Medical University, No.108 Wansong East Road, Ruian, Wenzhou, Zhejiang Province, 325200, China.;Department of Cardiology, The Third Affiliated Hospital of Wenzhou Medical University, No.108 Wansong East Road, Ruian, Wenzhou, Zhejiang Province, 325200, China.;Department of Cardiology, The Third Affiliated Hospital of Wenzhou Medical University, No.108 Wansong East Road, Ruian, Wenzhou, Zhejiang Province, 325200, China.;Department of Cardiology, The Third Affiliated Hospital of Wenzhou Medical University, No.108 Wansong East Road, Ruian, Wenzhou, Zhejiang Province, 325200, China.;Department of Cardiology, The Third Affiliated Hospital of Wenzhou Medical University, No.108 Wansong East Road, Ruian, Wenzhou, Zhejiang Province, 325200, China.;Department of Cardiology, The Third Affiliated Hospital of Wenzhou Medical University, No.108 Wansong East Road, Ruian, Wenzhou, Zhejiang Province, 325200, China.;Department of Cardiology, The Third Affiliated Hospital of Wenzhou Medical University, No.108 Wansong East Road, Ruian, Wenzhou, Zhejiang Province, 325200, China.;Department of Cardiology, The Third Affiliated Hospital of Wenzhou Medical University, No.108 Wansong East Road, Ruian, Wenzhou, Zhejiang Province, 325200, China. Electronic address: pjx19821213@163.com.",Drug nanodelivery systems;Machine learning;Macrophage polarization;Myocarditis;Nanomedicine;Single-cell sequencing;Spatial transcriptomics;TEAD2/PKM2;Xin-Pi simultaneous treatment,,,,PUBMED,,0,,"Zhang Y, 2026, SLAS Technol","Zhang Y, 2026, SLAS Technol"
42148036,"Ferroptosis and futile recanalization after mechanical thrombectomy in acute ischemic stroke: mechanisms, risk factors, predictive models and therapeutic interventions.","Acute ischemic stroke (AIS) remains a leading cause of mortality and long-term disability worldwide. Endovascular mechanical thrombectomy (EVT) has revolutionized stroke treatment by enabling rapid recanalization of occluded cerebral vessels. However, a significant proportion of patients experience futile recanalization, where successful vessel reopening fails to translate into favorable functional outcomes. Emerging evidence highlights ferroptosis, a regulated form of cell death driven by iron-dependent lipid peroxidation, as a critical mechanism contributing to neuronal damage in ischemic stroke, particularly during reperfusion injury. This comprehensive review examines the intricate relationship between ferroptosis and futile recanalization following mechanical thrombectomy. We systematically explore the molecular mechanisms underlying ferroptosis in the context of cerebral ischemia-reperfusion injury, including iron metabolism dysregulation, lipid peroxidation cascades, glutathione depletion, and mitochondrial dysfunction. Multiple factors contribute to futile recanalization, including patient demographics (age, comorbidities), stroke characteristics (severity, infarct volume, collateral status), procedural variables (time to treatment, recanalization quality), and post-procedural complications (hemorrhagic transformation, reperfusion injury). We review current predictive models, including nomograms and machine learning algorithms, that integrate clinical, radiological, and biomarker data to stratify patient risk. Importantly, we discuss potential therapeutic interventions targeting ferroptosis pathways, such as iron chelators, lipophilic antioxidants, and ferroptosis-specific inhibitors. The integration of ferroptosis biomarkers into predictive models may enhance risk stratification and guide personalized treatment strategies. Future research should focus on validating ferroptosis-targeted therapies in clinical trials, developing real-time monitoring techniques, and establishing standardized protocols for neuroprotective interventions during mechanical thrombectomy. A deeper understanding of ferroptosis mechanisms and their contribution to futile recanalization may pave the way for novel therapeutic approaches to improve stroke outcomes.","Experimental biology and medicine (Maywood, N.J.)",Exp Biol Med (Maywood),2026,251,,10997,,,eng,Journal Article; Review,Wu Y;Zhang C;Peng Y;Liu L,Wu Yuexin;Zhang Cuiying;Peng Yangyang;Liu Longlong,"Emergency Department, Binzhou People's Hospital, Binzhou, Shandong, China.;Emergency Department, Binzhou People's Hospital, Binzhou, Shandong, China.;Emergency Department, Binzhou People's Hospital, Binzhou, Shandong, China.;Emergency Department, Binzhou People's Hospital, Binzhou, Shandong, China.",acute ischemic stroke;ferroptosis;futile recanalization;iron metabolism;mechanical thrombectomy,Humans;Ferroptosis;Ischemic Stroke;Thrombectomy;Risk Factors;Reperfusion Injury;Animals,,,PUBMED,,0,,"Wu Y, 2026, Exp Biol Med (Maywood)","Wu Y, 2026, Exp Biol Med (Maywood)"
42145637,Toward Early Diagnosis and Therapeutic Discovery in CLN3 Disease: A Computational Biomarker Discovery Framework.,"CLN3 disease, also known as juvenile neuronal ceroid lipofuscinosis, is a rare and neurodegenerative disorder characterized by the accumulation of lipopigments in the cells, progressive cognitive decline, seizures, and vision loss. Biomarker discovery in CLN3 disease is essential for enabling early and accurate diagnosis, which is critical given its neurodegenerative course. Biomarkers provide objective measures to track disease progression, stratify patients, and serve as surrogate endpoints in clinical trials, thereby accelerating therapeutic development. They also offer valuable insights into underlying disease mechanisms and treatment response, ultimately advancing individualized medicine and improving clinical outcomes. We developed various machine learning models to predict potential protein biomarkers in CLN3 disease using proteomics data and laboratory tests collected from participants in a prospective, observational cohort. To prioritize and evaluate these candidates, we conducted protein-protein interaction (PPI) network analysis and pathway enrichment, ranking proteins based on their topological importance. The top 20 proteins were selected as candidate biomarkers and corroborated using a publicly available CLN3 transcriptomic dataset. Receiver operating characteristic (ROC) curve analysis was performed to assess the discriminative power of each candidate, with AUROC values calculated to quantify their classification performance. Our computational approach identified six promising biomarker candidates: OSM, IL6R, LMNB1, HIF1A, NPM1, and CSF1. Among them, OSM and HIF1A showed marked differential expression in CLN3 patients, particularly those with slow disease progression. LMNB1 expression was elevated in patients with faster disease progression, suggesting its utility as a prognostic biomarker. These findings highlight the robustness of our biomarker selection, indicating that these six genes may serve as effective diagnostic markers for CLN3 disease. Our findings demonstrate the utility of data-driven approaches for biomarker discovery in CLN3 and offer new insights into the molecular mechanisms of the disease, with broader implications for improving diagnosis and prognosis in other rare diseases.",medRxiv : the preprint server for health sciences,medRxiv,2026,,,,,,eng,Journal Article; Preprint,Sun S;Dang Do AN;Thurm A;Soldatos A;Zhu Q,Sun Shixue;Dang Do An N;Thurm Audrey;Soldatos Ariane;Zhu Qian,,,,,,PUBMED,,0,,"Sun S, 2026, medRxiv","Sun S, 2026, medRxiv"
42144529,Clinical Trials and Translational Advances in Metabolic Targeting.,"Targeting metabolic pathways provides novel therapeutic prospects as metabolic reprogramming is becoming more widely recognized as a characteristic of a variety of disorders. Despite preclinical research and clinical trials demonstrating the potential of metabolic treatments, the complicated nature and flexibility of cellular metabolic networks prevent their advancement into effective treatments. Compared to conventional methods, metabolism-based treatment may be able to interfere with important functions in diseased cells and their surroundings, allowing for more individualized and accurate treatments. However, there are still challenges associated with overcoming variability and resistance, which highlights the necessity of advanced single-cell analysis methods. Personalizing metabolic therapies and optimizing treatment plans for individual patients are becoming feasible with the integration of artificial intelligence (AI) and machine learning (ML). Furthermore, patient stratification depends significantly on the application of metabolomics and advanced imaging methods, which allow for a more accurate decision of treatment modalities. This chapter provides a comprehensive overview of recent clinical trials and translational advancements in metabolic targeting, with a focus on small-molecule inhibitors and multi-omics technologies. New developments in metabolic research, from mechanistic understanding to clinical applications, are transforming the biomedical treatment while offering novel opportunities for disease management rather than traditional approaches.",Cancer treatment and research,Cancer Treat Res,2026,195,,249,266,,eng,Journal Article; Review,Vengateswaran HT;Habeeb M;You HW;Raveendran C,Vengateswaran Hariharan Thirumalai;Habeeb Mohammad;You Huay Woon;Raveendran Ciniraj,"Department of Pharmaceutics, Crescent School of Pharmacy, B.S. Abdur Rahman Crescent Institute of Science and Technology, Chennai, India.;Department of Pharmaceutics, Crescent School of Pharmacy, B.S. Abdur Rahman Crescent Institute of Science and Technology, Chennai, India.;Pusat PERMATA@Pintar Negara, Universiti Kebangsaan Malaysia, Bangi, Malaysia.;Department of Radiation Oncology, Government Medical College Thiruvananthapuram, Thiruvananthapuram, India.",Artificial intelligence;Cancer;Clinical trials;Metabolomics,"Humans;Clinical Trials as Topic;Translational Research, Biomedical;Neoplasms;Metabolomics;Molecular Targeted Therapy;Metabolic Networks and Pathways;Precision Medicine",,,PUBMED,,0,,"Vengateswaran HT, 2026, Cancer Treat Res","Vengateswaran HT, 2026, Cancer Treat Res"
42143746,Reappraisal of Goal-Directed Medical Therapy in Diabetic Kidney Disease: Beyond the Quadruple Therapy Paradigm.,"Diabetic kidney disease (DKD) affects 40% of individuals with diabetes and is the leading cause of chronic kidney disease worldwide. While the KDIGO guidelines have established quadruple therapy comprising renin-angiotensin system inhibitors, SGLT2 inhibitors, GLP-1 receptor agonists, and mineralocorticoid receptor antagonists as the cornerstone of DKD management, substantial phenotypic and molecular heterogeneity among patients limits the efficacy of standardized protocols. Emerging evidence highlights distinct DKD subtypes defined by inflammatory, metabolic, fibrotic, and vascular pathobiological pathways, which may warrant tailored therapeutic strategies. Novel biomarkers, including tubular injury markers, inflammatory mediators, and genetic variants such as APOL1, offer opportunities for phenotype-driven treatment. Multi-omic integration, encompassing genomics, transcriptomics, proteomics, and metabolomics, combined with machine learning algorithms, enables the identification of treatment-responsive phenotypes and supports clinical decision-making. Emerging therapeutic targets, including complement system inhibitors, ketone metabolism modulators, and JAK-STAT pathway inhibitors, have further expanded the precision medicine landscape in DKD management. Implementation challenges include biomarker standardization, healthcare infrastructure requirements, cost-effectiveness, regulatory validation, and equitable access to diverse populations. Addressing these barriers through multidisciplinary collaboration, point-of-care diagnostics, and inclusive clinical trials is essential for personalized DKD management. Goal-directed personalized DKD management represents a transformative paradigm with the potential to optimize outcomes, minimize adverse effects, and reduce long-term healthcare costs.",Giornale italiano di nefrologia : organo ufficiale della Societa italiana di nefrologia,G Ital Nefrol,2026,43,2,,,,eng,Journal Article; Review,Mathew GG,Mathew Gerry George,SRM Medical College Hospital and Research Centre.,"Biomarkers;Diabetic kidney disease, Precision medicine;Goal-directed therapy;Multi-omics","Humans;Diabetic Nephropathies;Biomarkers;Precision Medicine;Sodium-Glucose Transporter 2 Inhibitors;Glucagon-Like Peptide-1 Receptor Agonists;Practice Guidelines as Topic;Drug Therapy, Combination;Mineralocorticoid Receptor Antagonists",,,PUBMED,,0,,"Mathew GG, 2026, G Ital Nefrol","Mathew GG, 2026, G Ital Nefrol"
42142468,Advances in artificial intelligence for predictive toxicology: From QSAR and omics integration to clinical safety translation.,"The benefit of predictive toxicology strategies utilized in drug discovery to predict possible early-stage side effects. Common methods can be performed in vitro or in vivo and are lengthy, expensive, and often poorly correlated with human responses. High attrition rates in clinical trials caused by unexpected off-target toxicities have complicated drug discovery efforts and necessitate the improvement of models. Machine learning (ML), deep learning, and artificial intelligence (AI) are being used to redefine predictive toxicology. With the use of AI technologies, it is more efficient to mine big data and uncover complex associations, which is more feasible to address safety concerns and perform toxicity studies on a broader array of biological platforms. In this review, we have focused on AI, drug safety, efficacy prediction, and clinical translation. This explains how AI models are applicable to early toxicity detection, adverse drug reaction (ADR) prediction, and safer drugs. It is anticipated that the inclusion of explainable AI (XAI) may improve the transparency and credibility of the models. In addition, the rise of digital twins and in silico human models can transform regulation and reduce reliance on traditional animal studies, while still enabling personalization in drug discovery.",Computational biology and chemistry,Comput Biol Chem,2026,124,Pt 1,109120,,,eng,Journal Article; Review,Wal P;Dwivedi J;Pandey K;Sharma KK;Tiwari M;Ali MS;Khan A;Gasmi A,Wal Pranay;Dwivedi Jyotsana;Pandey Kanika;Sharma Krishana Kumar;Tiwari Mohit;Ali Md Sajid;Khan Abida;Gasmi Amin,"PSIT, Pranveer Singh Institute of Technology (Pharmacy), Kanpur, India.;PSIT, Pranveer Singh Institute of Technology (Pharmacy), Kanpur, India. Electronic address: dwivedijyotsana2010@gmail.com.;PSIT, Pranveer Singh Institute of Technology (Pharmacy), Kanpur, India.;Teerthanker Mahaveer College of Pharmacy, Teerthanker Mahaveer University, Moradabad, India.;Department of Computer Science and Engineering, Bharati Vidyapeeth's College of Engineering, Delhi, India.;Department of Pharmaceutics, College of Pharmacy, Jazan University, Jazan,Saudi Arabia.;Center for Health Research, Northern Border University, Arar, Saudi Arabia.;Société Francophone de Nutrithérapie et de Nutrigénétique Appliquée, Villeurbanne, France; International Institute of Nutrition and Micronutrition Sciences, Saint-Étienne, France.",Artificial Intelligence;Drug Safety;Explainable AI;Machine Learning;Pharmacovigilance;Predictive Toxicology,,,,PUBMED,,0,,"Wal P, 2026, Comput Biol Chem","Wal P, 2026, Comput Biol Chem"
42142271,An interpretable PET/CT-based radiomic-clinical model for predicting bone marrow involvement in follicular lymphoma: comparison of pelvic and spine-pelvis VOI frameworks.,"To investigate the feasibility of non-invasively identifying bone marrow involvement (BMI) in follicular lymphoma (FL) using baseline This retrospective study included 187 patients with newly diagnosed FL, 93 of whom had BMI. Based on baseline Compared with the non-BMI group, the BMI group was more likely to present with widespread regional lymph node involvement, B symptoms, larger lymph node lesions, as well as lower Hb, higher LDH, lower Apo A, lower eGFR, and higher β2-MG levels (all P < 0.05). Under both VOI frameworks, the BMI group exhibited higher bone marrow FDG uptake intensity and metabolic burden, as reflected by higher values of conventional PET/CT features, including SUVmean, Standard Deviation (PET), RMS, 25th Percentile Value, Median, 75th Percentile Value, TLG, Glycolysis Q2-Q4, SAM, and SUVpeak (all P < 0.05). Multivariate logistic regression analysis indicated that regional lymph node involvement and β2-MG consistently remained independent predictors across both VOI frameworks, whereas SUVmean retained statistical significance only within the pelvic VOI framework. A comparison of six modelling schemes revealed that the scheme integrating the spine-pelvis VOI framework with clinical features, conventional imaging features, and radiomic features performed best. Under this scheme, the GBM model achieved the best overall performance on the independent validation set (AUC = 0.906, Accuracy = 0.877, Precision = 0.926, Sensitivity = 0.833, Specificity = 0.926, F1 score = 0.877). SHAP analysis revealed that, in addition to LNr (≥ 5) and β2-MG, first-order statistical features such as PET-Orig-FO-IQR, as well as texture features derived from wavelet/LBP transformations-including PET-Wav-HLL-NGTDM-Strength, PET-Wav-HLL-GLRLM-SRHGLE, CT-LBP3D-m1-GLCM-MCC, and PET-LBP3D-m2-GLSZM-SAHGLE-also made significant contributions. These findings suggest that BMI-associated imaging phenotypes are characterised not only by increased bone marrow metabolism but also by remodelling of the grey-level distribution and spatial heterogeneity within the bone marrow. Bone marrow involvement in follicular lymphoma is associated with higher tumour burden and altered metabolic heterogeneity within the bone marrow. A PET/CT-based radiomic-clinical model showed good performance for non-invasive BMI prediction, and the spine-pelvis VOI framework outperformed the pelvic VOI framework alone. The final GBM model may provide a feasible imaging biomarker for complementary baseline assessment of BMI in FL.",European journal of nuclear medicine and molecular imaging,Eur J Nucl Med Mol Imaging,2026,,,,,,eng,Journal Article,Li SC;Xu YP;He F;Chen QL;Li AM;Fan X;He J,Li Shao-Chun;Xu Yun-Peng;He Fen;Chen Qiao-Liang;Li Ai-Mei;Fan Xin;He Jian,"Department of Nuclear Medicine, Nanjing Drum Tower Hospital, Affiliated Hospital of Medical School, Nanjing University, No. 321 Zhongshan Road, Nanjing, 210008, Jiangsu Province, China.;National Institute of Healthcare Data Science, Nanjing University, Nanjing, 210008, Jiangsu Province, China.;Department of Nuclear Medicine, Nanjing Drum Tower Hospital, Affiliated Hospital of Medical School, Nanjing University, No. 321 Zhongshan Road, Nanjing, 210008, Jiangsu Province, China.;Department of Nuclear Medicine, Nanjing Drum Tower Hospital, Affiliated Hospital of Medical School, Nanjing University, No. 321 Zhongshan Road, Nanjing, 210008, Jiangsu Province, China.;Department of Nuclear Medicine, Nanjing Drum Tower Hospital, Affiliated Hospital of Medical School, Nanjing University, No. 321 Zhongshan Road, Nanjing, 210008, Jiangsu Province, China.;Department of Nuclear Medicine, Nanjing Drum Tower Hospital, Affiliated Hospital of Medical School, Nanjing University, No. 321 Zhongshan Road, Nanjing, 210008, Jiangsu Province, China. fanxindora@163.com.;Department of Nuclear Medicine, Nanjing Drum Tower Hospital, Affiliated Hospital of Medical School, Nanjing University, No. 321 Zhongshan Road, Nanjing, 210008, Jiangsu Province, China. hjxueren@126.com.",18F-FDG PET/CT;Bone marrow involvement;Follicular lymphoma;Interpretability;Machine learning;Radiomics,,,2021-LCYJ-MS-11; 2024-JCYJ-QP-15,PUBMED,,0,,"Li SC, 2026, Eur J Nucl Med Mol Imaging","Li SC, 2026, Eur J Nucl Med Mol Imaging"
42141354,Machine-Learning-Based Prediction of Long-Term Efficacy of Nemolizumab: Post Hoc Analysis of Pooled Data from Two Phase III Clinical Trials.,"Nemolizumab is a humanized monoclonal antibody that specifically inhibits the receptor for interleukin-31, the major pruritogen in atopic dermatitis (AD). While the patient profile associated with the early therapeutic response to nemolizumab in AD has been increasingly delineated, the characteristics of patients who benefit from long-term nemolizumab therapy remain unclear. This study aimed to identify early clinical features predicting long-term improvement in pruritus Visual Analog Scale (VAS) score among patients receiving nemolizumab. This study included patients participating in two Japanese clinical trials (JP01 and JP02) who did not achieve a 50% improvement in pruritus VAS score (VAS50) at week 16 after initiation of nemolizumab treatment. Patients who achieved VAS50 at week 52 were classified as responders, and those who did not were nonresponders. A machine-learning decision tree model was developed using 213 candidate variables. Model performance was evaluated using the F Among 118 eligible patients, the final model achieved an F Machine-learning identified straightforward and clinically applicable predictors of long-term nemolizumab efficacy in patients who did not have early VAS improvement. These findings may support decision-making for treatment continuation beyond week 16. JapicCTI-173740 (JP01), and JapicCTI-183894 (JP02).",Dermatology and therapy,Dermatol Ther (Heidelb),2026,,,,,,eng,Journal Article,Kawashima M;Maeda T;Iwasaki K;Takizawa M;Kaneda N;Kabashima K,Kawashima Makoto;Maeda Tomoya;Iwasaki Kotaro;Takizawa Masashi;Kaneda Noriaki;Kabashima Kenji,"Department of Dermatology, Tokyo Women's Medical University, Tokyo, Japan.;Kyoto R&D Center, Maruho Co., Ltd., Kyoto Research Park #5 Bldg., 93 Chudoji Awatacho, Shimogyo-ku, Kyoto, 600-8815, Japan. maeda_ewv@mii.maruho.co.jp.;Kyoto R&D Center, Maruho Co., Ltd., Kyoto Research Park #5 Bldg., 93 Chudoji Awatacho, Shimogyo-ku, Kyoto, 600-8815, Japan.;Medical Affairs Department, Maruho Co., Ltd., Osaka, Japan.;Kyoto R&D Center, Maruho Co., Ltd., Kyoto Research Park #5 Bldg., 93 Chudoji Awatacho, Shimogyo-ku, Kyoto, 600-8815, Japan.;Medical Affairs Department, Maruho Co., Ltd., Osaka, Japan.;Department of Dermatology, Graduate School of Medicine, Kyoto University, Kyoto, Japan.;A*STAR Skin Research Labs (A*SRL), Skin Research Institute of Singapore (SRIS), and Singapore Immunology Network (SIgN), Agency for Science, Technology and Research (A*STAR), 8A Biomedical Grove, Singapore, Singapore.",Atopic dermatitis;IL-31;Machine learning;Nemolizumab;Post hoc analysis,,,,PUBMED,,0,,"Kawashima M, 2026, Dermatol Ther (Heidelb)","Kawashima M, 2026, Dermatol Ther (Heidelb)"
42138622,Exploring the Lung-Liver Axis in Pulmonary Arterial Hypertension.,"The liver's contribution to pulmonary arterial hypertension (PAH) pathogenesis remains unclear. We hypothesized that the liver promotes inflammatory injury to the pulmonary endothelium. PAH patients without liver disease with pulmonary artery endothelial cell (PAEC) biopsies were included. Unsupervised CART analysis of liver serologies identified subclinical dysfunction clusters; machine-learning models informed differential expression and protein-protein interaction network assembly. PAEC transcriptomes were compared to liver and lung data from monocrotaline and Sugen-Hypoxia rats. Liver fibrosis was assessed in rat and human PAH livers. Among 25 PAH patients (76% female, median age 61 [30-84] years), CART identified clusters distinguished by Model for End-Stage Liver Disease Sodium (MELD-Na) ≥ 12, which was associated with higher Fibrosis-4 scores and higher pulmonary vascular resistance (ß = 0.5 Wood units per point increase in MELD-Na, 95% CI 0.2-0.8, p = 0.005) after adjustment for right atrial pressure. Subjects with MELD-Na ≥ 12 had decreased 6-min walk distance (353 [120-576] m vs. 411 [300-600] m, p = 0.03). In comparing the two clusters, a protein-protein interaction network analysis identified IL-6 as the primary hub of a transcriptional module enriched for leukocyte chemotaxis and myeloid leukocyte migration (all FDR < 0.05) among the High-MELD-Na group. Rat livers demonstrated immune activation and a trend toward increased fibrosis (20.8 vs. 16.6% area stained, p = 0.09), and human PAH livers without liver disease showed an intermediate fibrotic phenotype between controls and portopulmonary hypertension, though this did not reach statistical significance. Our observations support a lung-liver axis in PAH even in the absence of liver disease, warranting further study.",Comprehensive Physiology,Compr Physiol,2026,16,3,e70171,,,eng,Journal Article,Singh N;Lawson J;Ragavendran A;Banerjee S;Hon A;Vega A;Hong J;Mullin CJ;Pereira M;Sherman-Roe A;Jorrin AT;Cayton T;Fishbein G;Klinger JR;Oldham WM;Wang RS;Dai Z;Fallon M;Harrington EO;Liang OD;Umar S;Ventetuolo CE,Singh Navneet;Lawson Jordan;Ragavendran Ashok;Banerjee Somanshu;Hon Andy;Vega Alejandro;Hong Jason;Mullin Christopher J;Pereira Mandy;Sherman-Roe Allyson;Jorrin Alexander T;Cayton Tiffaney;Fishbein Gregory;Klinger James R;Oldham William M;Wang Rui-Sheng;Dai Zhiyu;Fallon Michael;Harrington Elizabeth O;Liang Olin D;Umar Soban;Ventetuolo Corey E,"Department of Medicine, The Warren Alpert School of Medicine at Brown University, Providence, Rhode Island, USA.;Center for Advanced Lung Care, Brown University Health, Providence, Rhode Island, USA.;COBRE Center for Computational Biology of Human Disease, Brown University, Providence, Rhode Island, USA.;COBRE Center for Computational Biology of Human Disease, Brown University, Providence, Rhode Island, USA.;Department of Anesthesiology, University of California, Los Angeles, California, USA.;Department of Anesthesiology, University of California, Los Angeles, California, USA.;Department of Anesthesiology, University of California, Los Angeles, California, USA.;Department of Medicine, University of California, Los Angeles, California, USA.;Department of Medicine, The Warren Alpert School of Medicine at Brown University, Providence, Rhode Island, USA.;Center for Advanced Lung Care, Brown University Health, Providence, Rhode Island, USA.;Brown University Health, Providence, Rhode Island, USA.;Brown University Health, Providence, Rhode Island, USA.;Center for Advanced Lung Care, Brown University Health, Providence, Rhode Island, USA.;Center for Advanced Lung Care, Brown University Health, Providence, Rhode Island, USA.;Department of Pathology, University of California, Los Angeles, California, USA.;Department of Medicine, The Warren Alpert School of Medicine at Brown University, Providence, Rhode Island, USA.;Center for Advanced Lung Care, Brown University Health, Providence, Rhode Island, USA.;Department of Medicine, The Warren Alpert School of Medicine at Brown University, Providence, Rhode Island, USA.;Center for Advanced Lung Care, Brown University Health, Providence, Rhode Island, USA.;Department of Medicine, Brigham and Women's Hospital, Boston, Massachusetts, USA.;Division of Pulmonary and Critical Care Medicine, Washington University School of Medicine, St. Louis, Missouri, USA.;Department of Medicine, Arizona College of Medicine - Phoenix, Phoenix, Arizona, USA.;Department of Medicine, The Warren Alpert School of Medicine at Brown University, Providence, Rhode Island, USA.;Division of Biology and Medicine, Brown University, Providence, Rhode Island, USA.;Department of Medicine, The Warren Alpert School of Medicine at Brown University, Providence, Rhode Island, USA.;Department of Anesthesiology, University of California, Los Angeles, California, USA.;Department of Medicine, The Warren Alpert School of Medicine at Brown University, Providence, Rhode Island, USA.;Center for Advanced Lung Care, Brown University Health, Providence, Rhode Island, USA.;Department of Health Services, Policy and Practice, Brown University, Providence, Rhode Island, USA.",Sugen‐hypoxia;endothelial cell;hepatic fibrosis;hepatic growth factor;model for end stage liver disease;pulmonary arterial hypertension;pulmonary vascular inflammation,"Humans;Animals;Female;Male;Middle Aged;Aged;Rats;Pulmonary Arterial Hypertension;Liver;Adult;Lung;Aged, 80 and over;Liver Cirrhosis;Endothelial Cells",,R01-HL141268; R01-HL174007; U54-GM115677-S9; R01-HL158841; R01-HL161038; P20-GM103652; T32-HL134625; K08-HL169982; 24IPA1275127; 24CDA1274310,PUBMED,,0,,"Singh N, 2026, Compr Physiol","Singh N, 2026, Compr Physiol"
42135719,Beyond data and technology: the need for new thinking to enable the era of precision prevention.,"Global flagship initiatives increasingly advocate for proactive health maintenance to alleviate the growing burden on reactive, disease-focused healthcare systems. Precision prevention is conceived as the targeted modulation of causal pathways across the disease continuum, from latent risk and pre-disease states to clinical manifestation, surpassing conventional public health prevention strategies that prioritise managing population-level risk factors. Traditional discovery and implementation models, however, remain poorly aligned with the pace and breadth of scientific and technological advances. This review outlines key barriers to scaling precision prevention and argues for the integration of conceptual, methodological, and policy perspectives into a single implementation‑oriented framework. MAIN: Individualised risk stratification lies at the core of precision prevention. Genomics serves as a stable substrate for lifetime susceptibility assessment, while meaningful prediction in multifactorial chronic disease requires additional risk monitoring using dynamic intermediate molecular markers and high-resolution exposomic data. Machine learning and other artificial intelligence (AI) methods are increasingly helpful tools for integrating large, heterogeneous and temporally structured real-world data to generate personalised predictions of health trajectories. Trustworthy AI-enabled risk prediction or decision-support systems are expected to provide transparency about model logic, assumptions and performance. In discovery, existing diagnostic classifications and conventional case-control designs can obscure mechanistic heterogeneity. Shifting toward precision phenotyping and biologically grounded disease redefinition could reveal a new layer of molecular understanding. Evidence generation strategies that reflect the temporal change of disease, including high‑risk enrichment, surrogate endpoints, and adaptive, trajectory-based monitoring, are particularly important for common conditions with prolonged latency periods (e.g., cancer, cardiovascular disease). Features often dismissed as ""noise"", such as stochastic molecular variation and minimal exposures, may in fact encode meaningful individual-level signals and thus merit investigation. To shift healthcare from reactive treatment toward proactive health maintenance requires coordinated action from stakeholders to reshape the pillars of discovery, reform outcome assessments and modernise implementation strategies.",BMC medicine,BMC Med,2026,,,,,,eng,Journal Article; Review,Tsakiroglou M;Harish P;Hemingway H;Blagden SP;Gardner S;O'Connor D;Rentsch CT;Ford G;Saoulidis A;Maclean RH;Denniston AK;Pirmohamed M,Tsakiroglou Maria;Harish Pradeep;Hemingway Harry;Blagden Sarah P;Gardner Steve;O'Connor Dan;Rentsch Christopher T;Ford Grace;Saoulidis Aris;Maclean Rory H;Denniston Alastair K;Pirmohamed Munir,"Department of Pharmacology and Therapeutics, Institute of Systems Molecular and Integrative Biology, University of Liverpool, Liverpool, UK. mtsak@liverpool.ac.uk.;Department of Pharmacology and Therapeutics, Institute of Systems Molecular and Integrative Biology, University of Liverpool, Liverpool, UK.;Institute of Health Informatics, University College London, London, UK.;Oncology Clinical Trials Office (OCTO), Department of Oncology, University of Oxford, Oxford, UK.;PrecisionLife Ltd, Oxford, UK.;ABPI, London, UK.;Faculty of Epidemiology and Population Health, London School of Hygiene & Tropical Medicine, London, UK.;Innovate UK, London, UK.;Inpatient Pharmacy, Addenbrookes Hospital, Cambridge University Hospitals NHS Foundation Trust, Cambridge, UK.;Centre for Rheumatology, Royal Free Campus, Division of Medicine, University College London, London, UK.;Academic Unit of Ophthalmology Institute of Inflammation and Ageing, University of Birmingham, Birmingham, UK.;Department of Pharmacology and Therapeutics, Institute of Systems Molecular and Integrative Biology, University of Liverpool, Liverpool, UK.",AI;Future healthcare;Genomics;Precision;Prevention;Risk stratification,,,,PUBMED,,0,,"Tsakiroglou M, 2026, BMC Med","Tsakiroglou M, 2026, BMC Med"
42133919,A Natural Language Processing Framework for Structuring and Visualizing Clinical Trial Eligibility Criteria at Scale: Protocol for a Quantitative Study.,"Eligibility criteria are essential to clinical trial design, guiding recruitment, and ensuring patient safety and scientific rigor. However, criteria are often lengthy, heterogeneous, and inconsistently formatted, which hinders large-scale interpretation and slows patient-trial matching. Manual review is time-consuming and error-prone. Advances in natural language processing and large language models (LLMs) offer opportunities to standardize and analyze eligibility text at scale. This study aims to develop and evaluate a scalable system that uses LLM-enabled natural language processing and unsupervised learning to identify, normalize, categorize, and visualize clinical trial eligibility criteria, with the goal of improving patient-trial matching and revealing domain-level trends. We designed a three-part pipeline: (1) representation of eligibility text using embeddings, followed by clustering to group semantically similar criteria; (2) dual-layer zero-shot LLM summarization for concept normalization, refinement, and deduplication of cluster exemplars; and (3) an interactive, web-based visualization interface to explore criteria distributions and trends by disease domain and over time. The pipeline was applied to 53,872 oncology trials (breast, lung, and gastrointestinal cancer) indexed on ClinicalTrials.gov. Outputs include cluster labels, normalized criterion summaries, and per-domain frequency profiles. Feasibility was assessed via successful end-to-end processing and inspection of face validity for cluster coherence and domain-specific patterns. The system successfully processed all 53,872 trials and generated stable clusters of inclusion and exclusion concepts. The LLM summarization layers produced concise, nonredundant labels that improved the interpretability of clustered criteria. The visualization interface enabled rapid exploration of cross-trial patterns and temporal trends within breast, lung, and gastrointestinal oncology, facilitating identification of common inclusion requirements and potential barriers to enrollment. A public, open-source demonstration instance allows for interactive exploration of these clusters and summaries. Benchmarking through human validation on a random sample of eligibility criteria found the system to be 94% (470/500) accurate, reflecting its ability to consistently categorize criteria correctly in congruence with human judgment. A combined embeddings-clustering-LLM pipeline can standardize heterogeneous eligibility text and surface domain-level patterns at scale. This framework provides a foundation for accelerating patient-trial matching and informing future trial design. While the current implementation was evaluated on ClinicalTrials.gov oncology trials, the approach is readily generalizable to additional diseases and alternative modeling configurations.",JMIR research protocols,JMIR Res Protoc,2026,15,,e86425,,,eng,Journal Article,Xie J;Parikh J;Liu J;Pandya S;Gong G,Xie Justin;Parikh Jeet;Liu Jessica;Pandya Sameer;Gong Guannan,"Yale College, Yale University, New Haven, CT, United States.;Yale College, Yale University, New Haven, CT, United States.;Yale Cancer Center, Yale School of Medicine, 333 Cedar Street, New Haven, CT, 06510, United States, 1 203-200-2328.;Department of Laboratory Medicine, Yale School of Medicine, New Haven, CT, United States.;Yale Cancer Center, Yale School of Medicine, 333 Cedar Street, New Haven, CT, 06510, United States, 1 203-200-2328.",breast neoplasms;clinical trials as topic;cluster analysis;data visualization;eligibility determination;gastrointestinal neoplasms;large language models;lung neoplasms;machine learning;natural language processing,Humans;Natural Language Processing;Clinical Trials as Topic;Patient Selection;Research Design,,,PUBMED,,0,,"Xie J, 2026, JMIR Res Protoc","Xie J, 2026, JMIR Res Protoc"
42133583,Efficient interaction analysis in randomized controlled trials.,"Identifying treatment-covariate interaction is an initial step toward revealing treatment effect heterogeneity and advancing precision medicine. However, when the covariate of interest is continuous, the definition of treatment-covariate interaction can be ambiguous or rely on questionable model assumptions. To tackle this challenge, we introduce a model-free framework for interaction analysis in randomized controlled trials, advocating the adoption of a clearly defined target parameter for interaction and thereby avoiding assumptions about the functional form of the data-generating mechanism. To ensure feasibility for most randomized controlled trials encountered in practice, we study interaction analysis under covariate-adaptive randomization, including simple and stratified randomization, and minimization methods. We observe that the usual method for interaction analysis can either exaggerate or understate uncertainty, leading to asymptotically conservative or anti-conservative results. We modify the usual method with a consistent variance estimator. Furthermore, by acknowledging the dependence structure of treatment assignment induced by covariate-adaptive randomization, we compute the semiparametric efficiency bound and introduce a novel semiparametric efficient method for analyzing our specified interaction effect. We demonstrate that our semiparametric efficient inference procedure, equipped with nonparametric and machine learning techniques for adjusting baseline covariate information, is both efficient and widely applicable.",Biometrics,Biometrics,2026,82,2,,,,eng,Journal Article,Zhang L;Ma W,Zhang Likun;Ma Wei,"Institute of Statistics and Big Data, Renmin University of China, Beijing 100872, China.;Institute of Statistics and Big Data, Renmin University of China, Beijing 100872, China.",machine learning;precision medicine;semiparametric efficiency bound;treatment effect heterogeneity;treatment-covariate interaction,"Randomized Controlled Trials as Topic;Humans;Computer Simulation;Machine Learning;Models, Statistical;Data Interpretation, Statistical;Biometry",,12571277,PUBMED,,0,,"Zhang L, 2026, Biometrics","Zhang L, 2026, Biometrics"
42133013,Remote smartphone-based spoken language screening predicts clinical markers in Huntington's disease.,"Assessment and monitoring of Huntington's disease (HD) symptoms remain limited to infrequent, clinic-based evaluations. We evaluated whether fully automated linguistic analysis of speech tasks recorded via smartphone can remotely capture core clinical markers of HD severity. In this cross-sectional multicenter study across Czech and German sites, 53 participants, including 30 HD (9 pre-symptomatic, 3 prodromal, and 18 manifest) and 23 healthy controls, completed a smartphone-based speech assessment, including spontaneous monologue and fairy tale retelling for 7 consecutive days. Recordings were automatically transcribed and analyzed using natural language processing to derive 3 lexical and 3 syntactic features. Predictive models for clinical outcomes based on the Unified Huntington's Disease Rating Scale and cognitive scales were built using multivariate linear regression with cross-validation. Linguistic features predicted HD severity across multiple domains with high predictive performance, explaining up to 57% of the variance in cognitive performance, 63% in motor impairment, and 59% in functional capacity. A median of 6 days for monologue and 3 for retelling was sufficient to reach 90% of maximal predictive performance. Compared to controls, HD participants showed reduced vocabulary range and increased phrase repetition in both tasks (p < 0.05), with additional monologue-specific deficits in sentence length (p = 0.018) and syntactic complexity (p = 0.004). Fully automated analysis of smartphone-based language assessment can remotely quantify cognitive, motor, and functional impairment in HD, offering a scalable, low-burden digital biomarker for clinical trials and decentralized monitoring.","Journal of neural transmission (Vienna, Austria : 1996)",J Neural Transm (Vienna),2026,,,,,,eng,Journal Article,Šubert M;Kouba T;Tykalová T;Klempířová O;Mühlbäck A;Klempíř J;Rusz J,Šubert Martin;Kouba Tomáš;Tykalová Tereza;Klempířová Olga;Mühlbäck Alzbeta;Klempíř Jiří;Rusz Jan,"Department of Circuit Theory, Faculty of Electrical Engineering, Czech Technical University in Prague, Technická 2, Praha 6, 160 00, Czech Republic.;Department of Circuit Theory, Faculty of Electrical Engineering, Czech Technical University in Prague, Technická 2, Praha 6, 160 00, Czech Republic.;Department of Circuit Theory, Faculty of Electrical Engineering, Czech Technical University in Prague, Technická 2, Praha 6, 160 00, Czech Republic.;Department of Neurology, Centre of Clinical Neuroscience, First Faculty of Medicine, Charles University and General University Hospital, Prague, Czech Republic.;Department of Neurology, Centre of Clinical Neuroscience, First Faculty of Medicine, Charles University and General University Hospital, Prague, Czech Republic.;Huntington Center South, kbo-isar-Amper-Klinikum, Taufkirchen (Vils), Germany.;Department of Neurology, University Hospital Ulm, Ulm University, Ulm, Germany.;Department of Neurology, Centre of Clinical Neuroscience, First Faculty of Medicine, Charles University and General University Hospital, Prague, Czech Republic.;Department of Circuit Theory, Faculty of Electrical Engineering, Czech Technical University in Prague, Technická 2, Praha 6, 160 00, Czech Republic. rusz.mz@gmail.com.;Department of Neurology, Centre of Clinical Neuroscience, First Faculty of Medicine, Charles University and General University Hospital, Prague, Czech Republic. rusz.mz@gmail.com.",Digital biomarker;Linguistic features;Machine learning;Natural language processing;Speech,,,,PUBMED,,0,,"Šubert M, 2026, J Neural Transm (Vienna)","Šubert M, 2026, J Neural Transm (Vienna)"
42131698,Development and evaluation of machine learning models for predicting significant liver fibrosis stages: A retrospective analysis.,"Advanced fibrosis (F2-F4) drives morbidity and mortality in metabolic dysfunction-associated steatotic liver disease (MASLD). Population-wide screening is impractical due to patient volume and health care costs. We hypothesized that machine learning (ML) algorithms trained on routine demographic and clinical data could identify patients at risk of significant fibrosis, reducing reliance on blood draws or transient elastography (TE). As part of the Liver Beware study, 4,193 patients prospectively underwent TE. Clinical and demographic data, such as age, BMI, race, diabetes, and hypertension, were collected immediately prior to elastography. Data were split into training (60%), validation (20%), and test (20%) sets. Six ML algorithms were evaluated: logistic regression, logistic regression with SMOTE, XGBoost, random forest, SVM, and ensemble voting classifier. Performance was assessed by accuracy, sensitivity, specificity, precision, and area under the curve (AUC). XGBoost had the most well-balanced test performance with 72.2% accuracy, 59.7% sensitivity, 73.4% specificity, 17.4% precision, and AUC of 0.72. Random forest had the highest accuracy (91.1%) but low sensitivity (1.4%). XGBoost identified obesity, diabetes, and hypertension as the leading predictors of risk of fibrosis. ML algorithms based on readily available demographic and clinical data can identify patients at high risk of fibrosis with acceptable accuracy. This scalable approach enables triaging for further testing such as TE, trading marginal AUC reduction for maximal accessibility compared with biomarker-dependent scores (eg, SAFE, Agile 4/3+). Implementation and cost-effectiveness studies are needed to refine referral thresholds and evaluate real-world impact.",Canadian liver journal,Can Liver J,2026,9,1,41,54,,eng,Journal Article,Tjandra NW;Di Fonzo DM;Wen T;Lau K;Rossetti Lin YC;Kwan P;Yoshida EM;Chahal D,Tjandra Nicholas W;Di Fonzo David Mp;Wen Tianyi;Lau Kirby;Rossetti Lin Yi Chun;Kwan Peter;Yoshida Eric M;Chahal Daljeet,"Department of Gastroenterology and Hepatology, University of British Columbia, Vancouver, British Columbia, Canada.;Faculty of Health Sciences, Simon Fraser University, Burnaby, British Columbia, Canada.;Department of Gastroenterology and Hepatology, University of British Columbia, Vancouver, British Columbia, Canada.;Department of Gastroenterology and Hepatology, University of British Columbia, Vancouver, British Columbia, Canada.;Department of Gastroenterology and Hepatology, University of British Columbia, Vancouver, British Columbia, Canada.;Department of Gastroenterology and Hepatology, University of British Columbia, Vancouver, British Columbia, Canada.;Department of Gastroenterology and Hepatology, University of British Columbia, Vancouver, British Columbia, Canada.;Department of Gastroenterology and Hepatology, University of British Columbia, Vancouver, British Columbia, Canada.;Department of Gastroenterology and Hepatology, University of British Columbia, Vancouver, British Columbia, Canada.",liver fibrosis;machine learning;metabolic dysfunction-associated steatotic liver disease (MASLD),,,,PUBMED,,0,,"Tjandra NW, 2026, Can Liver J","Tjandra NW, 2026, Can Liver J"
42130176,Antihypertensive Combinations Modify Cardiovascular Risk Factor Importance: A Machine Learning Analysis of the ACCOMPLISH Trial.,"Results from the ACCOMPLISH (Avoiding Cardiovascular Events through COMbination Therapy in Patients LIving with Systolic Hypertension) trial suggest that combining benazepril with amlodipine, rather than hydrochlorothiazide, provides superior cardiovascular protection potentially in a BP-independent manner. We employed random survival forest, a powerful machine learning approach, to compare the relative importance of risk factors (i.e., variable importance factor (VIF)), focusing on in-trial BP control for predicting the primary composite cardiovascular outcome in the 2 treatment limbs. Among the 6 risk factors with significantly different VIFs between treatments, all were lower under benazepril/amlodipine combination. The VIF for achieved systolic BP at 6-months was 35% lower in the benazepril/amlodipine (0.082) versus the benazepril/hydrochlorothiazide (0.126) limb. The fact that in-trial BP control was less important for preventing cardiovascular events during benazepril/amlodipine treatment provides novel support for our contention that this combination regimen provides a degree of clinically-relevant cardio-protective actions in a BP-independent manner.","Journal of clinical hypertension (Greenwich, Conn.)",J Clin Hypertens (Greenwich),2026,28,5,e70278,,,eng,Journal Article; Randomized Controlled Trial,Kaciroti N;Levy PD;Jamerson KA;Brook RD,Kaciroti Niko;Levy Phillip D;Jamerson Kenneth A;Brook Robert D,"Departments of Pediatrics and Biostatistics, University of Michigan, Ann Arbor, Michigan, USA.;Integrative Biosciences Center, Wayne State University, Detroit, Michigan, USA.;Department of Emergency Medicine, Wayne State University, Detroit, Michigan, USA.;Division of Cardiovascular Medicine, Department of Internal Medicine, University of Michigan, Ann Arbor, Michigan, USA.;Integrative Biosciences Center, Wayne State University, Detroit, Michigan, USA.;Division of Cardiovascular Disease, Department of Internal Medicine, Wayne State University, Detroit, Michigan, USA.",clinical trials;combination antihypertensive therapy;machine learning,"Humans;Amlodipine;Machine Learning;Hypertension;Antihypertensive Agents;Benzazepines;Male;Hydrochlorothiazide;Drug Therapy, Combination;Female;Middle Aged;Heart Disease Risk Factors;Cardiovascular Diseases;Blood Pressure;Aged;Risk Factors;Treatment Outcome",,P50 MD017351-01; AHA 878605,PUBMED,,0,,"Kaciroti N, 2026, J Clin Hypertens (Greenwich)","Kaciroti N, 2026, J Clin Hypertens (Greenwich)"
42129617,Adrenal gland dysfunction in males with cluster headache.,"Cluster headache is associated with compensated hypogonadism in males, suggesting impaired testicular steroidogenesis. It is unknown if adrenal steroidogenesis is dysregulated and how this is linked to cluster headache pathophysiology. We therefore aimed to define the adrenal steroid profile in cluster headache and define the differences between the phases of episodic cluster headache. We secondarily aimed to assess whether the steroid profile could distinguish between chronic cluster headache and episodic cluster headache. A prospective case-control study containing adult males with chronic cluster headache (n = 60), paired episodic cluster headache in and out of bout (n = 60) and healthy controls (n = 60). A fasted serum steroid profile for 16 steroid hormones was assessed via liquid chromatography tandem mass-spectrometry, assessing mineralocorticoids, glucocorticoids, and androgens. Explorative machine learning was used to segregate the cluster headache states. The mineralocorticoids 11-deoxycorticosterone (P < 0.05), corticosterone (P < 0.05) and aldosterone (P < 0.05) were lower in those with episodic cluster headache compared to controls. 11-deoxycorticosterone (P < 0.01), corticosterone (P < 0.01), and the glucocorticoids 11-deoxycortisol (P < 0.01) and cortisol (P < 0.05) and cortisol/DHEAS ratio (P < 0.001) are lower in episodic in bout compared to their paired remission state. Those with chronic cluster headache had lower concentrations of 17-OH pregnenolone (P < 0.05) and DHEAS (P < 0.001) and a higher cortisol/DHEAS ratio (P < 0.01). The steroid hormone profile distinguished between chronic and episodic cluster in bout with a specificity of 86% (95%CI: 69%-90%), sensitivity of 81% (95%CI: 73%-93%) and AUC of 0.92 (P < 0.0001). Attack frequency and time from last attack correlated with the degree of steroid dysfunction in episodic cluster headache but not in chronic cluster headache. We identify distinct steroid hormone profiles in episodic and chronic cluster headache. Episodic in bout was associated with reduced adrenal steroid synthesis that resolves in remission. Chronic cluster headache was associated with stress induced androgen suppression. Together, these differences are likely secondary to cluster headache and may reflect distinct neurobiological bases underlying episodic and chronic cluster headache. Not applicable.",The journal of headache and pain,J Headache Pain,2026,,,,,,eng,Journal Article,Westgate CSJ;Lylloff T;Kristensen DM;Folkmann-Hansen T;Lund N;Barloese M;Søborg MK;Laursen SB;Johannsen TH;Frederiksen H;Juul A;Jensen RH;Petersen AS,Westgate Connar Stanley James;Lylloff Tanja;Kristensen David Møbjerg;Folkmann-Hansen Thomas;Lund Nunu;Barloese Mads;Søborg Marie-Louise Kulas;Laursen Sophie Bryde;Johannsen Trine Holm;Frederiksen Hanne;Juul Anders;Jensen Rigmor Højland;Petersen Anja Sofie,"Danish Headache Center, Department of Neurology, Rigshospitalet-Glostrup, University of Copenhagen, Glostrup, Denmark. connar.stanley.james.westgate@regionh.dk.;Translational Research Centre Rigshospitalet, Glostrup, Denmark. connar.stanley.james.westgate@regionh.dk.;Health Technology, Danish Technical University, Lyngby, Denmark. connar.stanley.james.westgate@regionh.dk.;Danish Headache Center, Department of Neurology, Rigshospitalet-Glostrup, University of Copenhagen, Glostrup, Denmark.;Translational Research Centre Rigshospitalet, Glostrup, Denmark.;Department of Growth and Reproduction, Copenhagen University Hospital- Rigshospitalet, Copenhagen, Denmark.;University of Rennes, Inserm EHESP, Irset (Institut de Recherche en Santé, Environnement et Travail)-UMR_S 1085, Rennes, France.;Department of Science and Environment, Roskilde University, Roskilde, Denmark.;Danish Headache Center, Department of Neurology, Rigshospitalet-Glostrup, University of Copenhagen, Glostrup, Denmark.;Translational Research Centre Rigshospitalet, Glostrup, Denmark.;Health Technology, Danish Technical University, Lyngby, Denmark.;Danish Multiple Sclerosis Center, Department of Neurology, Glostrup, Rigshospitalet-Glostrup, University of Copenhagen, Copenhagen, Denmark.;Danish Headache Center, Department of Neurology, Rigshospitalet-Glostrup, University of Copenhagen, Glostrup, Denmark.;Department of Radiology and Nuclear Medicine, Copenhagen University Hospital Hvidovre, Copenhagen, Denmark.;Department of Clinical Physiology and Nuclear Medicine, Centre for Functional and Diagnostic Imaging and Research, University of Copenhagen, Hvidovre Hospital, Hvidovre, Denmark.;Danish Headache Center, Department of Neurology, Rigshospitalet-Glostrup, University of Copenhagen, Glostrup, Denmark.;Danish Headache Center, Department of Neurology, Rigshospitalet-Glostrup, University of Copenhagen, Glostrup, Denmark.;Department of Growth and Reproduction, Copenhagen University Hospital- Rigshospitalet, Copenhagen, Denmark.;Department of Clinical Medicine, Faculty of Health and Medical Sciences, University of Copenhagen, Copenhagen, Denmark.;International Centre for Research and Research Training in Endocrine Disruption of Male Reproduction and Child Health, Copenhagen University Hospital- Rigshospitalet, Copenhagen, Denmark.;Department of Growth and Reproduction, Copenhagen University Hospital- Rigshospitalet, Copenhagen, Denmark.;Department of Clinical Biochemistry, Copenhagen University Hospital - Rigshospitalet, Copenhagen, Denmark.;Department of Growth and Reproduction, Copenhagen University Hospital- Rigshospitalet, Copenhagen, Denmark.;Department of Clinical Medicine, Faculty of Health and Medical Sciences, University of Copenhagen, Copenhagen, Denmark.;International Centre for Research and Research Training in Endocrine Disruption of Male Reproduction and Child Health, Copenhagen University Hospital- Rigshospitalet, Copenhagen, Denmark.;Danish Headache Center, Department of Neurology, Rigshospitalet-Glostrup, University of Copenhagen, Glostrup, Denmark.;Translational Research Centre Rigshospitalet, Glostrup, Denmark.;Danish Headache Center, Department of Neurology, Rigshospitalet-Glostrup, University of Copenhagen, Glostrup, Denmark.",,,,,PUBMED,,0,,"Westgate CSJ, 2026, J Headache Pain","Westgate CSJ, 2026, J Headache Pain"
42129209,A deep learning ECG model for identification and localization of occlusion myocardial infarction.,"Rapid identification and localization of an acute coronary occlusion are vital to prevent myocardial damage, yet reliance on ST-segment ECG criteria misses many acute occlusion myocardial infarctions (OMI) and triggers unnecessary acute angiographies. Here, we present a trained and validated deep learning model using 540,372 emergency ECGs paired with definitive catheterization outcomes. The model has a C-statistic of ≥0.95 for OMI and ≥0.87 for non-OMI infarctions and can localize culprit lesions in the three main coronary branches, which can guide the angiographer. Performance is similar across age, sex, and ECG hardware subgroups. Obviating dependence on ST-elevations and troponins, this model for the identification and localization of OMI has the potential to shorten the time to reperfusion of an acute coronary occlusion and save resources. Because human oversight of OMI detection on the ECG is limited, randomized clinical trials with patient-relevant outcomes are warranted.",Nature communications,Nat Commun,2026,17,1,,,,eng,Journal Article,Gustafsson S;Ribeiro AH;Gedon D;Abreu PEOGB;Pielawski N;Paixão GMM;Gutierrez MA;Krieger JE;Dias FM;P Ribeiro AL;Lindholm D;Schön TB;Sundström J,Gustafsson Stefan;Ribeiro Antônio H;Gedon Daniel;Abreu Petrus E O G B;Pielawski Nicolas;Paixão Gabriela M M;Gutierrez Marco Antonio;Krieger José Eduardo;Dias Felipe Meneguitti;P Ribeiro Antonio Luiz;Lindholm Daniel;Schön Thomas B;Sundström Johan,"Department of Medical Sciences, Clinical Epidemiology Unit, Uppsala University, Uppsala, Sweden.;Department of Information Technology, Division of Systems and Control, Uppsala University, Uppsala, Sweden.;Science for life laboratory (SciLifeLab), Uppsala, Sweden.;Machine Learning in Science, University of Tübingen, Tübingen, Germany.;Tübingen AI Center, Tübingen, Germany.;Postgraduate Program in Health Sciences: Infectious Diseases and Tropical Medicine, Universidade Federal de Minas Gerais, Belo Horizonte, Brazil.;Department of Information Technology, Division of Systems and Control, Uppsala University, Uppsala, Sweden.;Department of Internal Medicine, Faculdade de Medicina, and Telehealth Center and Cardiology Service, Hospital das Clínicas, Universidade Federal de Minas Gerais, Belo Horizonte, Brazil.;Heart Institute, University of São Paulo Medical School, São Paulo, Brazil.;Heart Institute, University of São Paulo Medical School, São Paulo, Brazil.;Heart Institute, University of São Paulo Medical School, São Paulo, Brazil.;Department of Internal Medicine, Faculdade de Medicina, and Telehealth Center and Cardiology Service, Hospital das Clínicas, Universidade Federal de Minas Gerais, Belo Horizonte, Brazil.;Department of Medical Sciences, Clinical Epidemiology Unit, Uppsala University, Uppsala, Sweden.;Department of Medicine, Norrtälje hospital (Tiohundra AB), Norrtälje, Sweden.;Department of Information Technology, Division of Systems and Control, Uppsala University, Uppsala, Sweden.;Department of Medical Sciences, Clinical Epidemiology Unit, Uppsala University, Uppsala, Sweden. johan.sundstrom@uu.se.;The George Institute for Global Health, University of New South Wales, Sydney, NSW, Australia. johan.sundstrom@uu.se.",,Deep Learning;Humans;Electrocardiography;Myocardial Infarction;Male;Female;Coronary Occlusion;Middle Aged;Aged,,,PUBMED,,0,,"Gustafsson S, 2026, Nat Commun","Gustafsson S, 2026, Nat Commun"
42128801,"A lifecycle governance and learning health system framework for trustworthy, generalizable, and sustainable human-ai partnership in clinical practice: Lessons from the asthma-guidance and prediction system (A-GPS).","The integration of artificial intelligence (AI) into clinical decision support (CDS) holds promise for proactive, personalized, and precision care. However, current understanding of how to establish trustworthy human-AI partnerships is in its infancy, despite its critical importance for implementing AI in healthcare. We present the Asthma-Guidance and Prediction System (A-GPS) as a case study of a practice-integrated AI platform that demonstrates how trustworthy, generalizable and sustainable AI can be developed, evaluated, and implemented in real-world asthma care. We describe major challenges and solutions based on our real-world experience during the process and offer the practical framework, approaches, tools and workflow for implementing trustworthy, generalizable and sustainable AI in frontline practices. While A-GPS is an asthma-specific AI tool, it was built on top of a disease-agnostic electronic health record (EHR)-integrated clinical decision support (CDS) platform based on an Application Programming Interface (API)‑first backbone of reusable services. It was designed to reduce chart-review/processing burden and enable proactive, guideline-concordant asthma management by synthesizing fragmented longitudinal multimodal data into a clinical decision-relevant summary at the point of care. A-GPS platform integrates multiple natural language processing (NLP) algorithms to leverage free texts info in EHRs, machine learning model to offer risk stratification, and remote patient monitoring (RPM) approaches to capture real-time data from patients, enabling remote asthma (chronic disease) care. The platform has been deployed via Substitutable Medical Applications and Reusable Technologies-on-Fast Healthcare Interoperability Resources (SMART-on-FHIR) to ensure in-workflow delivery and maintainable governance making it flexible and interoperable across different EHRs systems and different chronic diseases. The translational maturity of A-GPS as an AI-powered CDS tool for pediatric asthma was demonstrated and sustained through engagement and co-design with diverse community and care team partners, including adult and pediatric Community Advisory Board, pediatric patients and their parents, clinicians (primary care providers and specialists), nurses, schedulers, as well as bioethicists and regulatory experts. Moreover, the tool was evaluated in two randomized clinical trial (RCT)s. The first trial showed a 67% reduction in clinicians' EHR review time, high clinician satisfaction, potential healthcare cost savings, fairness in model performance, and no adverse events. Trustworthiness was further assessed and supported through fairness evaluation by participant socioeconomic status (SES) using the HOUsing-based SocioEconomic Status (HOUSES) index, human-centered user interface/user experience (UI/UX) analysis, clinician workflow optimization, transparent governance practices, and best practices for regulatory science. The A-GPS experience operationalizes a reproducible, lifecycle-governed framework for generating decision-grade evidence on safety, effectiveness, usability, fairness, and workflow integration, directly addressing the translational gap between AI model development and trustworthy, sustainable deployment in real-world clinical environments. These efforts led to national recognitions, including invitation to the inaugural American Medical Informatics Association (AMIA) AI Showcase, and AI evaluation use case for a national health AI coalition. The second RCT evaluated the feasibility of integrating a remote patient monitoring (RPM) device (home spirometry) into the A-GPS platform, with a published RCT protocol that serves as a framework for RCT for evaluating AI models under the Standard Protocol Items: Recommendations for Interventional Trials (SPIRIT) guidelines for RCTs that evaluate AI tools, offering the practical framework, approaches, tools, and workflow for trustworthy, generalizable and sustainable AI tools in asthma care. This work illustrates how team science, community engagement, implementation science, and learning health system principles can be operationalized to establish a human-AI partnership model to advance translational science and clinical care, with the goal of improving health for all.",Journal of the National Medical Association,J Natl Med Assoc,2026,,,,,,eng,Journal Article; Review,Wi CI;Overgaard S;Malik M;Watson D;Sharma D;Le-Rademacher J;Kelleher D;Zheng L;Ohde J;Lynch B;Khurana A;Sohn S;AlJuhani MM;Carpenter C;Arteta M;Greenwood J;Hartz M;Foss R;Polat E;Absah I;Davis C;Gupta M;Myers L;Nordlund B;Tao C;Wieland ML;Patten C;Jones A;Varkey P;Loufek BT;Vidal DE;Gopala N;Klee E;Shah VH;Halamka JD;Callstrom MR;Rider NL;Liu H;Aliferis C;D Garovic V;J Juhn Y,Wi Chung-Il;Overgaard Shauna;Malik Momin;Watson Dave;Sharma Deepak;Le-Rademacher Jennifer;Kelleher Dan;Zheng Lu;Ohde Joshua;Lynch Brian;Khurana Ashwani;Sohn Sunghwan;AlJuhani Mahmoud M;Carpenter Chris;Arteta Manuel;Greenwood Jason;Hartz Martha;Foss Randy;Polat Elif;Absah Imad;Davis Carla;Gupta Meera;Myers Lynnea;Nordlund Björn;Tao Cui;Wieland Mark L;Patten Christi;Jones Amie;Varkey Prathibha;Loufek Brenna T;Vidal David E;Gopala Nari;Klee Eric;Shah Vijay H;Halamka John D;Callstrom Matthew R;Rider Nicholas L;Liu Hongfang;Aliferis Constantin;D Garovic Vesna;J Juhn Young,"Department of Pediatric and Adolescent Medicine, Mayo Clinic, Rochester, MN, USA; Precision Population Science Lab, Mayo Clinic, Rochester, MN, USA.;Center for Digital Health, Mayo Clinic, Rochester, MN, USA.;Department of Pediatric and Adolescent Medicine, Mayo Clinic, Rochester, MN, USA; Precision Population Science Lab, Mayo Clinic, Rochester, MN, USA.;Precision Population Science Lab, Mayo Clinic, Rochester, MN, USA; Department of Quantitative Health Sciences, Mayo Clinic, Rochester, MN, USA.;Department of Pediatric and Adolescent Medicine, Mayo Clinic, Rochester, MN, USA; Precision Population Science Lab, Mayo Clinic, Rochester, MN, USA; Center for Digital Health, Mayo Clinic, Rochester, MN, USA.;Division of Clinical Trials and Biostatistics, Mayo Clinic, Rochester, MN, USA.;Department of Pediatric and Adolescent Medicine, Mayo Clinic, Rochester, MN, USA; Mayo Clinic Health System Research, Mayo Clinic Health System, Rochester, MN, USA.;Center for Digital Health, Mayo Clinic, Rochester, MN, USA.;Center for Digital Health, Mayo Clinic, Rochester, MN, USA.;Department of Pediatric and Adolescent Medicine, Mayo Clinic, Rochester, MN, USA; Mayo Clinic Health System Research, Mayo Clinic Health System, Rochester, MN, USA.;Mayo Clinic Office of Research Regulatory Support, Rochester, MN, USA.;Department of Artificial Intelligence and Informatics, Mayo Clinic, Rochester, MN, USA.;Mayo Clinic Health System Research, Mayo Clinic Health System, Rochester, MN, USA.;Department of Emergency Medicine, Mayo Clinic, Rochester, MN, USA.;Department of Pediatric Pulmonology, Mayo Clinic, Rochester, MN, USA.;Department of Family Medicine, Mayo Clinic, Rochester, MN, USA.;Division of Pediatric Allergy and Immunology, Mayo Clinic, Rochester, MN, USA.;Department of Family Medicine, Mayo Clinic Health System, Lake City, MN, USA.;Department of Pediatric and Adolescent Medicine, Mayo Clinic, Rochester, MN, USA; Precision Population Science Lab, Mayo Clinic, Rochester, MN, USA.;Division of Pediatric Gastroenterology, Mayo Clinic, Rochester, MN, USA.;Department of Pediatrics and Child Health, Howard University, WA, DC, USA.;Department of Allergy and Immunology, Baylor College of Medicine, Houston, TX, USA.;Precision Population Science Lab, Mayo Clinic, Rochester, MN, USA; Karolinska Institutet, Women's and Children's Health and Lung-Allergy Dept, Astrid Lindgren Children's Hospital, Karolinska University Hospital, Stockholm, Sweden.;Karolinska Institutet, Women's and Children's Health and Lung-Allergy Dept, Astrid Lindgren Children's Hospital, Karolinska University Hospital, Stockholm, Sweden.;Department of Artificial Intelligence and Informatics, Mayo Clinic, Jacksonville, FL, USA.;Department of Community Internal Medicine, Mayo Clinic, Rochester, MN, USA.;Department of Psychiatry and Psychology, Mayo Clinic, Rochester, MN, USA.;Department of Pediatric and Adolescent Medicine, Mayo Clinic, Rochester, MN, USA.;Mayo Clinic Health System Research, Mayo Clinic Health System, Rochester, MN, USA.;Center for Digital Health, Mayo Clinic, Rochester, MN, USA.;Center for Digital Health, Mayo Clinic, Rochester, MN, USA.;Center for Digital Health, Mayo Clinic, Rochester, MN, USA.;Computational Biology, Mayo Clinic, Rochester, MN, USA.;Division of Gastroenterology, Mayo Clinic, Rochester, MN, USA.;Mayo Clinic Platform, Mayo Clinic, Rochester, MN, USA.;Department of Radiology, Mayo Clinic, Rochester, MN, USA.;Department of Health Systems and Implementation Science, Virginia Tech Carilion School of Medicine, Roanoke, VA, USA; Section of Allergy and Immunology, Department of Pediatrics, The Carilion Clinic, Roanoke, VA, USA.;McWilliams School of Biomedical Informatics, University of Texas Health Science Center at Houston, Houston, TX, USA.;Institute for Health Informatics, University of Minnesota, Minneapolis, MN, USA.;Division of Nephrology and Hypertension, Mayo Clinic, Rochester, MN, USA; Center for Clinical and Translational Science, Mayo Clinic, Rochester, MN, USA.;Department of Pediatric and Adolescent Medicine, Mayo Clinic, Rochester, MN, USA; Precision Population Science Lab, Mayo Clinic, Rochester, MN, USA; Division of Nephrology and Hypertension, Mayo Clinic, Rochester, MN, USA. Electronic address: juhn.young@mayo.edu.",Artificial intelligence;Asthma;Clinical decision support systems;Health equity;Implementation science;Learning health systems,,,UL1 TR002377,PUBMED,,0,,"Wi CI, 2026, J Natl Med Assoc","Wi CI, 2026, J Natl Med Assoc"
42127728,Systems pharmacology approaches to modeling immune training and tolerance.,"Trained immunity is defined as the epigenetic and metabolic reprogramming of innate immune cells, conferring enhanced or diminished responsiveness to secondary challenges following initial stimulation. Immune tolerance represents the state of immunological unresponsiveness to self-antigens or innocuous foreign antigens. Systems pharmacology approaches have emerged as essential tools for understanding and modulating these complex immunological processes. In this mini-review, we evaluate quantitative systems pharmacology (QSP) approaches which are predominantly based on ordinary differential equation (ODE) frameworks and artificial intelligence (AI)/machine learning (ML) applications in the context of trained immunity and immune tolerance. QSP models enable in silico clinical trials, thereby accelerating drug development and supporting cost-effective therapeutic decision-making. Recent advances have identified histone lactylation, particularly H3K18la, as a central epigenetic mark linking metabolic rewiring to long-term innate immune memory, revealing novel pharmacological targets including LDHA, EP300, and ACAT2. ML algorithms integrated with explainable AI frameworks have facilitated biomarker discovery and therapeutic target identification. Digital twin technology holds considerable promise for developing personalized immunomodulatory strategies. This review highlights the translational potential of systems pharmacology tools in pharmacological targeting of trained immunity and tolerance, emphasizing the convergence of computational modeling with precision medicine approaches.",Current opinion in pharmacology,Curr Opin Pharmacol,2026,89,,102630,,,eng,Journal Article; Review,Kırboğa KK;Rudrapal M,Kırboğa Kevser Kübra;Rudrapal Mithun,"Department of Bioengineering, Faculty of Engineering, Bilecik Şeyh Edebali University, TR, 11100, Bilecik, Türkiye. Electronic address: kubra.kirboga@bilecik.edu.tr.;Department of Pharmaceutical Sciences, School of Biotechnology and Pharmaceutical Sciences, Vignan's Foundation for Science, Technology and Research, Vadlamudi, 522213, Guntur, Andhra Pradesh, India. Electronic address: rsmrpal@gmail.com.",,,,,PUBMED,,0,,"Kırboğa KK, 2026, Curr Opin Pharmacol","Kırboğa KK, 2026, Curr Opin Pharmacol"
42126652,Acupuncture for chemotherapy-induced dysgeusia (AcuDysg): a randomized controlled trial.,"The study investigated the effectiveness of dysgeusia-specific acupuncture combined with self-acupressure compared to supportive acupuncture and self-acupressure for chemotherapy-induced dysgeusia in cancer patients with cancer-related fatigue (CRF) and dysgeusia. This multicenter, randomized, controlled, two-armed parallel-group, single-blind trial included cancer patients with CRF and dysgeusia during chemotherapy. All participants received CRF treatment consisting of eight acupuncture sessions over 8 weeks and had access to an eLearning course for self-acupressure. Patients in the intervention group received additional dysgeusia-specific acupuncture treatment and an eLearning with instructions to acupressure points, whereas the control group received an intervention focused solely on addressing CRF. The main outcome was perceived dysgeusia over 8 weeks, measured weekly after each acupuncture session on a numeric rating scale from 1 to 10. Other outcomes included taste and smell tests, and assessments of perceived dysgeusia, fatigue, distress, and quality of life. Due to a small sample size, results can be only judged exploratory. The study was approved by the Cantonal Ethics Committee (CEC) (Kanton Zürich Kantonale Ethikkommission) (approval no. KEK-ZH-Nr. 2020-01900). Since we included only twenty-one patients (11 intervention, 10 control, 90% female) instead of the target sample size of 130, no confirmatory effectiveness analyses were conducted. All participants showed a substantial decrease in dysgeusia over time, regardless of treatment type (estimated mean reduction per session - 0.30; 95% CI - 0.43 to - 0.18), reflecting a 0.30-point reduction per session. Quality of life and cancer-related fatigue improved over time. The exploratory analyses did not show substantial differences between groups in any outcomes. No serious adverse events occurred. Exploratory findings showed no substantial differences between the study groups in perceived dysgeusia, but both study groups improved over time. DRKS00023348 at 03.11.2020, SNCTP000004128.",Supportive care in cancer : official journal of the Multinational Association of Supportive Care in Cancer,Support Care Cancer,2026,34,6,,,,eng,Journal Article; Randomized Controlled Trial; Multicenter Study,Huber C;Barth J;Bührer L;Driessen C;Held U;Müller T;Roll S;Schlaeppi M;Thomae AV;Voiß P;Zhang L;Witt CM,Huber Christine;Barth Jürgen;Bührer Lea;Driessen Christoph;Held Ulrike;Müller Twyla;Roll Stephanie;Schlaeppi Marc;Thomae Anita V;Voiß Petra;Zhang Linxin;Witt Claudia M,"Complementary and Integrative Digital Health, Institute of Primary Care, University of Zurich and University Hospital Zurich, Zurich, Switzerland.;Kompetenzzentrum SWISSINT, Kasernenstrasse 4, 6370, Stans-Oberdorf, Switzerland.;Complementary and Integrative Digital Health, Institute of Primary Care, University of Zurich and University Hospital Zurich, Zurich, Switzerland.;Department of Biostatistics at the Epidemiology, Biostatistics and Prevention Institute, University of Zurich, Zurich, Switzerland.;Centre for Computational Health, Institute of Computational Life Sciences, Zurich University of Applied Sciences (ZHAW), Wädenswil, Switzerland.;Department of Mathematical Modeling and Machine Learning, University of Zurich, Zurich, Switzerland.;Faculty of Medicine, University of Zurich, Zurich, Switzerland.;Department of Biostatistics at the Epidemiology, Biostatistics and Prevention Institute, University of Zurich, Zurich, Switzerland.;Complementary and Integrative Digital Health, Institute of Primary Care, University of Zurich and University Hospital Zurich, Zurich, Switzerland.;Brust-Zentrum Zürich AG, Seefeldstrasse 214, 8008, Zurich, Switzerland.;Institute of Social Medicine, Epidemiology and Health Economics, Charité-Universitätsmedizin Berlin, Berlin, Germany.;Institute for Biostatistics and Informatics in Medicine and Ageing Research, Rostock University Medical Center, Rostock, Germany.;Center for Integrative Medicine, HOCH Health Ostschweiz Cantonal Hospital St. Gallen, St., Gallen, Switzerland.;Complementary and Integrative Digital Health, Institute of Primary Care, University of Zurich and University Hospital Zurich, Zurich, Switzerland.;Clinic for Integrative Oncology & Supportive Care, Evang. Kliniken Essen-Mitte Faculty of Medicine, University of Duisburg, Essen, Germany.;Complementary and Integrative Digital Health, Institute of Primary Care, University of Zurich and University Hospital Zurich, Zurich, Switzerland.;Complementary and Integrative Digital Health, Institute of Primary Care, University of Zurich and University Hospital Zurich, Zurich, Switzerland. claudia.witt@uzh.ch.",Acupuncture;Chemotherapy;Digital health;Dysgeusia;Integrative oncology;Randomized controlled trial;Self-acupressure,Humans;Acupuncture Therapy;Female;Male;Dysgeusia;Middle Aged;Single-Blind Method;Neoplasms;Fatigue;Antineoplastic Agents;Quality of Life;Aged;Adult;Acupressure,,,PUBMED,,0,,"Huber C, 2026, Support Care Cancer","Huber C, 2026, Support Care Cancer"
42125293,Integrase Inhibitors: Redefining HIV-1 Treatment and Future Challenges.,"The discovery and development of HIV-1 integrase strand transfer inhibitors (INSTIs) represent one of the remarkable success stories in antiviral drug discovery, transforming fundamental insights of retroviral enzymology into highly effective first-line therapies for HIV-1/AIDS patients. Currently there are five INSTIs approved for clinical use. Among these, second generation drugs Dolutegravir, Bictegravir and Cabotegravir offer excellent virologic suppression, favorable tolerability and a high genetic barrier to resistance. The long-acting formulation of the most recent INSTI Cabotegravir has also been approved for pre-exposure prophylaxis in high-risk populations. Apart from inhibiting the active site of integrase, a new class of allosteric integrase inhibitors (ALLINIs), which target integrase multimerization affecting multiple steps in viral life cycle, are in the advanced phases of clinical trials. The mechanisms of HIV-1 integration, development of integrase inhibitors, structural biology breakthroughs that guided inhibitor optimization and clinical use of INSTIs, their successes and challenges for HIV/1AIDS management are reviewed here.",Missouri medicine,Mo Med,2026,123,2,142,148,,eng,Journal Article; Review,Pandey KK,Pandey Krishan K,"Associate Research Professor in the Department of Microbiology and Molecular Immunology, at Saint Louis University School of Medicine, St. Louis, Missouri, USA.",AIDS;HIV-1;antiviral drugs;integrase strand transfer inhibitors,"Humans;HIV Integrase Inhibitors;HIV-1;HIV Infections;Pyridones;HIV Integrase;Heterocyclic Compounds, 3-Ring;Piperazines;Oxazines;Amides;Diketopiperazines",,R56 AI175583,PUBMED,,0,,"Pandey KK, 2026, Mo Med","Pandey KK, 2026, Mo Med"
42120116,Phenotypic Diversity and Outcomes of Transcatheter Mitral Repair for Secondary Mitral Regurgitation: Insights From the COAPT and MITRA-FR Trials.,"Mitral valve transcatheter edge-to-edge repair (M-TEER) is effective for treating patients with secondary mitral regurgitation (SMR), but therapeutic response varies because of anatomy and patient heterogeneity. The aim of this study was to identify distinct SMR phenotypes and analyze their response to M-TEER in the COAPT (Cardiovascular Outcomes Assessment of the MitraClip Percutaneous Therapy for Heart Failure Patients With Functional Mitral Regurgitation) and MITRA-FR (Percutaneous Repair or Medical Treatment for Secondary Mitral Regurgitation) trials. Unsupervised hierarchical clustering was performed using 22 baseline parameters (clinical, echocardiographic, and laboratory features). Clusters were identified and described with clinical risk (Society of Thoracic Surgeons [STS] repair score), comorbidity burden (Charlson Comorbidity Index [CCI]), and cardiac damage (CD; a 4-stage classification). The primary outcome was heart failure hospitalization or cardiovascular death at 2 years. Clustering identified 3 distinct phenotypes in COAPT (n = 614): cluster 1 (21%), low clinical risk with high left ventricular CD (STS score 2.0%, CCI: 2.1 points, CD stage 2.0); cluster 2 (43%), intermediate clinical risk with biventricular CD (STS score 6.1%, CCI: 3.0 points, CD stage 2.5); and cluster 3 (36%), high clinical risk with low CD (STS score 7.6%, CCI: 3.3 points, CD stage 2.1) and the least severe SMR. Cluster 1 had the highest 2-year survival probability among the 3 groups (P < 0.001). Following M-TEER, 2-year freedom from heart failure hospitalization and cardiovascular death was higher in clusters 1 (relative risk reduction 46%; P = 0.026) and 2 (relative risk reduction 49%; P < 0.001) compared with cluster 3 (relative risk reduction 34%; P = 0.033). A survival benefit was seen in clusters 1 (P = 0.047) and 2 (P = 0.018) but not in cluster 3 (P = 0.22). Validation in MITRA-FR showed similar findings, with cluster 3 being more prevalent than in COAPT (48% vs 36%). Clustering analysis identified 3 distinct SMR phenotypes that were validated across 2 landmark M-TEER trials. Outcomes following M-TEER are better predicted by multidimensional patient phenotypes integrating CD, surgical risk, and comorbidity burden than by any single domain alone and may help explain differences in treatment effect observed across trials.",JACC. Cardiovascular interventions,JACC Cardiovasc Interv,2026,19,9,1087,1104,,eng,Journal Article; Comparative Study,Bonnet G;Rommel KP;Redfors B;Le Ruz R;Lachmann M;Alu MC;Iung B;Gertz ZM;Modine T;Abraham WT;Mewton N;Lindenfeld J;Messika-Zeitoun D;Mack MJ;Obadia JF;Stone GW;Granada JF,Bonnet Guillaume;Rommel Karl-Philipp;Redfors Bjorn;Le Ruz Robin;Lachmann Mark;Alu Maria C;Iung Bernard;Gertz Zachary M;Modine Thomas;Abraham William T;Mewton Nathan;Lindenfeld Joann;Messika-Zeitoun David;Mack Michael J;Obadia Jean Francois;Stone Gregg W;Granada Juan F,"Haut-Lévêque Cardiological Hospital, Bordeaux University Hospital, University of Bordeaux, Bordeaux, France; Cardiovascular Research Foundation, New York, New York, USA; RHU Envisage, ANR-23-RHUS-0007, Bordeaux, France.;Cardiovascular Research Foundation, New York, New York, USA; Heart Center at University of Leipzig, Leipzig, Germany; University Medical Center Mainz, Mainz, Germany.;Cardiovascular Research Foundation, New York, New York, USA.;Nantes Université, CHU Nantes, Cardiology Department, l'Institut du Thorax, Nantes, France.;First Department of Medicine, Klinikum Rechts der Isar, Technical University of Munich, Munich, Germany; German Center for Cardiovascular Research, Partner Site Munich Heart Alliance, Munich, Germany.;Cardiovascular Research Foundation, New York, New York, USA.;Cardiology Department, Bichat Hospital, Assistance Publique-Hôpitaux de Paris, and INSERM LVTS1148, Universite Paris Cite, Paris, France.;Virginia Commonwealth University School of Medicine, Richmond, Virginia, USA.;Haut-Lévêque Cardiological Hospital, Bordeaux University Hospital, University of Bordeaux, Bordeaux, France; RHU Envisage, ANR-23-RHUS-0007, Bordeaux, France.;The Ohio State University Wexner Medical Center, Columbus, Ohio, USA.;Cardiothoracic Surgery Department, Hospices Civils de Lyon, INSERM 1407, Université Claude Bernard, Lyon, France.;Vanderbilt Heart and Vascular Institute, Nashville, Tennessee, USA.;Division of Cardiology, University of Ottawa Heart Institute, Ottawa, Ontario, Canada.;Baylor Scott and White Heart Hospital Plano, Plano, Texas, USA.;Cardiothoracic Surgery Department, Hospices Civils de Lyon, INSERM 1407, Université Claude Bernard, Lyon, France.;Icahn School of Medicine at Mount Sinai, New York, New York, USA.;Cardiovascular Research Foundation, New York, New York, USA. Electronic address: jgranada@crf.org.",COAPT trial;MITRA-FR trial;heart failure;mitral regurgitation;unsupervised clustering,"Humans;Mitral Valve Insufficiency;Phenotype;Mitral Valve;Male;Female;Aged;Time Factors;Cardiac Catheterization;Treatment Outcome;Risk Factors;Heart Valve Prosthesis Implantation;Risk Assessment;Recovery of Function;Heart Failure;Aged, 80 and over;Heart Valve Prosthesis;Prosthesis Design;Comorbidity;Randomized Controlled Trials as Topic;Cluster Analysis",,,PUBMED,,0,,"Bonnet G, 2026, JACC Cardiovasc Interv","Bonnet G, 2026, JACC Cardiovasc Interv"
42117468,"Artificial Intelligence for Colorectal Surgeons - Part II: Research Applications, Challenges in Adoption and Practical Resources.","This is Part II of a two-part series examining artificial intelligence (AI) in colorectal surgery. Part I established foundational concepts and clinical applications. Implementation, however, requires understanding research methodologies, available resources, and the specific challenges currently limiting widespread adoption. This will be the focus of Part II. To examine artificial intelligence's transformation of surgical research, provide practical implementation resources, address adoption challenges, and explore future directions in colorectal surgery. Comprehensive literature review focusing on artificial intelligence research methodology, implementation barriers, educational resources, and emerging technologies relevant to colorectal surgeons. Artificial intelligence streamlines clinical trial design through predictive modeling and natural language processing, reducing enrollment challenges that contribute to failed or inadequate trial accrual. Machine learning enables heterogeneity analysis within clinical trials, identifying treatment-responsive subgroups. Foundation models unlock analysis of unstructured electronic health record data at scale. Professional societies and universities offer specialized artificial intelligence education programs, with open-access datasets facilitating research participation. However, implementation faces multifaceted challenges: technical infrastructure demands, with real-time processing requiring dedicated graphics processing unit clusters; regulatory frameworks struggling with continuously evolving algorithms; undefined liability distribution for artificial intelligence-assisted decisions; algorithmic bias risking healthcare disparities; and the ""black box"" problem limiting clinical trust. Economic barriers include substantial initial costs without clear reimbursement pathways. Future directions include multimodal artificial intelligence integrating imaging, genomics, and histopathology; cognitive robotic systems with real-time decision support; digital twin technology for patient-specific surgical simulation; and global surgical artificial intelligence networks enabling distributed learning across institutions. While artificial intelligence offers transformative potential for colorectal surgery research and practice, successful implementation requires addressing technical, regulatory, ethical, and economic challenges. The surgeon's evolving role demands both traditional expertise and computational fluency. Future advances in multimodal integration, autonomous systems, and global collaboration will fundamentally reshape surgical practice, but require thoughtful implementation prioritizing patient benefit and clinical value.",Diseases of the colon and rectum,Dis Colon Rectum,2026,,,,,,eng,Journal Article,Sarin A;Seffren C;Shwaib H;Matos MC;Eisenstein S;Ferrara M;Patel NM;Langenfeld SJ,Sarin Ankit;Seffren Chris;Shwaib Hussam;Matos Monique Couto;Eisenstein Samuel;Ferrara Marco;Patel Nell Maloney;Langenfeld Sean J,"Department of Surgery, University of California Davis Health.;Department of Surgery, University of California Davis Health.;Department of Surgery, Rutgers Robert Wood Johnson Medical School.;Department of Surgery, Orlando Health.;Department of Surgery, University of California San Diego Health.;Orlando Health Colon and Rectal Institute.;Department of Surgery, Rutgers Robert Wood Johnson Medical School.;Department of Surgery, University of Nebraska Medical Center.",Artificial intelligence;Autonomous surgery;Digital health resources;Future technology;Implementation challenges;Surgical research.,,,,PUBMED,,0,,"Sarin A, 2026, Dis Colon Rectum","Sarin A, 2026, Dis Colon Rectum"
42107050,A Review on Artificial Intelligence in Pharmaceutical Sciences: Opportunities & Challenges.,"SignificanceThe review aims to systematically explore the transformative impact of artificial intelligence (AI) on pharmaceutical sciences. It Address key research questions regarding how AI accelerates drug development, enhances clinical trial design, optimizes manufacturing, and drives advances in personalized and precision medicine.MethodsA comprehensive literature review was conducted. It Synthesized recent studies, industry reports, and regulatory guidelines on AI adoption. Covered drug discovery, clinical trials, pharmacovigilance, manufacturing, supply chain management, and pharmacy education. It also critically examined barriers such as data quality, privacy, explainability, and the evolving regulatory landscape.ResultsAI accelerates pharmaceutical R&, identification, lead optimization, ADMET prediction, drug repurposing, and clinical trial analytics. It enables faster and more cost-effective development. Advancements in personalized medicine and individualized patient data are driving better patient outcomes. The students still ace continuing challenges in data interpretation, privacy, and regulatory issues.ConclusionsOngoing AI advancements and evolving regulations are set to revolutionize pharmaceutical science. They will enable efficient, predictive, and patient-centered healthcare. Success will depend on integrating multi-omics, adopting explainable AI, and fostering collaboration among all stakeholders. Ultimately, AI promises safer, faster, and more precise drug delivery system. It benefits clinicians, researchers, and students, and students.",Drug development and industrial pharmacy,Drug Dev Ind Pharm,2026,,,1,49,,eng,Journal Article; Review,Kumar V;Kumar S;Kumar R;Tiwari N;Gupta JK,Kumar Vivek;Kumar Saurav;Kumar Ravi;Tiwari Nidhi;Gupta Jeetendra Kumar,"Kashi Institute of Pharmacy, MS 23KM, Varanasi - Prayagraj (Allahabad) Highway, Mirzamurad Varanasi Uttar Pradesh - 221307.;KIET Group of Institutions, Delhi-NCR, 13 Km Stone, Meerut Road (NH-58), Ghaziabad, 201206, Uttar Pradesh, India.;School of pharmaceutical sciences, Sardar Bhagwan Singh University, Balawala, Dehradun, 248001.;Department of Biotechnology, Swami Vivekanand Subharti University, Subhartipuram, NH-58, Delhi-Haridwar Road, Meerut, Uttar Pradesh 250005.;KIET Group of Institutions, Delhi-NCR, 13 Km Stone, Meerut Road (NH-58), Ghaziabad, 201206, Uttar Pradesh, India.;Department of Pharmacology GLA University, Mathura-Delhi Road PO Chaumuhan, Mathura 281406, Uttar Pradesh, India.",Artificial Intelligence;Clinical Trials;Drug Discovery;Machine Learning;Pharmaceutical Industry;Pharmacy,,,,PUBMED,,0,,"Kumar V, 2026, Drug Dev Ind Pharm","Kumar V, 2026, Drug Dev Ind Pharm"
42106573,Clinician engagement shapes the impact of AI-based ECG screening for chronic liver disease in primary care.,"Artificial intelligence (AI)-based screening tools show promise for early identification of chronic liver disease (CLD), yet their effectiveness in real-world settings may depend on clinician response to AI-generated recommendations. We performed a post hoc analysis of the intervention arm of the pragmatic, cluster-randomized DULCE trial, in which primary care clinicians received electrocardiogram-based machine learning (ECG-ML) alerts indicating elevated risk for CLD. Clinicians were categorized as high engagement (HE; top quartile) or low engagement (LE), and diagnostic yield was defined as the proportion of ECG-ML-positive cases with confirmed CLD. Among 110 clinicians receiving ≥1 alert (1385 ECG-ML-positive patients), overall engagement was 29.8%. HE was associated with higher detection of advanced CLD (OR 2.12, 95% CI 1.36-3.30; p = 0.001) and any CLD (OR 2.59, 95% CI 1.83-3.68; p < 0.001) compared with LE. Diagnostic yield was 10.6% versus 2.9% for advanced CLD and 22.3% versus 5.0% for any CLD in HE versus LE (OR 2.99, 95% CI 1.73-5.16; p < 0.001 and OR 3.74, 95% CI 2.44-5.75; p < 0.001, respectively). These findings suggest that the effectiveness of AI-based screening may depend not only on algorithm performance but also on clinician engagement with AI recommendations and highlight the importance of accounting for engagement when designing and interpreting AI-enabled clinical trials. ClinicalTrials.gov NCT05782283.",NPJ digital medicine,NPJ Digit Med,2026,,,,,,eng,Journal Article,Calleri A;Yazarkan Y;Liu K;Kassmeyer BA;Lennon RJ;Rattan P;Seid A;Bernard ME;Singh G;Deyo-Svendsen ME;King G;Stacey SK;Olofson A;Allen A;Ahn JC;Friedman PA;Kamath PS;Attia ZI;Noseworthy PA;Shah VH;Rushlow D;Simonetto DA,Calleri Alberto;Yazarkan Yigit;Liu Kan;Kassmeyer Blake A;Lennon Ryan J;Rattan Puru;Seid Amir;Bernard Matthew E;Singh Gagandeep;Deyo-Svendsen Mark E;King Graham;Stacey Stephen K;Olofson Amy;Allen Alina;Ahn Joseph C;Friedman Paul A;Kamath Patrick S;Attia Zachi I;Noseworthy Peter A;Shah Vijay H;Rushlow David;Simonetto Douglas A,"Division of Gastroenterology and Hepatology, Mayo Clinic, Rochester, MN, USA.;Division of Gastroenterology and Hepatology, Mayo Clinic, Rochester, MN, USA.;Department of Cardiovascular Medicine, Mayo Clinic, Rochester, MN, USA.;Division of Clinical Trials and Biostatistics, Mayo Clinic, Rochester, MN, USA.;Division of Clinical Trials and Biostatistics, Mayo Clinic, Rochester, MN, USA.;Division of Gastroenterology and Hepatology, Mayo Clinic, Rochester, MN, USA.;Division of Gastroenterology and Hepatology, Mayo Clinic, Rochester, MN, USA.;Department of Family Medicine, Mayo Clinic Health System, Rochester, MN, USA.;Department of Family Medicine, Mayo Clinic Health System, Rochester, MN, USA.;Department of Family Medicine, Mayo Clinic Health System, Rochester, MN, USA.;Department of Family Medicine, Mayo Clinic Health System, Rochester, MN, USA.;Department of Family Medicine, Mayo Clinic Health System, Rochester, MN, USA.;Division of Gastroenterology and Hepatology, Mayo Clinic, Rochester, MN, USA.;Division of Gastroenterology and Hepatology, Mayo Clinic, Rochester, MN, USA.;Division of Gastroenterology and Hepatology, Mayo Clinic, Rochester, MN, USA.;Department of Cardiovascular Medicine, Mayo Clinic, Rochester, MN, USA.;Division of Gastroenterology and Hepatology, Mayo Clinic, Rochester, MN, USA.;Department of Cardiovascular Medicine, Mayo Clinic, Rochester, MN, USA.;Department of Cardiovascular Medicine, Mayo Clinic, Rochester, MN, USA.;Division of Gastroenterology and Hepatology, Mayo Clinic, Rochester, MN, USA.;Department of Family Medicine, Mayo Clinic Health System, Rochester, MN, USA.;Division of Gastroenterology and Hepatology, Mayo Clinic, Rochester, MN, USA. Simonetto.Douglas@mayo.edu.",,,,"MAX Innovation Award, UL1TR002377",PUBMED,,0,,"Calleri A, 2026, NPJ Digit Med","Calleri A, 2026, NPJ Digit Med"
42102518,Top five Alzheimer Disease trial eligibility criteria favor men compared to women in a clinic-based cohort.,"Less women participate in Alzheimer Disease (AD) trials compared to their estimated representation in the global dementia population. We aimed to apply five most commonly used eligibility criteria to a real-world memory clinic population to compare male and female eligibility according to these criteria. Observational. Memory clinic setting. Consecutive patients (2000-2024) from Amsterdam Dementia Cohort with a diagnosis of mild cognitive impairment (MCI) or AD (n = 3835). Free-text eligibility criteria of n = 608 phase II and III AD drug trials were downloaded from ClinicalTrials.gov (March 28, 2025). A machine-learning model was trained and validated to extract all eligibility criteria. Next the criteria were applied on observational real world data from on memory clinic diagnostic work-up. Top 5 most common AD clinical trial eligibility criteria were 1) no other central nervous system disorder related to cognitive impairment (84%), 2) participation of a caregiver (72%), 3) MMSE (66%, range 20-30), 4) no comorbidities, specifically vascular and mental health (62%), 5) no contra-indications for study procedures such as lumbar puncture, MRI and PET (59%). Applying the abovementioned criteria results in 33% of men and 23% of women remaining eligible (p<.001). Main reason for non-eligibility is caretaker absence (applicable for 20% of men and 38% of women) and low MMSE (32% of man and 54% of women). Based on five commonly used eligibility criteria of AD clinical trials, women in our clinic-based cohort are less eligible for participation in AD drug trials than men. This discrepancy was mainly attributed to lack of caregiver presence and lower MMSE at presentation. These results provide clues for trial design to facilitate more equal inclusion of women.",The journal of prevention of Alzheimer's disease,J Prev Alzheimers Dis,2026,13,7,100580,,,eng,Journal Article,Exalto LG;Syaziyah SS;Fang XT;Prins ND;Sikkes SAM;van der Flier WM;Vijverberg EGB;Lim YMF,Exalto Lieza G;Syaziyah Siti S;Fang Xiaotian T;Prins Niels D;Sikkes Sietske A M;van der Flier Wiesje M;Vijverberg Everard G B;Lim Yvonne M F,"Julius Clinical, Zeist, Netherlands; Alzheimer Center Amsterdam, Neurology, Vrije Universiteit Amsterdam, Amsterdam UMC location VUmc, Amsterdam, Netherlands. Electronic address: l.g.exalto@amsterdamumc.com.;Institute for Clinical Research, National Institutes of Health, Ministry of Health Malaysia, Shah Alam, n.a., Malaysia.;Julius Clinical, Zeist, Netherlands.;Brain Research Center, Amsterdam, Netherlands.;Alzheimer Center Amsterdam, Neurology, Vrije Universiteit Amsterdam, Amsterdam UMC location VUmc, Amsterdam, Netherlands.;Alzheimer Nederland, Amersfoort, the Netherlands; Epidemiology and Data Science, Vrije Universiteit Amsterdam, Amsterdam UMC location VUmc, Amsterdam, the Netherlands; Amsterdam Neuroscience, Neurodegeneration, Amsterdam, the Netherlands; Amsterdam Public Health, Amsterdam, the Netherlands.;Alzheimer Center Amsterdam, Neurology, Vrije Universiteit Amsterdam, Amsterdam UMC location VUmc, Amsterdam, Netherlands.;Institute for Clinical Research, National Institutes of Health, Ministry of Health Malaysia, Shah Alam, n.a., Malaysia.",Alzheimer disease;MMSE;RCT;Sex differences;Study partner,,,,PUBMED,,0,,"Exalto LG, 2026, J Prev Alzheimers Dis","Exalto LG, 2026, J Prev Alzheimers Dis"
42098158,A comparison of two- and three-dose MVA-BN mpox vaccination series on anti-monkeypox virus immunity.,"The 2022 global outbreak of clade IIb mpox represented a turning point in public health's handling of poxviruses. The primary vaccine available for the prevention of mpox is modified vaccinia Ankara from Bavarian-Nordic (MVA-BN). We previously reported a nondurable and low-avidity antibody response against mpox elicited by MVA-BN. In this study, we expanded upon this knowledge by employing a microneutralization assay to measure monkeypox virus (MPXV) neutralizing titers and a multiplexed immunoassay to assess IgG titers and avidity against eight MPXV antigens and two vaccinia antigens. Through a machine learning analysis, we uncovered that MVA-BN vaccinees without prior smallpox vaccination largely return to a baseline seroprofile within a year of immunization. Notably, we identified a discrete population within this group that mounted a robust neutralizing antibody response associated with a longer dosing interval during the MVA-BN primary series. Furthermore, we found that boosting with a third dose of MVA-BN increases IgG avidity against certain MPXV antigens, as part of a booster-specific seroprofile. These findings provide critical insights into optimizing immune responses through MVA-BN boosters, presenting a potential approach to addressing the limited MPXV-specific immunity observed following the primary series.",NPJ vaccines,NPJ Vaccines,2026,,,,,,eng,Journal Article,Oom AL;Wilson KK;Rettig S;Tuen M;Samanovic MI;Kottkamp AC;Herati RS;Duerr R;Mulligan MJ,Oom Aaron L;Wilson Kesi K;Rettig Stephanie;Tuen Michael;Samanovic Marie I;Kottkamp Angelica C;Herati Ramin Sedaghat;Duerr Ralf;Mulligan Mark J,"Department of Medicine, New York University Langone Vaccine Center, New York University Grossman School of Medicine, New York, NY, USA.;Department of Medicine, New York University Langone Vaccine Center, New York University Grossman School of Medicine, New York, NY, USA.;Department of Medicine, New York University Langone Vaccine Center, New York University Grossman School of Medicine, New York, NY, USA.;Department of Medicine, New York University Langone Vaccine Center, New York University Grossman School of Medicine, New York, NY, USA.;Department of Medicine, New York University Langone Vaccine Center, New York University Grossman School of Medicine, New York, NY, USA.;Department of Medicine, New York University Langone Vaccine Center, New York University Grossman School of Medicine, New York, NY, USA.;Department of Medicine, New York University Langone Vaccine Center, New York University Grossman School of Medicine, New York, NY, USA. ramin.herati@nyulangone.org.;Department of Medicine, New York University Langone Vaccine Center, New York University Grossman School of Medicine, New York, NY, USA. ralf.duerr@nyulangone.org.;Department of Medicine, New York University Langone Vaccine Center, New York University Grossman School of Medicine, New York, NY, USA. mark.mulligan@nyulangone.org.",,,,T32AI100853; AI148574,PUBMED,,0,,"Oom AL, 2026, NPJ Vaccines","Oom AL, 2026, NPJ Vaccines"
42096679,A Sustainable Lifestyle Intervention Among Office Workers: Cluster Randomized Pilot and Feasibility Study.,"Society faces multiple challenges, including lifestyle diseases and global climate change. Framing health education within sustainable development may enhance motivation for behavior change because proenvironmental behaviors, as well as healthy behaviors, often rely on the same behavior change principles. Combining these perspectives may therefore reinforce health behaviors and climate-friendly choices. This pilot study aims to explore changes in dietary intake, diet-related carbon footprint, and physical activity among office workers receiving sustainable plus healthy lifestyle (sustainable lifestyle arm) or healthy lifestyle education (healthy lifestyle arm) alone. It also aims to assess the feasibility of the intervention functions, including workshop attendance rate, participants' dietary goals, social support, and facilitators and barriers to behavior change. A 2-armed participant-blinded cluster randomized study, including an experimental intervention arm (sustainable lifestyle; n=19) and a control intervention arm (healthy lifestyle; n=14), was conducted in Sweden. The study lasted 8 weeks and included 6 workplace-based workshops and was framed by the behavioral change wheel and the socioecological model. Diet, carbon footprint, and physical activity were assessed using the web-based questionnaires Meal-Q and Active-Q. Attendance rate, individual goals, social support, and facilitators and barriers were assessed using printed questionnaires. The reduction of total diet-related carbon dioxide equivalents (CO2e) was 0.8 kg and 0.4 kg per day for the sustainable and healthy lifestyle arm, respectively. Also, there was a statistically significant interaction between time and lifestyle when the carbon footprint was expressed as a qualitative aspect of diet, that is, CO2e kg per 1000 kcal per day (P=.05). Moreover, the intake of vitamin C, a marker for fruits and vegetables, increased to 8.0 and 12.5 mg per 1000 kcal per day for the sustainable and healthy lifestyle arms, respectively. In addition, total sedentary time decreased by 0.4 hours per day in the sustainable lifestyle arm, but not in the healthy lifestyle arm. This indicates that the educational workshops in respective arms had different impacts on health behavior over time. Minor differences were found in dietary goals, with the sustainable lifestyle arm setting more goals related to ecological and vegetarian foods. No differences were seen between arms regarding barriers or facilitators. This study suggests that embedding healthy lifestyle recommendations within a sustainable development context may be an efficient way to reduce carbon footprint and increase healthy behavior among office workers. Given the ongoing global epidemic of metabolic diseases, climate change, and environmental degradation, promoting a sustainable lifestyle in a workplace context has the potential to counteract these trends.",JMIR formative research,JMIR Form Res,2026,10,,e82061,,,eng,Journal Article; Randomized Controlled Trial,Halling Ullberg O;Tillander A;Bälter K,Halling Ullberg Oskar;Tillander Annika;Bälter Katarina,"Department of Health Science, Innovation and Design, Mälardalen University, Universitetsplan 1, Västerås, 722 20, Sweden, 46 79-0660901.;Department of Statistics and Machine Learning, Linköping University, Linköping, Sweden.;Department of Health Science, Innovation and Design, Mälardalen University, Universitetsplan 1, Västerås, 722 20, Sweden, 46 79-0660901.;Department of Medical Epidemiology and Biostatistics, Karolinska Institute, Stockholm, Sweden.",behavior change;carbon dioxide equivalents;diet;office;physical activity;workplace,Humans;Pilot Projects;Female;Feasibility Studies;Male;Middle Aged;Adult;Exercise;Healthy Lifestyle;Sweden;Workplace;Surveys and Questionnaires;Health Promotion;Health Behavior;Life Style,,,PUBMED,,0,,"Halling Ullberg O, 2026, JMIR Form Res","Halling Ullberg O, 2026, JMIR Form Res"
42095502,An Ensemble Method for Predicting and Designing of Druggable Proteins.,"Over the years, several proteins and peptides with diverse therapeutic properties such as anticancer, antimicrobial, antihypertensive effects have been discovered. However, only a few hundred proteins are considered druggable with US FDA approval, while most of them failed during clinical trials. This study systematically investigates the compositional and physicochemical properties of FDA-approved proteins to develop predictive models for identifying druggable proteins. Our main dataset comprises of 356 FDA approved proteins as positive dataset and equal number of randomly selected proteins as negative dataset. We used 80% data as training set and 20% as independent validation data, with no protein in validation dataset having more than 40% similarity with any protein in training dataset. Random forest-based model developed using SVC-L1 selected features obtained maximum performance AUC of 0.80 with MCC 0.61 on validation data. In addition to this, we performed MERCI-based motif analysis to find exclusive motifs/ patterns in druggable proteins. Finally, we proposed an ensemble-based method combining best performing machine learning model with exclusive motifs and achieved AUC 0.92 with MCC 0.83 on independent validation dataset. In order to serve the scientific community, web server and standalone package of ""ThPPred"" facilitating prediction and designing of druggable proteins is proposed (https://webs.iiitd.edu.in/raghava/thppred/).",Proteomics. Clinical applications,Proteomics Clin Appl,2026,20,3,e70046,,,eng,Journal Article,Jain S;Gupta S;Raghava GPS,Jain Shipra;Gupta Srijanee;Raghava Gajendra P S,"Department of Computational Biology, Indraprastha Institute of Information Technology, New Delhi, India.;Department of Computational Biology, Indraprastha Institute of Information Technology, New Delhi, India.;Department of Computational Biology, Indraprastha Institute of Information Technology, New Delhi, India.",druggable proteins;machine learning techniques;motifs;therapeutics,"Proteins;Humans;Machine Learning;Drug Design;Databases, Protein",,BT/PR40158/BTIS/137/24/2021,PUBMED,,0,,"Jain S, 2026, Proteomics Clin Appl","Jain S, 2026, Proteomics Clin Appl"
42093931,Multimodal machine learning for distinguishing pediatric multiple sclerosis from non-inflammatory conditions using optical coherence tomography.,"Identifying multiple sclerosis (MS) in children early is critical, as early therapeutic intervention can improve outcomes. The anterior visual pathway has been demonstrated to be of central importance in diagnostic considerations for MS and has recently been identified as a fifth topography in the McDonald Diagnostic Criteria for MS. Optical coherence tomography (OCT) provides high-resolution retinal imaging and reflects the structural integrity of the retinal nerve fiber and ganglion cell inner plexiform layers. Whether multimodal deep learning models can use OCT alone to diagnose pediatric onset MS (POMS) is unknown. We analyzed 3D OCT scans collected prospectively through the Neuroinflammatory Registry of the Hospital for Sick Children (REB#1000005356). Raw macular and optic nerve head images, and 52 automatically segmented features were included. We evaluated three classification approaches: (1) deep learning models (e.g., ResNet, DenseNet) for representation learning followed by classical ML classifiers, (2) ML models trained on OCT-derived features, and (3) multimodal models combining both via early and late fusion. Scans from individuals with POMS (onset 16.0 ± 3.1 years, 51.0% female; 211 scans) and 29 children with non-inflammatory neurological conditions (13.1 ± 4.0 years, 69.0% female, 52 scans) were included. The early fusion model achieved the highest performance (AUC: 0.90, weighted Multimodal learning with early fusion significantly enhances diagnostic performance by combining spatial retinal information with clinically relevant structural features. This approach captures complementary patterns associated with MS pathology and shows promise as an AI-driven tool to support pediatric neuroinflammatory diagnosis.",Frontiers in neurology,Front Neurol,2026,17,,1791696,,,eng,Journal Article,Chen C;Soltanieh S;Rajapaksa S;Khalvati F;Yeh EA,Chen Chaojun;Soltanieh Sahar;Rajapaksa Sajith;Khalvati Farzad;Yeh E Ann,"Program in Neuroscience and Mental Health, SickKids Research Institute, The Hospital for Sick Children, Toronto, ON, Canada.;Program in Neuroscience and Mental Health, SickKids Research Institute, The Hospital for Sick Children, Toronto, ON, Canada.;Program in Neuroscience and Mental Health, SickKids Research Institute, The Hospital for Sick Children, Toronto, ON, Canada.;Program in Neuroscience and Mental Health, SickKids Research Institute, The Hospital for Sick Children, Toronto, ON, Canada.;Department of Medical Imaging, University of Toronto, Toronto, ON, Canada.;Program in Neuroscience and Mental Health, SickKids Research Institute, The Hospital for Sick Children, Toronto, ON, Canada.;Division of Neurology, Department of Pediatrics, The Hospital for Sick Children, University of Toronto, Toronto, ON, Canada.",demyelinating disorders;multimodal machine learning;neuroimaging diagnostics;optical coherence tomography;pediatric multiple sclerosis,,,,PUBMED,,0,,"Chen C, 2026, Front Neurol","Chen C, 2026, Front Neurol"
42092436,Fourier transform infrared spectra and machine learning to detect low HER2 expression in breast cancer plasma.,"In patients with breast cancer, tumors showing low human epidermal growth factor receptor 2 (HER2) expression may not demonstrate clinical benefits from chemotherapy. Since traditional diagnostic methods for detecting HER2 expression require invasive tissue biopsies, we propose a less invasive approach that combines attenuated total reflectance Fourier-transform infrared (ATR-FTIR) spectroscopy with machine learning to detect breast cancer with low plasma HER2 expression. The leftover heparinized plasma with low HER2 expression from 55 breast cancer patients and 32 healthy controls were performed with ATR-FTIR spectrometer. The ten protocol was applied to preprocessed data analysis. Then, machine learning models such as partial least squares-discriminant analysis (PLS-DA) and neural network were performed. The analytical performance was calculated for accuracy, sensitivity and specificity of the predicted model of detection. The infrared spectra of low HER2 expression from 55 breast cancer samples and 32 control samples were obtained and analyzed in the 1400 - 1000 cm This approach has the potential to detect low HER2 expression in less invasive samples. However, validation through larger-scale clinical trials should be considered to achieve more efficiency.",Photodiagnosis and photodynamic therapy,Photodiagnosis Photodyn Ther,2026,59,,105503,,,eng,Journal Article,Klongkleaw K;Chatchawal P;Tippayawat P;Techasen A;Wongwattanakul M,Klongkleaw Kanjana;Chatchawal Patutong;Tippayawat Patcharaporn;Techasen Anchalee;Wongwattanakul Molin,"Biomedical Science Program, Graduate School, Khon Kaen University, Khon Kaen 40002, Thailand; Centre for Research and Development of Medical Diagnostic Laboratories, Faculty of Associated Medical Sciences, Khon Kaen University, Khon Kaen 40002, Thailand.;Center for Innovation and Standard for Medical Technology and Physical Therapy, Faculty of Associated Medical Sciences, Khon Kaen University, Khon Kaen 40002, Thailand.;Centre for Research and Development of Medical Diagnostic Laboratories, Faculty of Associated Medical Sciences, Khon Kaen University, Khon Kaen 40002, Thailand; Center for Innovation and Standard for Medical Technology and Physical Therapy, Faculty of Associated Medical Sciences, Khon Kaen University, Khon Kaen 40002, Thailand.;Centre for Research and Development of Medical Diagnostic Laboratories, Faculty of Associated Medical Sciences, Khon Kaen University, Khon Kaen 40002, Thailand.;Centre for Research and Development of Medical Diagnostic Laboratories, Faculty of Associated Medical Sciences, Khon Kaen University, Khon Kaen 40002, Thailand; Center for Innovation and Standard for Medical Technology and Physical Therapy, Faculty of Associated Medical Sciences, Khon Kaen University, Khon Kaen 40002, Thailand. Electronic address: moliwo@kku.ac.th.",Analytical performance;Breast cancer;HER2;Human epidermal growth factor receptor 2;Neural network;Partial least squares-discriminant analysis;Vibrational spectroscopy,,,,PUBMED,,0,,"Klongkleaw K, 2026, Photodiagnosis Photodyn Ther","Klongkleaw K, 2026, Photodiagnosis Photodyn Ther"
42091261,Application of a machine learning technique for image-based profiling of circulating platelets.,,Journal of thrombosis and haemostasis : JTH,J Thromb Haemost,2026,24,5,1600,1603,,eng,Journal Article,Goto S;Goto S,Goto Shinya;Goto Shinichi,"Department of Medicine (Cardiology), Tokai University School of Medicine, Isehara, Japan. Electronic address: sgoto3@mac.com.;Department of Medicine (Cardiology), Tokai University School of Medicine, Isehara, Japan.",artificial intelligence;endothelium;multidimensional data;platelets,,,,PUBMED,,0,,"Goto S, 2026, J Thromb Haemost","Goto S, 2026, J Thromb Haemost"
42090183,Predicting the risk of venous thromboembolism events in older adults with rheumatoid arthritis after initiating targeted disease-modifying antirheumatic drugs: a comparison of the random survival forest and regularized cox regression models.,"To develop a random survival forest (RSF) machine learning (ML) model for predicting venous thromboembolism (VTE) risk in rheumatoid arthritis (RA) patients initiating biological (b) or targeted synthetic (ts) disease-modifying antirheumatic drugs (DMARDs) and compare its model performance with a regularized Cox regression (RegCox) model. This retrospective cohort study using the 5% Medicare data (2012-2020) identified older RA patients (≥ 65 years) initiating b/tsDMARDs (index date), including tumor necrosis factor inhibitors (TNFi) bDMARDs, non-TNFi bDMARDs, and tsDMARDs between January 1, 2013, through December 31, 2019. Study cohort was followed until an incident composite VTE event or censoring. Data were divided into training (75%) and testing (25%) sets. The RSF model was trained to predict VTE events during the follow-up period in the training set, with the RegCox model as the reference model. The performance of these models was evaluated in the testing data using the C-index. Variable importance of the predictors was assessed. Of 3,648 RA patients, 360 (9.87%) experienced any VTE event. The RSF model had better performance (C-index [95% CI] = 0.609[0.602-0.617]) than the RegCox model (C-index [95% CI] = 0.599[0.597-0.602], The RSF model performed slightly better in identifying VTE in RA patients after b/tsDMARDs initiation than RegCox. Incorporating additional clinical and contextual information beyond claims data may further enhance predictive accuracy in future studies.",Current medical research and opinion,Curr Med Res Opin,2026,,,1,16,,eng,Journal Article,Huang Y;Bazzazzadehgan S;Maharjan S;Lin Y;Bentley JP;Agarwal SK;Yang Y,Huang Yinan;Bazzazzadehgan Shadi;Maharjan Shishir;Lin Ying;Bentley John P;Agarwal Sandeep K;Yang Yi,"Department of Pharmacy Administration, University of Mississippi School of Pharmacy, University, Mississippi, USA.;Center for Pharmaceutical Marketing and Management, University of Mississippi School of Pharmacy, University, Mississippi, USA.;Department of Pharmacy Administration, University of Mississippi School of Pharmacy, University, Mississippi, USA.;Department of Pharmacy Administration, University of Mississippi School of Pharmacy, University, Mississippi, USA.;Department of Industrial Engineering, University of Houston Cullen College of Engineering, Houston, Texas, USA.;Department of Pharmacy Administration, University of Mississippi School of Pharmacy, University, Mississippi, USA.;Center for Pharmaceutical Marketing and Management, University of Mississippi School of Pharmacy, University, Mississippi, USA.;Section of Immunology, Allergy and Rheumatology, Baylor College of Medicine Department of Medicine, Houston, Texas, USA.;Department of Pharmacy Administration, University of Mississippi School of Pharmacy, University, Mississippi, USA.;Center for Pharmaceutical Marketing and Management, University of Mississippi School of Pharmacy, University, Mississippi, USA.",Random survival forest;biological disease modifying antirheumatic drugs;machine learning;rheumatoid arthritis;targeted synthetic disease modifying antirheumatic drugs;venous thromboembolism,,,,PUBMED,,0,,"Huang Y, 2026, Curr Med Res Opin","Huang Y, 2026, Curr Med Res Opin"
42086061,Topological data analysis improves estimation of muscle fatigue and contraction level from surface electromyography data.,,Journal of neural engineering,J Neural Eng,2026,23,3,,,,eng,Clinical Trial; Journal Article,Clarke AK;Kang HS;Ahn C;Wheatley BB,Clarke Allyson K;Kang Hyun Soo;Ahn Chulhyun;Wheatley Benjamin B,"Department of Mechanical Engineering, University of Washington, Seattle, WA, United States of America.;Department of Molecular and Cell Biology, University of California, Berkeley, CA, United States of America.;Department of Physical Medicine & Rehabilitation, Geisinger Health System, Danville, PA, United States of America.;Department of Mechanical Engineering, Bucknell University, Lewisburg, PA, United States of America.",deep learning;machine learning;median frequency;peripheral motor fatigue;regression;rehabilitation,"Muscle Fatigue;Electromyography;Muscle Contraction;Fourier Analysis;Regression Analysis;Reproducibility of Results;Humans;Male;Female;Adolescent;Young Adult;Adult;Middle Aged;Hand;Muscle, Skeletal;Data Interpretation, Statistical",,,PUBMED,,0,,"Clarke AK, 2026, J Neural Eng","Clarke AK, 2026, J Neural Eng"
42082519,Learning patient-specific spatial biomarker dynamics via operator learning for Alzheimer's disease progression.,"Alzheimer's disease (AD) is a complex, multifactorial neurodegenerative disorder with substantial heterogeneity in progression and treatment response. Despite recent therapeutic advances, predictive models capable of accurately forecasting individualized future biomarker states remain limited. Here, we present a machine learning-based operator learning framework for personalized modeling of AD progression, integrating longitudinal multimodal imaging, biomarker, and clinical data. Unlike conventional models with prespecified dynamics, our approach directly learns patient-specific disease operators governing the spatiotemporal evolution of amyloid, tau, and neurodegeneration biomarkers. Using Laplacian eigenfunction bases, we construct geometry-aware neural operators capable of capturing complex brain dynamics. Embedded within a digital twin paradigm, the framework enables individualized predictions, simulation of therapeutic interventions, and in silico clinical trials. Applied to AD clinical data, our method achieves high prediction accuracy exceeding 90% across multiple biomarkers, substantially outperforming existing approaches. This work offers a scalable, interpretable platform for precision modeling and personalized therapeutic optimization in neurodegenerative diseases.",NPJ systems biology and applications,NPJ Syst Biol Appl,2026,,,,,,eng,Journal Article,Wang J;Mao Y;Liu X;Hao W,Wang Jindong;Mao Yutong;Liu Xiao;Hao Wenrui,"Department of Mathematics, Penn State University, University Park, PA, USA. jzw6472@psu.edu.;Department of Biomedical Engineering, Penn State University, University Park, PA, USA.;Department of Biomedical Engineering, Penn State University, University Park, PA, USA.;Department of Mathematics, Penn State University, University Park, PA, USA.",,,,1R35GM146894; 1R35GM146894,PUBMED,,0,,"Wang J, 2026, NPJ Syst Biol Appl","Wang J, 2026, NPJ Syst Biol Appl"
42081274,Machine Learning Prediction and Reducing Overdoses With Electronic Health Record Nudges (mPROVEN) in the Primary Care Setting: Protocol for a Cluster Randomized Controlled Trial.,"Opioid overdose remains a leading cause of preventable death in the United States. Existing approaches to identify individuals at elevated risk rely on imprecise rule-based criteria that misclassify patients' risk of this serious health outcome. Machine learning (ML) algorithms can help improve prediction performance and can be combined with electronic health record (EHR) interventions to reduce overdose risk. The Machine Learning Prediction and Reducing Overdoses With EHR Nudges (mPROVEN) clinical trial integrates a validated ML overdose risk model with behavioral economics-informed EHR nudges to test whether the combination improves evidence-based prescribing behaviors associated with lower overdose risk and, ultimately, reduces overdose among elevated-risk patients. mPROVEN is a pragmatic cluster randomized controlled trial conducted in primary care practices within a large multistate integrated health system. Eligible patients are adults (≥18 years) identified by the ML algorithm as having elevated overdose risk and seen at a primary care visit during the study period. Primary care practices serve as the unit of randomization and will be randomized into three arms: (1) usual care; (2) elevated risk flag only, where clinicians see a noninterruptive EHR flag indicating elevated overdose risk; and (3) elevated risk flag + nudges, in which active choice and accountable justification alerts are embedded within the EHR in addition to the elevated risk flag. The trial will enroll a target cohort of 800 patients for the primary analysis. The intervention period is 4 months (or until the study ends, whichever occurs later). The primary outcome is a 3‑point composite measure of safer opioid prescribing at 4 months, awarding 1 point each for active naloxone prescription, average opioid dosage of 50 morphine milligram equivalents per day or less, and absence of opioid-benzodiazepine overlap. Secondary outcomes include the composite outcome at 6 months, individual score components, and all-cause and overdose-specific emergency department or inpatient visits. Outcomes will be compared across study arms using an intention‑to‑treat approach with linear mixed‑effects models accounting for clinic-level clustering. Funded by the National Institutes of Health, in June 2022, enrollment began on March 10, 2025. Enrollment for the primary analysis cohort (n=798) was completed in May 2025 with additional participants enrolled for secondary analyses through December 2025 (n=1662). Primary cohort analyses began in January 2026, and results are expected by mid-2027. The mPROVEN study is among the first pragmatic randomized controlled trials to integrate ML‑based opioid overdose risk prediction with behavioral nudges within a large health system EHR. By combining advances in data science and behavioral economics, the study aims to reduce opioid overdose risk in primary care using a scalable and low-touch intervention to address a high-priority public health issue. ClinicalTrials.gov NCT06806163; https://clinicaltrials.gov/study/NCT06806163. DERR1-10.2196/94007.",JMIR research protocols,JMIR Res Protoc,2026,15,,e94007,,,eng,Journal Article; Clinical Trial Protocol,Gellad WF;Chen YF;Park TW;Yang Q;Arnold JD;Kuza CC;Fedro-Byrom SN;Diiulio J;Militello LG;Whitlock M;Sadhu EM;Visweswaran S;Fine MJ;Abebe KZ;Suda KJ;Lo-Ciganic WH,Gellad Walid F;Chen Yi-Fan;Park Tae Woo;Yang Qingnan;Arnold Jonathan D;Kuza Courtney C;Fedro-Byrom Stephanie N;Diiulio Julie;Militello Laura G;Whitlock Michelle;Sadhu Eugene M;Visweswaran Shyam;Fine Michael J;Abebe Kaleab Z;Suda Katie J;Lo-Ciganic Wei-Hsuan,"Division of General Internal Medicine, University of Pittsburgh, Pittsburgh, PA, United States.;Center for Pharmaceutical Policy and Prescribing, University of Pittsburgh, Pittsburgh, PA, United States.;VA Pittsburgh Healthcare System, Pittsburgh, PA, United States.;Center for Biostatistics and Qualitative Methodology, Division of General Internal Medicine, University of Pittsburgh, Pittsburgh, PA, United States.;Center for Pharmaceutical Policy and Prescribing, University of Pittsburgh, Pittsburgh, PA, United States.;Department of Psychiatry, University of Pittsburgh, Pittsburgh, PA, United States.;Division of General Internal Medicine, University of Pittsburgh, Pittsburgh, PA, United States.;Center for Pharmaceutical Policy and Prescribing, University of Pittsburgh, Pittsburgh, PA, United States.;Division of General Internal Medicine, University of Pittsburgh, Pittsburgh, PA, United States.;Center for Pharmaceutical Policy and Prescribing, University of Pittsburgh, Pittsburgh, PA, United States.;Division of General Internal Medicine, University of Pittsburgh, Pittsburgh, PA, United States.;Center for Pharmaceutical Policy and Prescribing, University of Pittsburgh, Pittsburgh, PA, United States.;Applied Decision Science, Cincinnati, OH, United States.;Applied Decision Science, Cincinnati, OH, United States.;Applied Decision Science, Cincinnati, OH, United States.;Department of Biomedical Informatics, University of Pittsburgh, Pittsburgh, PA, United States.;Department of Biomedical Informatics, University of Pittsburgh, Pittsburgh, PA, United States.;Division of General Internal Medicine, University of Pittsburgh, Pittsburgh, PA, United States.;Center for Biostatistics and Qualitative Methodology, Division of General Internal Medicine, University of Pittsburgh, Pittsburgh, PA, United States.;Division of General Internal Medicine, University of Pittsburgh, Pittsburgh, PA, United States.;Center for Pharmaceutical Policy and Prescribing, University of Pittsburgh, Pittsburgh, PA, United States.;VA Pittsburgh Healthcare System, Pittsburgh, PA, United States.;Division of General Internal Medicine, University of Pittsburgh, Pittsburgh, PA, United States.;Center for Pharmaceutical Policy and Prescribing, University of Pittsburgh, Pittsburgh, PA, United States.;Geriatric Research Education and Clinical Center, North Florida/South Georgia Veterans Health System, Gainesville, FL, United States.",behavioral nudge;best practice alert;cluster randomized trial;electronic health record platforms;machine learning;opioid;opioid overdose;primary care;risk prediction,"Humans;Electronic Health Records;Primary Health Care;Machine Learning;Drug Overdose;Adult;Analgesics, Opioid;Female;Male;Randomized Controlled Trials as Topic;Opiate Overdose",,,PUBMED,,0,,"Gellad WF, 2026, JMIR Res Protoc","Gellad WF, 2026, JMIR Res Protoc"
42081176,Automated Measurement of Depigmentation Extent with a New AI Tool Applied to the Example of Vitiligo.,"We have developed a digital algorithm to assess skin pigmentation, specifically an artificial intelligence-based image analysis tool that segments photographed lesions and then scores them by Facial Vitiligo Area Scoring Index (F-VASI), in place of trained site investigators. Vitiligo, the disease used in this exemplary demonstration of the algorithm, is a chronic, acquired, immune-mediated depigmentation disease characterized by white macules and/or patches of skin. The F-VASI is a clinician-reported outcome that relies on manual assessment of affected body surface area (BSA) and level of depigmentation and is subject to inter- and intra-rater variability. Here, we present automated medical image segmentation of vitiligo lesions and digitization of validated scores, including F-VASI, BSA, and percentage of depigmentation (%Depigmentation). Our convolutional neural network (""UNet"") uses encoder-decoder architecture to process photographic images and quantify areas of skin affected by vitiligo. We trained and validated our model using cross-polarized participant photos from clinical trials, achieving 81% accuracy when predicting vitiligo lesions in new photos. In addition, we created an algorithm to digitize F-VASI assessment using estimates of BSA and %Depigmentation that were calculated using the predicted lesions in the photos. We were able to achieve an interclass correlation coefficient of 0.91 when comparing our digital F-VASI score to the manually estimated F-VASI score. We found that using a UNet to segment vitiligo lesions can allow us to digitize clinically meaningful measures for vitiligo. The phase 2b study: NCT03715829.",Dermatology and therapy,Dermatol Ther (Heidelb),2026,,,,,,eng,Journal Article,Chen Y;Lukic T;Chen AS;Adiri R;Tran H;Schaefer G;Ghosh P;Madhavan S;Soma K;Gamalo M,Chen Yalei;Lukic Tatjana;Chen All-Shine;Adiri Roni;Tran Helen;Schaefer Gregor;Ghosh Pranab;Madhavan Subha;Soma Koshika;Gamalo Margaret,"Pfizer Inc., Cambridge, MA, USA. yalei.chen@pfizer.com.;Pfizer Inc., New York, NY, USA.;Pfizer Inc., Groton, CT, USA.;Pfizer Pharmaceuticals Ltd, Herzliya Pituach, Israel.;Pfizer Inc., Cambridge, MA, USA.;Pfizer Pharma GmbH, Berlin, Germany.;Pfizer Inc., Cambridge, MA, USA.;Pfizer Inc., Cambridge, MA, USA.;Pfizer Inc., Groton, CT, USA.;Pfizer Inc., Groton, CT, USA.",Assessment;Image analysis;Machine-learning;Vitiligo,,,,PUBMED,,0,,"Chen Y, 2026, Dermatol Ther (Heidelb)","Chen Y, 2026, Dermatol Ther (Heidelb)"
42078244,Digital Twin-Guided Virtual Clinical Trials for Predicting and Preventing Postoperative Atrial Fibrillation in Cardiac Surgery.,"Background Postoperative atrial fibrillation (POAF) is a common complication following cardiac surgery, contributing to increased patient morbidity, mortality, and healthcare expenses. Current risk stratification tools offer limited predictive accuracy and do not support proactive intervention strategies. Objective To develop and validate a digital twin framework utilizing patient-specific electrophysiology models for predicting POAF onset before clinical manifestation, enabling synthetic cohort generation for virtual randomized controlled trials (RCTs) and precision prevention strategies. Methods We applied a digital twin framework integrating multimodal perioperative data, patient-specific electrophysiological models, synthetic cohorts, and virtual randomized trials. Data from 38,742 patients included continuous high-resolution ECG monitoring. Digital twins combined biophysical models (modified Hodgkin-Huxley, bidomain conduction) with machine learning tuned to individual ECG, hemodynamic, and biomarker data. Generative adversarial networks generated synthetic cohorts, enabling virtual trials comparing twin-guided strategies with standard care. Results The digital twin framework achieved superior predictive accuracy (area under the curve: 0.89) compared to traditional risk scores. Synthetic cohorts of 10,000 virtual patients identified optimal intervention windows 48-72 hours preoperatively. Virtual RCTs demonstrated a 34% simulated reduction in POAF incidence through digital twin-guided prophylactic strategies, with improvements in simulated length of stay and stroke incidence. These findings are derived from computational modeling and require prospective validation. Conclusions Digital twin modeling enables proactive POAF prevention, accelerates clinical trial design, and provides a scalable platform for precision intervention strategies with substantial potential for reducing healthcare economic burden while improving patient outcomes.",Cureus,Cureus,2026,18,4,e106276,,,eng,Journal Article,Khalpey Z;King N,Khalpey Zain;King Nicholas,"Department of Cardiothoracic Surgery, HonorHealth, Scottsdale, USA.;Department of Cardiology, HonorHealth, Scottsdale, USA.",artificial intelligence;cardiac surgery;digital twin;postoperative atrial fibrillation;virtual clinical trials,,,,PUBMED,,0,,"Khalpey Z, 2026, Cureus","Khalpey Z, 2026, Cureus"
42069070,Automated approaches to identifying clinical trials based on title and abstract in the field of physiotherapy: a comparative analysis.,"To compare accuracy, precision, recall, F1 and time spent using commercial tools to identify physiotherapy trials based on title and abstract, compared with a human approach. This study compared two approaches for title and abstract screening of 10,793 newly published records. In the reference standard human approach, two reviewers independently screened records using pre-specified rules to assess relevance to physiotherapy. A third person resolved disagreements. We evaluated three LLMs (gpt-4o, gpt-4.5, gpt-4-turbo) within two commercial, web-based tools (ChatGPT and Co-pilot). Outcomes were accuracy (proportion of records that model correctly identified as relevant or irrelevant), precision (proportion of records identified as relevant that were considered as relevant by human approach), recall (the proportion of all actual relevant records that the model successfully identified), F1 (harmonic mean of precision and recall) and time spent. Exploratory analyses compared the performance of the commercial tools with local approaches, including local LLMs implementation, machine learning and natural language processing. Commercial tools showed comparable performance across all metrics (ChatGPT vs Copilot: accuracy: 83% vs 86%; precision: 44% vs 48%; recall: 88% vs 87%; F1: 59% vs 62%). The total time spent using commercial tools with a labelled dataset was equivalent to 37% of the time required for the human-only screening process. Exploratory analysis showed that the API-based implementation has comparable performance (accuracy: 82%; precision: 42%; recall: 93%; F1: 58%). Yet, LLM-based models demonstrated lower performance compared with other local, custom-adapted automation approaches such as machine learning and natural language processing. This proof-of-concept study demonstrates that commercial web-based LLMs may have sufficient accuracy to support title and abstract screening and substantially reduce the time to identify field-specific trials. However, alternative approaches, including machine learning or natural language processing, could achieve screening performance similar to or slightly higher than that of commercial tools, yet they require a series of pre-processing steps for implementation.",Journal of clinical epidemiology,J Clin Epidemiol,2026,,,112309,,,eng,Journal Article,Kwok WS;Wallbank G;Hodgson P;Schrader T;Shao L;Elkins M;Fandim J;Scott J;Sherrington C;Traeger A,Kwok Wing S;Wallbank Geraldine;Hodgson Philip;Schrader Thomas;Shao Lexuan;Elkins Mark;Fandim Junior;Scott Julia;Sherrington Cathie;Traeger Adrian,"Institute for Musculoskeletal Health, Sydney Local Health District, Sydney, Australia; School of Public Health, Faculty of Medicine and Health, The University of Sydney, Australia.;Institute for Musculoskeletal Health, Sydney Local Health District, Sydney, Australia; School of Public Health, Faculty of Medicine and Health, The University of Sydney, Australia.;Physiotherapy Department, Tees, Esk and Wear Valleys NHS Foundation Trust, West Park Hospital, Edward Pease Way, Darlington, United Kingdom GB-DL2 2TS; School of Science, Technology and Health, York St John University, Lord Mayor's Walk, York GB-YO31 7EX.;Brandenburg University of Applied Sciences, Germany.;School of Public Health, Faculty of Medicine and Health, The University of Sydney, Australia.;Faculty of Medicine and Health, University of Sydney.;PEDro Brazil Satellite Centre, Brazil.;Faculty of Medicine and Health, University of Sydney.;Institute for Musculoskeletal Health, Sydney Local Health District, Sydney, Australia; School of Public Health, Faculty of Medicine and Health, The University of Sydney, Australia.;Institute for Musculoskeletal Health, Sydney Local Health District, Sydney, Australia; School of Public Health, Faculty of Medicine and Health, The University of Sydney, Australia.",large language model;physiotherapy;rehabilitation,,,,PUBMED,,0,,"Kwok WS, 2026, J Clin Epidemiol","Kwok WS, 2026, J Clin Epidemiol"
42067698,Prognostic Modeling Based on Post-Endovascular Thrombectomy Systolic Blood Pressure Trajectories Using Explainable Artificial Intelligence: A Secondary Analysis of the OPTIMAL-BP Trial.,"Blood pressure (BP) management following successful reperfusion after endovascular thrombectomy (EVT) is critical in achieving favorable clinical outcomes. Individualized BP management using predictive modeling by machine learning may further improve prediction of functional outcomes. This study was a retrospective analysis of data from the Outcome in Patients Treated with Intra-Arterial Thrombectomy-Optimal Blood Pressure Control (OPTIMAL-BP) trial, a randomized controlled trial comparing between intensive and conventional BP management during the 24 h after successful recanalization by EVT from June 18, 2020, to November 28, 2022. The trial was conducted across 19 centers in South Korea. Machine learning models were developed to predict functional independence (90-day modified Rankin Scale 0 to 2). Model performance was compared between clinical variables only and systolic blood pressure (SBP) metrics in addition to clinical variables. In addition, the Shapley additive explanations (SHAP) analysis was performed to provide model explanation and understand the importance of SBP metrics. A total of 288 patients (61.1% men, median age 75 years [interquartile range, 65-81]) were included. Among the six algorithms, the deep neural network model incorporating SBP metrics performed best on validation, achieving an area under the curve of 0.86 (95% confidence interval, 0.76-0.92) which was significantly better than the model using only clinical variables (area under the curve 0.80 [95% confidence interval, 0.69-0.88], P = .037). Among SBP metrics, SHAP analysis identified time rate of SBP and minimum SBP as important features, with time rate showing greater influence in the intensive group and minimum SBP in the conventional group. Integrating SBP metrics with clinical variables significantly improved machine learning performance in predicting functional outcomes after successful EVT. Explainable artificial intelligence (AI) identified time rate and minimum SBP as key predictors of outcome. Trial Registration Information: ClinicalTrials.gov (NCT04205305; registered December 17, 2019).",Journal of medical systems,J Med Syst,2026,50,1,,,,eng,Journal Article; Randomized Controlled Trial; Multicenter Study,Yu R;Heo J;Park E;Joo H;Jung JW;Kim KH;Yun J;Lee H;Choi JK;Lee IH;Lim IH;Hong SH;Baik M;Kim BM;Kim DJ;Shin NY;Cho BH;Ahn SH;Park H;Sohn SI;Hong JH;Song TJ;Chang Y;Kim GS;Seo KD;Lee K;Chang JY;Seo JH;Lee S;Baek JH;Cho HJ;Shin DH;Kim J;Yoo J;Jung YH;Hwang YH;Kim CK;Kim JG;Lee CJ;Park S;Lee HS;Kwon SU;Bang OY;Heo JH;Kim YD;Nam HS,Yu Rim;Heo JoonNyung;Park Eunjeong;Joo Haram;Jung Jae Wook;Kim Kwang Hyun;Yun Jaeseob;Lee Hyungwoo;Choi Jin Kyo;Lee Il Hyung;Lim In Hwan;Hong Soon-Ho;Baik Minyoul;Kim Byung Moon;Kim Dong Joon;Shin Na-Young;Cho Bang-Hoon;Ahn Seong Hwan;Park Hyungjong;Sohn Sung-Il;Hong Jeong-Ho;Song Tae-Jin;Chang Yoonkyung;Kim Gyu Sik;Seo Kwon-Duk;Lee Kijeong;Chang Jun Young;Seo Jung Hwa;Lee Sukyoon;Baek Jang-Hyun;Cho Han-Jin;Shin Dong Hoon;Kim Jinkwon;Yoo Joonsang;Jung Yo Han;Hwang Yang-Ha;Kim Chi Kyung;Kim Jae Guk;Lee Chan Joo;Park Sungha;Lee Hye Sun;Kwon Sun U;Bang Oh Young;Heo Ji Hoe;Kim Young Dae;Nam Hyo Suk,"Department of Neurology, Yonsei University College of Medicine, 50-1 Yonsei-ro, Seodaemoon-gu, Seoul, 03722, Korea.;Department of Neurology, Yonsei University College of Medicine, 50-1 Yonsei-ro, Seodaemoon-gu, Seoul, 03722, Korea.;Integrative Research Center for Cerebrovascular and Cardiovascular Diseases, Yonsei University College of Medicine, Seoul, South Korea.;Department of Radiology, Yonsei University College of Medicine, Seoul, Korea.;Department of Neurology, Yonsei University College of Medicine, 50-1 Yonsei-ro, Seodaemoon-gu, Seoul, 03722, Korea.;Department of Neurology, School of Medicine, Kyungpook National University Chilgok Hospital, Kyungpook National University, Daegu, South Korea.;Department of Neurology, Keimyung University Dongsan Hospital, Keimyung University School of Medicine, Daegu, Korea.;Department of Neurology, Yonsei University College of Medicine, 50-1 Yonsei-ro, Seodaemoon-gu, Seoul, 03722, Korea.;Department of Neurology, Seoul Medical Center, Seoul, Korea.;Department of Neurology, Kyung Hee University Hospital at Gangdong, Seoul, Korea.;Department of Neurology, Yonsei University College of Medicine, 50-1 Yonsei-ro, Seodaemoon-gu, Seoul, 03722, Korea.;Department of Neurology, Yonsei University College of Medicine, 50-1 Yonsei-ro, Seodaemoon-gu, Seoul, 03722, Korea.;Department of Neurology, Yongin Severance Hospital, Yonsei University College of Medicine, Yongin, Korea.;Department of Radiology, Yonsei University College of Medicine, Seoul, Korea.;Department of Radiology, Yonsei University College of Medicine, Seoul, Korea.;Department of Radiology, Yonsei University College of Medicine, Seoul, Korea.;Department of Neurology, Korea University Anam Hospital and College of Medicine, Seoul, Korea.;Department of Neurology, Chosun University School of Medicine, Gwangju, Korea.;Department of Neurology, Brain Research Institute, Keimyung University School of Medicine, Daegu, Korea.;Department of Neurology, Brain Research Institute, Keimyung University School of Medicine, Daegu, Korea.;Department of Neurology, Brain Research Institute, Keimyung University School of Medicine, Daegu, Korea.;Department of Neurology, College of Medicine, Seoul Hospital, Ewha Woman's University, Seoul, Korea.;Graduate Program in System Health Science and Engineering, Ewha Womans University , Seoul, Korea.;Department of Neurology, Mokdong Hospital, Ewha Woman's University College of Medicine, Seoul, Korea.;Department of Neurology, National Health Insurance Service Ilsan Hospital, Goyang, Korea.;Department of Radiology, Gangnam Severance Hospital, Yonsei University College of Medicine, Seoul, Korea.;Department of Neurology, National Health Insurance Service Ilsan Hospital, Goyang, Korea.;Department of Neurology, Asan Medical Center, University of Ulsan College of Medicine, Seoul, Korea.;Department of Neurology, Dong-A University Hospital, Busan, South Korea.;Department of Neurology, Busan Paik Hospital, Inje University College of Medicine, Busan, South Korea.;Department of Neurology, Kangbuk Samsung Hospital, Sungkyunkwan University School of Medicine, Seoul, Korea.;Department of Neurology, Pusan National University School of Medicine, Busan, Korea.;Department of Neurology, Gachon University Gil Medical Center, Incheon, Korea.;Department of Neurology, Yongin Severance Hospital, Yonsei University College of Medicine, Yongin, Korea.;Department of Neurology, Yongin Severance Hospital, Yonsei University College of Medicine, Yongin, Korea.;Department of Neurology, Gangnam Severance Hospital, Yonsei University College of Medicine, Seoul, Korea.;Department of Neurology, School of Medicine, Kyungpook National University Hospital, Kyungpook National University, Daegu, South Korea.;Department of Neurology, Korea University Guro Hospital and College of Medicine, Seoul, Korea.;Department of Neurology, Daejeon Eulji Medical Center, Eulji University School of Medicine, Daejeon, Korea.;Department of Health Promotion, Severance Hospital, Yonsei University College of Medicine, Seoul, Korea.;Cardiovascular Research Institute, Yonsei University College of Medicine, Seoul, Korea.;Department of Research Affairs, Biostatistics Collaboration Unit, Yonsei University College of Medicine, Seoul, Korea.;Department of Neurology, Asan Medical Center, University of Ulsan College of Medicine, Seoul, Korea.;Department of Neurology, Samsung Medical Center, Sungkyunkwan University School of Medicine, Seoul, Korea.;Department of Neurology, School of Medicine CHA university, CHA Bundang Medical Center, Seongnam-si, Korea.;Department of Neurology, Yonsei University College of Medicine, 50-1 Yonsei-ro, Seodaemoon-gu, Seoul, 03722, Korea. neuro05@yuhs.ac.;Integrative Research Center for Cerebrovascular and Cardiovascular Diseases, Yonsei University College of Medicine, Seoul, South Korea. neuro05@yuhs.ac.;Department of Neurology, Yonsei University College of Medicine, 50-1 Yonsei-ro, Seodaemoon-gu, Seoul, 03722, Korea. hsnam@yuhs.ac.;Integrative Research Center for Cerebrovascular and Cardiovascular Diseases, Yonsei University College of Medicine, Seoul, South Korea. hsnam@yuhs.ac.",Artificial intelligence;Blood pressure;Outcome;Thrombectomy,"Humans;Male;Aged;Female;Thrombectomy;Blood Pressure;Retrospective Studies;Aged, 80 and over;Endovascular Procedures;Machine Learning;Prognosis;Republic of Korea;Artificial Intelligence",,HC19C0028,PUBMED,,0,,"Yu R, 2026, J Med Syst","Yu R, 2026, J Med Syst"
42066923,Exploratory decoding of TMS-EEG: Predicting TEP response to intermittent and continuous theta burst stimulation.,"Theta burst stimulation (TBS) is a promising form of repetitive transcranial magnetic stimulation (rTMS) capable of modulating cortical excitability and intracortical processes, offering therapeutic potential for neurological and psychiatric disorders. However, clinical translation remains limited by high inter-subject and inter-session variability in stimulation effects. To more directly capture cortical responses, there is increased interest in combining TMS with electroencephalography (EEG) to assess TMS-evoked potentials (TEPs) before and after stimulation. As an individual's neurophysiological state influences stimulation outcomes, this study explores whether pre-stimulation resting-state EEG can predict changes in TEP component amplitudes following intermittent (iTBS) and continuous (cTBS) protocols applied to the left primary motor cortex, using data from fifteen healthy male participants in a randomized, single-blind crossover design. Linear (Lasso regression) and nonlinear (CatBoost regression) models were designed to predict changes in six TEP components (N15, P30, N45, P60, N100, P180). Both models consistently achieved lower mean absolute errors than the random guessing baseline, demonstrating their ability to capture meaningful predictive patterns in cortical responses. The best performing model varied by TEP component and TBS protocol. Incorporating feature deltas (post- vs. pre-stimulation feature difference) did not significantly enhance predictive performance. Feature importance analysis revealed the predictive value of spectral power and connectivity measures. For instance, connectivity between the stimulation site and frontal/parietal regions, together with oscillatory power in frontal and motor areas, often emerged as the top predictors. Given the limited sample size, these findings should be interpreted as exploratory and hypothesis-generating, requiring validation in larger and independent cohorts. The study establishes a framework for predicting individual TEP responses to TBS using machine learning, paving the way for personalized neuromodulation.",NeuroImage,Neuroimage,2026,334,,121957,,,eng,Journal Article; Randomized Controlled Trial,Callaert A;Vonck K;Avendaño DN;Carrette S;Silvestri C;Schnepel P;Mihajlović V;Carrette E;Ongenae F;Van Hoecke S,Callaert Arne;Vonck Kristl;Avendaño Diego Nieves;Carrette Sofie;Silvestri Chiara;Schnepel Philipp;Mihajlović Vojkan;Carrette Evelien;Ongenae Femke;Van Hoecke Sofie,"IDLab, Department of Electronics and Information Systems, Ghent University-imec, Ghent, Belgium. Electronic address: arne.callaert@ugent.be.;4BRAIN, Institute for Neuroscience, Department of Neurology, Ghent University, Ghent, Belgium.;IDLab, Department of Electronics and Information Systems, Ghent University-imec, Ghent, Belgium.;4BRAIN, Institute for Neuroscience, Department of Neurology, Ghent University, Ghent, Belgium.;4BRAIN, Institute for Neuroscience, Department of Neurology, Ghent University, Ghent, Belgium.;Imec Netherlands, Eindhoven, The Netherlands.;Imec Netherlands, Eindhoven, The Netherlands.;4BRAIN, Institute for Neuroscience, Department of Neurology, Ghent University, Ghent, Belgium.;IDLab, Department of Electronics and Information Systems, Ghent University-imec, Ghent, Belgium.;IDLab, Department of Electronics and Information Systems, Ghent University-imec, Ghent, Belgium.",Intermittent and continuous theta burst stimulation (iTBS and cTBS);Machine learning (ML);Resting-state EEG (rEEG);TMS-evoked potential (TEP);TMS–EEG;Transcranial magnetic stimulation (TMS),"Humans;Transcranial Magnetic Stimulation;Male;Electroencephalography;Adult;Motor Cortex;Young Adult;Theta Rhythm;Single-Blind Method;Cross-Over Studies;Evoked Potentials;Evoked Potentials, Motor",,,PUBMED,,0,,"Callaert A, 2026, Neuroimage","Callaert A, 2026, Neuroimage"
42065919,Aging-Associated CCL8,"Meningeal lymphatic vessels (mLVs) are essential for central nervous system (CNS) waste clearance and brain homeostasis, yet their functional decline during aging remains poorly understood. Here, through integrated single-cell and bulk transcriptomic analyses, we identify a distinct macrophage subset characterized by high CCL8 expression (CCL8⁺ macrophages) that accumulates in aged meninges and exhibits a pronounced senescence-associated secretory phenotype (SASP). Trajectory analysis positions CCL8⁺ macrophages at a senescence-associated terminal differentiation state. Mechanistically, CCL8⁺ macrophages engage in pro-inflammatory crosstalk with neutrophils via the CCL8-CCR1 axis, promoting aberrant neutrophil recruitment and excessive neutrophil extracellular traps (NETs) formation within meningeal lymphatic niches. These NETs structurally and functionally impair meningeal lymphatic drainage. Importantly, pharmacological inhibition of CCR1 with BX471 or enzymatic degradation of NETs with DNase I restores meningeal lymphatic function and ameliorates spatial learning and memory deficits in aged mice. Notably, CCR1 antagonist BX471 has previously been evaluated in early human clinical trials and shown favorable tolerability, supporting the translational feasibility of targeting this pathway. In addition, machine learning approaches identify a robust predictive gene signature associated with this senescent macrophage phenotype. Collectively, our findings reveal a previously unrecognized macrophage-neutrophil-NETs axis that links meningeal immunosenescence to meningeal lymphatic dysfunction and cognitive decline and may represent a promising therapeutic target for aging-related neurodegenerative disorders.",Aging and disease,Aging Dis,2026,,,,,,eng,Journal Article,Yuan Y;Wang R;He Q;Zhang Z;Wu X;Yi J;Chen J;Xie Y;You Y;Zhang L;Yang Z;He S;Tao Y;Xie Z,Yuan Ye;Wang Ruoli;He Qiuguang;Zhang Zhongyi;Wu Xuan;Yi Jing;Chen Junyi;Xie Yuxin;You You;Zhang Linhui;Yang Ziyi;He Shengwan;Tao Yihao;Xie Zongyi,"Department of Neurosurgery, The Second Affiliated Hospital, Chongqing Medical University, Chongqing, China.;Department of Neurosurgery, The Second Affiliated Hospital, Chongqing Medical University, Chongqing, China.;Department of Neurosurgery, The Second Affiliated Hospital, Chongqing Medical University, Chongqing, China.;Department of Neurosurgery, The Second Affiliated Hospital, Chongqing Medical University, Chongqing, China.;Department of Neurosurgery, The Second Affiliated Hospital, Chongqing Medical University, Chongqing, China.;Department of Neurosurgery, Changde Hospital, Xiangya School of Medicine, Central South University (The first people's hospital of Changde city), Changde, Hunan, China.;Department of Neurosurgery, The Second Affiliated Hospital, Chongqing Medical University, Chongqing, China.;Department of Neurosurgery, The Second Affiliated Hospital, Chongqing Medical University, Chongqing, China.;Department of Neurosurgery, The Second Affiliated Hospital, Chongqing Medical University, Chongqing, China.;Department of Neurosurgery, The Second Affiliated Hospital, Chongqing Medical University, Chongqing, China.;Department of Neurosurgery, The Second Affiliated Hospital, Chongqing Medical University, Chongqing, China.;Department of Neurosurgery, The Second Affiliated Hospital, Chongqing Medical University, Chongqing, China.;Department of Neurosurgery, The Second Affiliated Hospital, Chongqing Medical University, Chongqing, China.;Department of Neurosurgery, The Second Affiliated Hospital, Chongqing Medical University, Chongqing, China.",,,,,PUBMED,,0,,"Yuan Y, 2026, Aging Dis","Yuan Y, 2026, Aging Dis"
42063996,Artificial intelligence in radiation therapy: from imaging to delivery-a comprehensive review.,"Artificial intelligence (AI) is revolutionizing radiotherapy by enhancing precision, efficiency, and personalization in patient care. AI offers innovative solutions to longstanding challenges in radiation oncology by streamlining workflows, improving treatment accuracy, and alleviating the burden of heavy workloads on healthcare professionals, which is particularly critical in addressing current staffing shortages. As AI continues to evolve, its applications in radiotherapy are expected to expand, underscoring the need for healthcare providers to understand its current uses and future potential. This review provides a comprehensive analysis of AI's role across all stages of the radiotherapy workflow, from imaging and treatment planning to quality assurance and delivery. By focusing on recent advancements and key areas of implementation, the review highlights how AI is transforming clinical workflows and improving patient outcomes. Additionally, this review addresses the critical topic of AI regulations and guidelines, which are essential for its safe and ethical integration into clinical practice. It also explores AI's applications in clinical trials, emphasizing its role in enhancing trial efficiency and reliability. By examining these aspects, this review offers a detailed overview of the current state of AI in radiotherapy and its potential to shape the future of cancer treatment.",BJR artificial intelligence,BJR Artif Intell,2025,2,1,ubaf012,,,eng,Journal Article; Review,Duke K;Papanikolaou N,Duke Kristen;Papanikolaou Nikos,"Department of Radiation Oncology, The University of Texas Health Science Center at San Antonio, San Antonio, TX 78229, United States.;Department of Radiation Oncology, The University of Texas Health Science Center at San Antonio, San Antonio, TX 78229, United States.",artificial intelligence;clinical trials;deep learning;machine learning;personalized medicine;radiation oncology;radiation therapy;radiotherapy;regulations,,,,PUBMED,,0,,"Duke K, 2025, BJR Artif Intell","Duke K, 2025, BJR Artif Intell"
42062228,Deep Learning-Based Augmented Contrast-Enhancement and Denoising for Reduced-Iodine and Low-Radiation 70-kVp Cerebral CT Angiography: A Prospective Study.,"To evaluate the feasibility of cerebral computed tomography angiography (CTA) obtained with reduced iodine and low radiation at 70 kVp and the effect of deep learning-based augmented contrast enhancement (DL-ACE) and denoising (DL-DN) algorithms on the CTA quality. In this prospective study, 47 healthy volunteers (male:female, 31:16; mean age ± standard deviation, 57.8 ± 10.9 years) were randomly assigned to one of three CTA protocols: Group A (n = 16; 100 kVp, 40 mL of 350 mgI/mL), Group B (n = 16; 70 kVp, 40 mL of 270 mgI/mL), and Group C (n = 15; 70 kVp, 28 mL of 270 mgI/mL [ultralow iodine]), with an injection rate of 2.5 mL/s for all. Images were reconstructed using filtered back projection (FBP), and images in Groups B and C were additionally reconstructed using DL-ACE and DL-DN. Arterial attenuation, image noise, contrast-to-noise ratio (CNR), and subjective image quality were compared among five image sets. Compared with Group A, Groups B and C received 23.7% lower radiation doses. With FBP, arterial attenuation was significantly higher in Groups B (435.8 ± 50.2 Hounsfield units [HU]) and C (391.8 ± 52.1 HU) than in Group A (321.1 ± 47.4 HU) ( Cerebral CTA at 70-kVp using ultralow iodine enhanced arterial attenuation but increased image noise compared with the 100-kVp CTA protocol. DL-ACE and DL-DN significantly increased arterial attenuation and reduced image noise, resulting in higher CNR and better subjective image quality.",Korean journal of radiology,Korean J Radiol,2026,27,5,461,470,,eng,Journal Article; Randomized Controlled Trial,Song S;Cho ES;Kim Y;Ahn C;Suh SH;Chung JJ;Kim JH,Song Seunghyun;Cho Eun-Suk;Kim YuSik;Ahn Chulkyun;Suh Sang Hyun;Chung Jae-Joon;Kim Jong Hyo,"Department of Radiology, Gangnam Severance Hospital, Yonsei University College of Medicine, Seoul, Republic of Korea.;Department of Radiology, Gangnam Severance Hospital, Yonsei University College of Medicine, Seoul, Republic of Korea. jjondol@yuhs.ac.;Severance Institute for Vascular and Metabolic Research, Yonsei University College of Medicine, Seoul, Republic of Korea.;ClariPi AI Medical Imaging Solutions, Seoul, Republic of Korea.;Department of Radiology, Gangnam Severance Hospital, Yonsei University College of Medicine, Seoul, Republic of Korea.;Department of Radiology, Gangnam Severance Hospital, Yonsei University College of Medicine, Seoul, Republic of Korea.;Department of Transdisciplinary Studies, Graduate School of Convergence Science and Technology, Seoul National University, Seoul, Republic of Korea.;Department of Radiology, Seoul National University Hospital, Seoul, Republic of Korea.;Advanced Institutes of Convergence Technology, Seoul National University, Seoul, Republic of Korea.",Cerebral artery;Computed tomography angiography;Contrast media;Deep learning;Radiation,"Deep Learning;Humans;Computed Tomography Angiography;Contrast Media;Radiation Dosage;Cerebral Angiography;Radiographic Image Interpretation, Computer-Assisted;Adult;Male;Female;Aged, 80 and over;Iodine",,,PUBMED,,0,,"Song S, 2026, Korean J Radiol","Song S, 2026, Korean J Radiol"
42060540,Improving Long-Term Adherence to Endocrine Therapy Among Breast Cancer Survivors: Development of a Multiscale Modeling and Intervention System.,"Breast cancer is a significant public health burden. Despite its critical role in preventing the recurrence of breast cancer, rates of long-term adherence to endocrine therapy (ET) remain low among certain breast cancer survivors. Using embedded sensors in smartphones and wearables, ecological momentary assessment data and health behavior theory may facilitate a richer understanding of the real-world context of medication-taking behaviors, which can aid in the development of personalized interventions. The objective of this paper is to describe the development of a multiscale modeling intervention (MMI) system to facilitate adherence to daily oral ET for breast cancer survivors. This represents the first phase of a larger project that aims to use machine learning to predict when breast cancer survivors are most likely to miss their ET medications in order to deploy personalized interventions. The purpose of this paper was (1) to determine the acceptability of the proposed MMI system, (2) to identify modifiable predictors of ET medication adherence among breast cancer survivors, and (3) to select surveys or items measuring constructs associated with ET adherence among breast cancer survivors for inclusion in the MMI system. Study 1 consisted of usability interviews with a cohort of breast cancer survivors (n=25) prescribed ET. For study 1, all qualitative usability interviews were conducted using a semistructured interview guide and assessed whether breast cancer survivors were willing to use various components of the MMI system. Study 2 consisted of (1) a secondary data analysis of ET adherence data from 32 breast cancer survivors using a social cognitive theory framework and (2) a review of research literature of constructs and surveys measuring constructs associated with ET adherence among breast cancer survivors using a social cognitive theory framework. The secondary data analysis included the use of randomized neural network analysis to predict factors strongly associated with medication adherence. In study 1, usability interview findings suggested that participants were willing to use an ecological momentary assessment smartphone app, a smartwatch and associated smartphone app, a smart pill bottle or smart pill box and associated smartphone app, and the entire MMI system for a 6-month study period. In study 2, the randomized neural network analysis identified 104 survey items with significant contributions to 4-week medication adherence using a threshold of the 70th percentile for feature importance. After a review of peer-reviewed studies, we abstracted modifiable constructs significantly associated with adherence to adjuvant ET and identified 42 surveys used to measure these constructs. When these findings were combined, the final survey for the MMI system consisted of 32 surveys and demographic items. Our research highlights the use of social cognitive theory, data-driven models, and participant feedback to inform the development of a medication adherence monitoring system. Data from studies 1 and 2 were used to develop a prototype MMI system that will be deployed in a future longitudinal study with 20 breast cancer survivors over 6 months.",JMIR cancer,JMIR Cancer,2026,12,,e68255,,,eng,Clinical Trial; Journal Article,Gonzales Iv M;Garcia-Alcaraz C;Kaur N;Baglione AN;Livermon S;Barnes LE;Wells KJ,Gonzales Iv Manuel;Garcia-Alcaraz Cristian;Kaur Navreet;Baglione Anna N;Livermon Sarah;Barnes Laura E;Wells Kristen J,"SDSU/UCSD Joint Doctoral Program in Clinical Psychology, 5500 Campanile Drive, San Diego, CA, 92182, United States, 1 619-594-1919.;SDSU/UCSD Joint Doctoral Program in Clinical Psychology, 5500 Campanile Drive, San Diego, CA, 92182, United States, 1 619-594-1919.;Department of Engineering Systems and Environment, University of Virginia, Charlottesville, VA, United States.;Department of Engineering Systems and Environment, University of Virginia, Charlottesville, VA, United States.;Department of Engineering Systems and Environment, University of Virginia, Charlottesville, VA, United States.;Department of Engineering Systems and Environment, University of Virginia, Charlottesville, VA, United States.;Department of Psychology, San Diego State University, San Diego, CA, United States.",breast cancer survivors;breast neoplasms;digital health;ecological momentary assessment;endocrine therapy;mHealth;maintenance chemotherapy;medication adherence;mobile app;social cognitive theory,"Breast Neoplasms;Cancer Survivors;Medication Adherence;Neoplasm Recurrence, Local;Antineoplastic Agents, Hormonal;Machine Learning;Precision Medicine;User-Centered Design;Qualitative Research;Interviews as Topic;Social Cognition;Psychological Theory;Ecological Momentary Assessment;Mobile Applications;Humans;Female;Young Adult;Adult;Middle Aged;Aged",,,PUBMED,,0,,"Gonzales Iv M, 2026, JMIR Cancer","Gonzales Iv M, 2026, JMIR Cancer"
42059234,Artificial Intelligence in Medication Research and Development: The Pharmaceutical Industry's Future.,"It is no wonder that AI is making a major impact in drug development. As AI tools continue to advance and improve, it is easy to understand why pharmaceutical companies are taking a keen interest in AI in drug development and its potential benefits for saving time and money. AI is helping drug development become faster, more accurate, and cost-effective, all while benefiting the bottom line. When machine learning and deep learning come into play in this scenario, the potential for AI and its benefits in drug development is endless. It has already been proven in areas such as predicting drug properties, identifying and validating new targets, developing small molecule drugs, and even speeding up clinical trials through drug repurposing, drug development, and drug outcome predictions. Of course, as in all things in life, there are obstacles and hurdles that need to be addressed and overcome. This includes better data-sharing practices, better standards for algorithms, and even the potential for bringing biology and computer science closer together in order to bring lab work and modeling closer.",Current medicinal chemistry,Curr Med Chem,2026,,,,,,eng,Journal Article,AlMatar M;Eker E;Balgouthi K;Al-Reasi HA;Lakhal R,AlMatar Manaf;Eker Emel;Balgouthi Khaoula;Al-Reasi Hassan Ali;Lakhal Raja,"Biology Department, Faculty of Education and Arts, Sohar University, Sohar, 311, Sultanate of Oman.;Department of Pharmaceutical Microbiology, Harran University Faculty of Pharmacy, Sanlıurfa, 63300, Turkiye.;Department of Biotechnology, Institute of Natural and Applied Sciences, Çukurova University, 01330, Balcalı, Adana, Türkiye.;Biology Department, Faculty of Education and Arts, Sohar University, Sohar, 311, Sultanate of Oman.;Biology Department, Faculty of Education and Arts, Sohar University, Sohar, 311, Sultanate of Oman.",AI;drug development;drug discovery;intelligent pharmacy;machine learning;patient outcome,,,,PUBMED,,0,,"AlMatar M, 2026, Curr Med Chem","AlMatar M, 2026, Curr Med Chem"
42052683,Mapping the mRS Scores Into the EQ-5D-5L in Patients With Ischemic Stroke.,"Mapping concerns the cross-walking of one health-related quality of life instrument to another. This study aimed to translate the modified Rankin Scale (mRS) score at 3 months after ischemic stroke into a 5-level version of the EQ-5D-based utility values, which may be used for the derivation of quality-adjusted life years for cost-effectiveness analyses. Data from 3 Dutch multicenter phase III clinical trials in ischemic stroke were pooled (MR CLEAN-NO-IV, MR CLEAN-MED, and MR CLEAN-LATE). The mRS score and 5-level version of the EQ-5D were assessed by telephone interview at 3 months poststroke. The correlation (Spearman coefficient) between the mRS score and each 5-level version of the EQ-5D domain was assessed. Various direct and indirect mapping algorithms were explored. Model performance (predictive ability) was assessed using bootstrapping in the full testing set (mRS score 0-5) and in patients with independent (0-2) and dependent (3-5) mRS scores separately. Results were validated in an external validation set derived from a cross-sectional Dutch study. Final utility estimates per mRS score were assessed in the pooled trial and external validation data set. The 5-level version of the EQ-5D dimensions self-care, daily activities, and mobility demonstrated the strongest correlation to the mRS score ( The mean utility weights provided in this study may be used for the direct estimation of quality-adjusted life years from mRS scores. Furthermore, the multinomial logit model may be used to derive utility values from new data sets with different country-specific utility tariffs. Our results are ideally suited for application in cost-effectiveness analyses.",Stroke,Stroke,2026,,,,,,eng,Journal Article,Pinckaers FME;Grutters JPC;Evers SMAA;Lingsma HF;Boogaarts HD;Dippel DWJ;Postma AA;van der Lugt A;Majoie CBLM;Roos YBWEM;van Oostenbrugge RJ;van Zwam WH;Gabrio A,Pinckaers Florentina M E;Grutters Janneke P C;Evers Silvia M A A;Lingsma Hester F;Boogaarts Hieronymus D;Dippel Diederik W J;Postma Alida A;van der Lugt Aad;Majoie Charles B L M;Roos Yvo B W E M;van Oostenbrugge Robert J;van Zwam Wim H;Gabrio Andrea,"Department of Radiology and Nuclear Medicine (F.M.E.P., A.A.P., W.H.v.Z.), Maastricht University Medical Centre, the Netherlands.;Cardiovascular Research Institute (CARIM) (F.M.E.P., R.J.v.O., W.H.v.Z.), Maastricht University, the Netherlands.;Care and Public Health Research Institute (CAPHRI) (F.M.E.P., S.M.A.A.E., A.G.), Maastricht University, the Netherlands.;Science IQ Health, Radboudumc, Nijmegen, the Netherlands (J.P.C.G.).;Care and Public Health Research Institute (CAPHRI) (F.M.E.P., S.M.A.A.E., A.G.), Maastricht University, the Netherlands.;Department of Health Services Research (S.M.A.A.E.), Maastricht University, the Netherlands.;Centre of Economic Evaluation and Machine Learning, Trimbos Institute, Utrecht, the Netherlands (S.M.A.A.E.).;Department of Public Health (H.F.L.), Erasmus MC University Medical Center, Rotterdam, the Netherlands.;Department of Neurosurgery, Radboudumc, Nijmegen, the Netherlands (H.D.B.).;Department of Neurology (D.W.J.D.), Erasmus MC University Medical Center, Rotterdam, the Netherlands.;Department of Radiology and Nuclear Medicine (F.M.E.P., A.A.P., W.H.v.Z.), Maastricht University Medical Centre, the Netherlands.;Mental Health and Neuroscience Research Institute (MHENS) (A.A.P.), Maastricht University, the Netherlands.;Department of Radiology (A.v.d.L.), Erasmus MC University Medical Center, Rotterdam, the Netherlands.;Department of Radiology and Nuclear Medicine (C.B.L.M.M.), Amsterdam UMC, the Netherlands.;Department of Neurology (Y.B.W.E.M.R.), Amsterdam UMC, the Netherlands.;Department of Neurology (R.J.v.O.), Maastricht University Medical Centre, the Netherlands.;Cardiovascular Research Institute (CARIM) (F.M.E.P., R.J.v.O., W.H.v.Z.), Maastricht University, the Netherlands.;Department of Radiology and Nuclear Medicine (F.M.E.P., A.A.P., W.H.v.Z.), Maastricht University Medical Centre, the Netherlands.;Cardiovascular Research Institute (CARIM) (F.M.E.P., R.J.v.O., W.H.v.Z.), Maastricht University, the Netherlands.;Care and Public Health Research Institute (CAPHRI) (F.M.E.P., S.M.A.A.E., A.G.), Maastricht University, the Netherlands.;Department of Methodology and Statistics (A.G.), Maastricht University, the Netherlands.",algorithm;cost-benefit analysis;quality of life;quality-adjusted life years;stroke,,,,PUBMED,,0,,"Pinckaers FME, 2026, Stroke","Pinckaers FME, 2026, Stroke"
42047904,The Role of Molecular Testing in Head and Neck Squamous Cell Carcinoma of Unknown Primary.,"Squamous cell carcinomas of unknown primary (SCCUP), accounting for approximately 5% of head and neck malignancies, present significant clinical challenges in achieving disease control while minimizing therapy-related morbidities in the absence of a clear tumor origin. Biomarker assessment has traditionally focused on the detection of human papillomavirus and Epstein–Barr virus, which are strongly associated with oropharyngeal and nasopharyngeal carcinomas, respectively, and carry important diagnostic and therapeutic implications. Recent advances in molecular diagnostics have enabled integrative analysis of diverse targets, including tumor viral status and pathogenic genomic variants, by next-generation sequencing, improving specimen efficiency and analytic resolution of tumor-virus relationships, such as the identification of viral integration sites. In addition, emerging computational biomarkers, including mutational signature analysis and machine learning-assisted DNA methylation profiling, have shown promising performance in distinguishing squamous cell carcinomas arising from different sites, potentially providing valuable diagnostic support upon clinical validation. In parallel, ongoing clinical trials are investigating novel therapeutic regimens targeting major oncogenic alterations in head and neck cancer, including",Head and neck pathology,Head Neck Pathol,2026,20,1,,,,eng,Journal Article; Review,Yasin I;Hang JF;Chu YH,Yasin Irfan;Hang Jen-Fan;Chu Ying-Hsia,"Department of Laboratory Medicine and Pathology, University of Minnesota, Minneapolis, MN, USA.;Department of Pathology and Laboratory Medicine, Taipei Veterans General Hospital, Taipei, Taiwan.;Department of Pathology, School of Medicine, National Yang Ming Chiao Tung University, Taipei, Taiwan.;Institute of Clinical Medicine, National Yang Ming Chiao Tung University, Taipei, Taiwan.;Department of Laboratory Medicine and Pathology, University of Minnesota, Minneapolis, MN, USA. chu00231@umn.edu.;Masonic Cancer Center, University of Minnesota, Minneapolis, MN, USA. chu00231@umn.edu.",Actionable biomarker;Epstein–Barr virus;Human papillomavirus;Mutational signature analysis;Squamous cell carcinoma,,,,PUBMED,,0,,"Yasin I, 2026, Head Neck Pathol","Yasin I, 2026, Head Neck Pathol"
42047408,CEUS-Based Microvascular Invasion Predictor in HCC: Improving Prognostic Stratification Following Thermal Ablation.,"Microvascular invasion (MVI) critically impacts hepatocellular carcinoma (HCC) management. We aimed to develop and validate a deep learning model integrating contrast-enhanced ultrasound (CEUS) and clinical features for assessing MVI risk preoperatively, and to explore its prognostic associations in the thermal ablation (TA) cohort. We enrolled 688 patients with solitary HCC ≤ 5 cm undergoing CEUS before surgical resection (SR) or TA. CEUS features were extracted via a vision transformer and integrated with clinical features to build an MVI classifier for SR patients. SHAP plots visualized key variables. Recurrence-free survival (RFS) was then compared between model-stratified risk groups in the TA cohort. Cox regression analysis identified risk factors for RFS. The model achieved AUCs of 0.89 (internal validation) and 0.81 (external validation) for MVI prediction. The decision curve analysis further confirmed the clinical utility. SHAP plots identified AFP-L3%, PIVKA-II, and tumour size as the most influential clinical features. Among the CEUS features, the most significant feature was the arterial-phase dynamic sequence. In the TA cohort, patients with model-predicted high-risk MVI had significantly lower 1-, 2- and 3-year RFS rates (75.5%, 54.9%, 39.4%) compared to those with low-risk (83.8%, 80.0%, 78.0%) (p < 0.001). High MVI risk predicted by the model (HR = 2.90; 95% CI: 1.69-4.96) and AFP-L3% (HR = 1.34; 95% CI: 1.06-1.69) were independently associated with RFS in TA patients. The model accurately predicted MVI in surgical candidates and showed exploratory prognostic value in TA patients. As a retrospective single-centre study, it warrants prospective validation.",Liver international : official journal of the International Association for the Study of the Liver,Liver Int,2026,46,6,e70661,,,eng,Journal Article,Chen K;Zhang S;Huang T;Xu Y;Zhang Q;Zhu Y;Wan P;Kong W;Wang W,Chen Keke;Zhang Shukang;Huang Tianjiao;Xu Yadan;Zhang Qi;Zhu Yuli;Wan Peng;Kong Wentao;Wang Wenping,"Department of Ultrasound, Zhongshan Hospital, Fudan University, Shanghai, P. R. China.;College of Artificial Intelligence, Nanjing University of Aeronautics and Astronautics, Nanjing, P. R. China.;Department of Ultrasound, Nanjing Drum Tower Hospital, Affiliated Hospital of Medical School, Nanjing University, Nanjing, P. R. China.;Department of Ultrasound, Zhongshan Hospital, Fudan University, Shanghai, P. R. China.;Department of Ultrasound, Zhongshan Hospital, Fudan University, Shanghai, P. R. China.;Department of Ultrasound, Zhongshan Hospital, Fudan University, Shanghai, P. R. China.;College of Artificial Intelligence, Nanjing University of Aeronautics and Astronautics, Nanjing, P. R. China.;Department of Ultrasound, Nanjing Drum Tower Hospital, Affiliated Hospital of Medical School, Nanjing University, Nanjing, P. R. China.;Department of Ultrasound Medicine, Affiliated People's Hospital of Jiangsu University, Zhenjiang, P. R. China.;Department of Ultrasound, Zhongshan Hospital, Fudan University, Shanghai, P. R. China.",contrast‐enhanced ultrasound;deep learning;hepatocellular carcinoma;microvascular invasion; thermal ablation,"Humans;Liver Neoplasms;Carcinoma, Hepatocellular;Female;Male;Middle Aged;Ultrasonography;Aged;Prognosis;Neoplasm Invasiveness;Microvessels;Contrast Media;Retrospective Studies;Deep Learning;Risk Assessment;Risk Factors",,82472004; 82272013; 2022-LCYJ-MS-24; KFB2025007; SH2025068,PUBMED,,0,,"Chen K, 2026, Liver Int","Chen K, 2026, Liver Int"
42045784,Advancing IBD Management: A Literature Review on the Role of Non-Invasive Blood-Based Biomarkers in Predicting and Assessing Pharmacodynamic Response to Treatment.,"Reliable biomarkers that enable noninvasive, longitudinal assessment of disease activity and therapeutic response remain a major unmet need in inflammatory bowel disease (IBD). While colonic biopsies are the gold standard for evaluating mucosal inflammation, their invasive nature and limited spatial and temporal resolution constrain their utility in routine monitoring and clinical trials. Blood-based biomarkers offer a complementary approach, providing minimally invasive, readily accessible measures that can be repeatedly sampled over time. Emerging blood-derived signatures, including gene expression profiles and circulating molecular inflammation scores, capture systemic immune activity and have shown promise in predicting treatment response, disease flares, and pharmacodynamic (PD) effects of therapies. Recent advances utilizing multi-omics technologies and machine learning methods have further improved the predictive performance of blood-based biomarkers, particularly in the context of biologic therapies such as anti-tumor necrosis factor agents. Despite these advances and growing promises, challenges related to validation, standardization, and clinical integration persist. This review focused on recent advances in blood-based biomarkers for IBD, with an emphasis on their use in predicting treatment response and assessing pharmacodynamic effects in clinical trials.",Clinical and translational science,Clin Transl Sci,2026,19,5,e70562,,,eng,Journal Article; Review,Hassanein M;Xi L;Ryan RD;Ye ZH;Tania N;Sano Y;Varghese J;Branquinho D;Sapone A,Hassanein Mohamed;Xi Li;Ryan Rathi D;Ye Zhan Harold;Tania Nessy;Sano Yamato;Varghese Joshua;Branquinho Diogo;Sapone Anna,"Translational and Clinical Biomarkers, Pfizer Inc., Pearl River, New York, USA.;Clinical Omics & Biomarker Statistics, Pfizer Inc., Cambridge, Massachusetts, USA.;Clinical Omics & Biomarker Statistics, Pfizer Inc., Cambridge, Massachusetts, USA.;Clinical Omics & Biomarker Statistics, Pfizer Inc., Cambridge, Massachusetts, USA.;Pharmacometrics and Systems Pharmacology Pfizer Inc., Cambridge, Massachusetts, USA.;Clinical Pharmacology & Bioanalytics, Pfizer R&D Japan G.K, Tokyo, Japan.;Translational and Clinical Biomarkers, Pfizer Inc., Pearl River, New York, USA.;Global Medical Affairs, Pfizer Inc, New York, New York, USA.;I&I Research Unit, Pfizer Inc., Cambridge, Massachusetts, USA.",IBD;PD;biomarker;multiomics;noninvasive;proteomics;serum;transcriptomics;treatment response,Humans;Biomarkers;Inflammatory Bowel Diseases;Treatment Outcome;Machine Learning,,,PUBMED,,0,,"Hassanein M, 2026, Clin Transl Sci","Hassanein M, 2026, Clin Transl Sci"
42043855,"Integration Analysis of Bayesian and Machine Learning for Heterogeneity, Biomarkers, and Optimal Combination Regimens of Pucotenlimab in Solid Tumors.","The efficacy of PD-1 inhibitor pucotenlimab (HX008) in solid tumors exhibits heterogeneity. This study integrated data from 6 clinical trials (covering gastric/gastroesophageal junction cancer, triple-negative breast cancer, melanoma, and dMMR/MSI-H solid tumors) using Bayesian meta-analysis, machine learning (optimal XGBoost AUC = 0.86), and network meta-analysis to construct an integrated ""efficacy-prediction-safety"" framework. Bayesian analysis showed pucotenlimab significantly improved outcomes versus control (ORR OR = 4.82, 95% CrI: 3.65-6.38; PFS HR = 0.41, 0.32-0.52; OS HR = 0.37, 0.26-0.51). Subgroups revealed TNBC patients with gemcitabine/cisplatin achieved highest ORR (80.6%, 62.5%-92.6%), while mucosal melanoma showed lowest response (8.7%, 1.1%-28.0%). Combination therapy demonstrated superior efficacy to monotherapy (ORR OR: 5.91 vs. 2.35). Machine learning identified 4 efficacy biomarkers (KMT2D mutation, post-treatment NLR decrease, PD-L1 CPS ≥ 1, high eotaxin) and 3 irAE risk factors (baseline NLR ≥ 4, irinotecan combination, high VEGF). Network analysis recommended regimens: gemcitabine/cisplatin for TNBC (SUCRA = 95.7%), oxaliplatin/capecitabine for G/GEJ cancer (ORR = 60.0% vs. irinotecan 27.6%, HR = 0.45). The integrated model classified high-benefit (≥ 3 points; ORR 78.2%) and low-benefit (≤ 0 points; ORR 28.3%) groups, plus high-risk (≤ -2 points; grade ≥ 3 irAEs 41.2%) and low-risk (≥ 1 point; irAEs 3.5%) groups, validated by decision curve analysis. This defines precise application scenarios and provides an extensible analytical paradigm.",Cancer medicine,Cancer Med,2026,15,5,e71893,,,eng,Journal Article; Meta-Analysis,He Y;Gao C;Zhang S;Hao Y;He S;Peng K;Li L,He Yingge;Gao Changqing;Zhang Shiyan;Hao Yonghui;He Shuning;Peng Ke;Li Liqi,"Department of Plastic and Cosmetic Surgery, Xinqiao Hospital, Army Medical University, Chongqing, China.;Department of General Surgery, Xinqiao Hospital, Army Medical University, Chongqing, China.;Department of General Surgery, Xinqiao Hospital, Army Medical University, Chongqing, China.;Department of General Surgery, Xinqiao Hospital, Army Medical University, Chongqing, China.;Department of General Surgery, Xinqiao Hospital, Army Medical University, Chongqing, China.;Department of General Surgery, Xinqiao Hospital, Army Medical University, Chongqing, China.;Department of General Surgery, Xinqiao Hospital, Army Medical University, Chongqing, China.",Bayesian meta‐analysis;PD‐1 inhibitor;immune‐related adverse events (irAEs);machine learning;network meta‐analysis;pucotenlimab (HX008);solid tumors,"Humans;Bayes Theorem;Machine Learning;Antineoplastic Combined Chemotherapy Protocols;Biomarkers, Tumor;Neoplasms;Antibodies, Monoclonal, Humanized;Female;Immune Checkpoint Inhibitors",,,PUBMED,,0,,"He Y, 2026, Cancer Med","He Y, 2026, Cancer Med"
42037712,Detecting CSF-validated Alzheimer's disease from spontaneous speech in German: an interpretable end-to-end machine-learning framework.,"Speech and language impairments, long recognized as early symptoms of Alzheimer's disease (AD), can now be quantified with unprecedented precision due to recent advances in natural language processing (NLP) and artificial intelligence (AI). Despite growing interest in AI-enabled speech biomarkers, few studies have linked spontaneous speech to biologically verified AD, and most have focused on English-language data or acoustic features with limited linguistic interpretability. Here, we present the first end-to-end machine-learning framework for automatic AD detection from German speech, using clinical-biological criteria validated by cerebrospinal fluid (CSF) biomarkers. 44 participants were included: 22 biomarker-defined AD cases from a prospective observational study (German Clinical Trials Register, DRKS00030633) and 22 socio-demographically matched cognitively healthy controls (CHC). Connected speech was elicited using the standardized Recursive feature elimination retained seven of 32 candidate speech biomarkers as consistently informative across folds. Trained on this subset, all classifiers showed strong discrimination between biomarker-defined AD and CHC. Logistic regression, SVM, random forest, and gradient boosting achieved ~91% mean accuracy with F1 ≈ 0.90 and sensitivity ≈ 0.90, while XGBoost was slightly lower (~89% accuracy). SHAP analyses indicated that model decisions were primarily driven by information-theoretic and structural markers: lower compressibility, reduced lexical density, shorter clauses and sentences, and weaker predictive sequencing indexed by higher-order n-gram statistics. Clinically meaningful linguistic biomarkers can be robustly derived from spontaneous speech, even in small, well-characterized clinical samples. Theory-driven features and stability-focused modeling show that information-theoretic and structural properties of connected speech capture core Alzheimer-related impairments with robust classification performance. These findings support AI-enabled speech analysis as a non-invasive, scalable complement to established biological biomarkers of Alzheimer's disease.",Frontiers in neurology,Front Neurol,2026,17,,1780783,,,eng,Journal Article,Wiechmann D;Kerz E;Albrecht M;Qiao Y;Pinho J;Reetz K;Costa AS,Wiechmann Daniel;Kerz Elma;Albrecht Milena;Qiao Yu;Pinho João;Reetz Kathrin;Costa Ana Sofia,"Institute for Logic, Language and Computation (ILLC), University of Amsterdam, Amsterdam, Netherlands.;Exaia Technologies, Aachen, Germany.;Department of Neurology, University Hospital RWTH Aachen, Aachen, Germany.;Exaia Technologies, Aachen, Germany.;Department of Neurology, University Hospital RWTH Aachen, Aachen, Germany.;Department of Neurology, University Hospital RWTH Aachen, Aachen, Germany.;JARA Institute Molecular Neuroscience and Neuroimaging (INM-11), Juelich Research Center GmbH and RWTH Aachen University, Aachen, Germany.;Department of Neurology, University Hospital RWTH Aachen, Aachen, Germany.;JARA Institute Molecular Neuroscience and Neuroimaging (INM-11), Juelich Research Center GmbH and RWTH Aachen University, Aachen, Germany.",Alzheimer’s disease;CSF biomarkers;digital biomarkers;explainable AI;machine learning;natural language processing,,,,PUBMED,,0,,"Wiechmann D, 2026, Front Neurol","Wiechmann D, 2026, Front Neurol"
42035165,Enhancing the scope of the Trials to Publications tool by identifying ClinicalTrial.gov registry mentions in full-text.,"We have previously described a free, public web-based tool, Trials to Publications, https://arrowsmith.psych.uic.edu/cgi-bin/arrowsmith_uic/TrialPubLinking/trial_pub_link_start.cgi, which employs a machine-learning model based on title, abstract, and other metadata features to predict which publications are likely to present clinical outcome results from a given registered trial in ClinicalTrials.gov. We have now updated and expanded the scope of the tool, by extracting mentions of ClinicalTrials.gov registry numbers (NCT numbers) from the full-text of 3 online biomedical article collections (open access PubMed Central (PMC), EuroPMC, and OpenAlex), as well as retrieving biomedical publications that are mentioned within the ClinicalTrials.gov registry itself. These mentions greatly increase the number of linked publications identified by the tool and should assist those carrying out evidence syntheses as well as those studying the metascience of clinical trials.",Trials,Trials,2026,,,,,,eng,Journal Article,Holt AW;Smalheiser NR,Holt Arthur W;Smalheiser Neil R,"Department of Psychiatry, University of Illinois at Chicago, Chicago, IL, 60612, USA.;Department of Psychiatry, University of Illinois at Chicago, Chicago, IL, 60612, USA. neils@uic.edu.",Bibliographic databases;Clinical trials;Information retrieval;Linking trials to publications;Systematic reviews,,,1R01LM014292-01,PUBMED,,0,,"Holt AW, 2026, Trials","Holt AW, 2026, Trials"
42033998,Predicting future cognitive impairment in preclinical Alzheimer's disease using amyloid PET and MRI: A multisite machine learning study.,"Predicting the likelihood of developing Alzheimer's disease (AD) dementia in at-risk individuals is important for the design of and optimal recruitment for clinical trials of disease-modifying therapies. Machine learning (ML) has been shown to excel in this task; however, there remains a lack of models developed specifically for the preclinical AD population, who display early signs of abnormal brain amyloidosis but remain cognitively unimpaired. Here, we trained and evaluated ML classifiers to predict whether individuals with preclinical AD will progress to mild cognitive impairment or dementia within multiple fixed time windows, ranging from one to five years. Models were trained on regional imaging features extracted from amyloid positron emission tomography and magnetic resonance imaging pooled across seven independent sites and from two amyloid radiotracers ([",Neurobiology of aging,Neurobiol Aging,2026,165,,8,23,,eng,Journal Article,Yang B;Earnest T;Bilgel M;Albert MS;Johnson SC;Davatzikos C;Erus G;Masters CL;Resnick SM;Miller MI;Bakker A;Morris JC;Benzinger TLS;Gordon BA;Sotiras A,Yang Braden;Earnest Tom;Bilgel Murat;Albert Marilyn S;Johnson Sterling C;Davatzikos Christos;Erus Guray;Masters Colin L;Resnick Susan M;Miller Michael I;Bakker Arnold;Morris John C;Benzinger Tammie L S;Gordon Brian A;Sotiras Aristeidis,"Mallinckrodt Institute of Radiology, Washington University School of Medicine in St. Louis, St. Louis, MO 63110, USA; Department of Radiology, Perelman School of Medicine, University of Pennsylvania, Philadelphia, PA 19104, USA; Center for AI and Data Science for Integrated Diagnostics (AI2D), Perelman School of Medicine, University of Pennsylvania, Philadelphia, PA 19104, USA. Electronic address: b.y.yang@wustl.edu.;Mallinckrodt Institute of Radiology, Washington University School of Medicine in St. Louis, St. Louis, MO 63110, USA.;Laboratory of Behavioral Neuroscience, National Institute on Aging Intramural Research Program, National Institutes of Health, Baltimore, MD 21224, USA.;Department of Neurology, Johns Hopkins University School of Medicine, Baltimore, MD 21205, USA.;Wisconsin Alzheimer's Disease Research Center, University of Wisconsin-Madison School of Medicine and Public Health, Madison, WI 53726, USA.;Center for AI and Data Science for Integrated Diagnostics (AI2D), Perelman School of Medicine, University of Pennsylvania, Philadelphia, PA 19104, USA.;Center for AI and Data Science for Integrated Diagnostics (AI2D), Perelman School of Medicine, University of Pennsylvania, Philadelphia, PA 19104, USA.;Florey Institute of Neuroscience and Mental Health, Parkville, VIC 3052, Australia.;Laboratory of Behavioral Neuroscience, National Institute on Aging Intramural Research Program, National Institutes of Health, Baltimore, MD 21224, USA.;Center of Imaging Science and Department of Biomedical Engineering, Johns Hopkins University, Baltimore, MD 21218, USA.;Department of Neurology, Johns Hopkins University School of Medicine, Baltimore, MD 21205, USA; Department of Psychiatry and Behavioral Sciences, Johns Hopkins University School of Medicine, Baltimore, MD 21205, USA.;Department of Neurology, Washington University School of Medicine in St. Louis, St. Louis, MO 63110, USA.;Mallinckrodt Institute of Radiology, Washington University School of Medicine in St. Louis, St. Louis, MO 63110, USA.;Mallinckrodt Institute of Radiology, Washington University School of Medicine in St. Louis, St. Louis, MO 63110, USA.;Mallinckrodt Institute of Radiology, Washington University School of Medicine in St. Louis, St. Louis, MO 63110, USA; Department of Radiology, Perelman School of Medicine, University of Pennsylvania, Philadelphia, PA 19104, USA; Center for AI and Data Science for Integrated Diagnostics (AI2D), Perelman School of Medicine, University of Pennsylvania, Philadelphia, PA 19104, USA; Institute for Informatics, Data Science and Biostatistics, Washington University School of Medicine in St. Louis, St. Louis, MO 63110, USA. Electronic address: aristeidis.sotiras@pennmedicine.upenn.edu.",Amyloid positron emission tomography;Clinical trial cohort enrichment;Machine learning;Patient stratification;Preclinical Alzheimer’s disease;Structural magnetic resonance imaging;Support vector machine,,,,PUBMED,,0,,"Yang B, 2026, Neurobiol Aging","Yang B, 2026, Neurobiol Aging"
42033202,Opportunities and challenges related to participant stratification and cohort enrichment in ALS clinical trials.,"Amyotrophic lateral sclerosis (ALS) is marked by substantial clinical heterogeneity. This heterogeneity has impacted clinical trials by obscuring treatment effects and causing inefficiency. In this review, we summarize potential approaches for addressing heterogeneity in ALS via patient stratification and cohort enrichment methods and highlight potential challenges and limitations. These categories include stratification based on genetics, clinical characteristics (e.g. pattern of weakness, ALS Functional Rating Scale rates of progression), wet biomarkers (e.g. neurofilament light chain), neuroimaging, and novel methods employing statistical modeling or machine learning. These stratification methods have yet to be fully leveraged in clinical trial design. But these strategies must be employed thoughtfully and judiciously due to potential issues stratification can introduce. Future clinical trials should explore how participant stratification and cohort enrichment strategies may improve our ability to identify treatment effects, which may ultimately aid in the quest to establish more personalized medicine for persons with ALS.",Amyotrophic lateral sclerosis & frontotemporal degeneration,Amyotroph Lateral Scler Frontotemporal Degener,2026,,,1,10,,eng,Journal Article; Review,Yusuf S;Allen MD;Kang H;Phillips DE;Genge A,Yusuf Sabrina;Allen Matti D;Kang HyungMo;Phillips Daniel E;Genge Angela,"Department of Neurology and Neurosurgery, McGill University, Montreal, Canada.;Department of Neurology and Neurosurgery, McGill University, Montreal, Canada.;Ottawa Hospital Research Institute, Ottawa, Canada.;Division of Physical Medicine and Rehabilitation, Department of Medicine, University of Ottawa, Ottawa, Canada.;Department of Neurology and Neurosurgery, McGill University, Montreal, Canada.;Department of Neurology and Neurosurgery, McGill University, Montreal, Canada.;Department of Neurology and Neurosurgery, McGill University, Montreal, Canada.",Amyotrophic lateral sclerosis;clinical research;clinical trials;motor neuron disease;pharmacotherapy,,,,PUBMED,,0,,"Yusuf S, 2026, Amyotroph Lateral Scler Frontotemporal Degener","Yusuf S, 2026, Amyotroph Lateral Scler Frontotemporal Degener"
42028554,Causal machine learning analysis identifies subpopulations most likely to benefit from healthy lifestyles for cognitive outcomes.,"With dementia posing an escalating public health threat, adopting healthy lifestyles is increasingly recognised as a key preventive measure for preserving cognitive function. However, the effect of multidomain lifestyle intervention on cognitive health remains inconclusive and likely heterogeneous. We aimed to investigate the heterogeneity in the associations between healthier lifestyles and cognitive outcomes (cognitive performance and incident dementia) across identifiable subpopulations and to use causal machine learning to identify participant characteristics predictive of greater benefit. Causal machine learning analyses were performed using two prospective cohorts. The English Longitudinal Study of Ageing (ELSA) (waves 4-9, 2008-2018) served as the discovery cohort and the Health and Retirement Study (HRS) (waves 9-14, 2008-2018) served as the validation cohort. Healthy lifestyles included smoking status, alcohol consumption, physical activity and social contact. Global cognitive We analysed 8771 participants from ELSA and 8531 participants from HRS. High-benefit groups displayed substantially improved cognitive performance (ELSA: mean: 0.27, 95% confidence interval [CI] 0.24-0.30; HRS: mean: 0.51, 95% CI 0.48-0.54) and reduced risk of dementia (ELSA: hazard ratio [HR]: 0.28, 95% CI 0.21-0.34; HRS: HR: 0.22, 95% CI 0.17-0.27). Subgroups deriving greater benefits in cognitive performance were younger and had higher baseline cognitive reserve, superior physical and respiratory function, and better cardiometabolic profiles with particularly lower blood pressure. Those deriving greater benefits in incident dementia were likewise younger, with higher baseline cognition and superior vascular metrics, including lower blood pressure. The cognitive benefits of healthy lifestyles vary by individual characteristics, underscoring the potential of personalised prevention strategies. Future randomised clinical trials are warranted to validate these findings and refine intervention approaches.",General psychiatry,Gen Psychiatr,2026,39,,e70013,,,eng,Journal Article,Jiang Y;Ding Y;Cao Q;Wu X;Li X;Xu Y;Zhao Z;Xu M;Lu J;Wang T;Ning G;Wang W;Bi Y;Xu Y;Li M,Jiang Youjin;Ding Yi;Cao Qiuyu;Wu Xianglin;Li Xiaoran;Xu Yu;Zhao Zhiyun;Xu Min;Lu Jieli;Wang Tiange;Ning Guang;Wang Weiqing;Bi Yufang;Xu Yuchen;Li Mian,Department of Endocrine and Metabolic Diseases Shanghai Institute of Endocrine and Metabolic Diseases Ruijin Hospital Shanghai Jiao Tong University School of Medicine Shanghai China.;Key Laboratory for Endocrine and Metabolic Diseases of the National Health Commission of the PR China Shanghai Key Laboratory for Endocrine Tumor Shanghai National Clinical Research Center for Metabolic Diseases Shanghai National Center for Translational Medicine Ruijin Hospital Shanghai Jiao Tong University School of Medicine Shanghai China.;Department of Endocrine and Metabolic Diseases Shanghai Institute of Endocrine and Metabolic Diseases Ruijin Hospital Shanghai Jiao Tong University School of Medicine Shanghai China.;Key Laboratory for Endocrine and Metabolic Diseases of the National Health Commission of the PR China Shanghai Key Laboratory for Endocrine Tumor Shanghai National Clinical Research Center for Metabolic Diseases Shanghai National Center for Translational Medicine Ruijin Hospital Shanghai Jiao Tong University School of Medicine Shanghai China.;Department of Endocrine and Metabolic Diseases Shanghai Institute of Endocrine and Metabolic Diseases Ruijin Hospital Shanghai Jiao Tong University School of Medicine Shanghai China.;Key Laboratory for Endocrine and Metabolic Diseases of the National Health Commission of the PR China Shanghai Key Laboratory for Endocrine Tumor Shanghai National Clinical Research Center for Metabolic Diseases Shanghai National Center for Translational Medicine Ruijin Hospital Shanghai Jiao Tong University School of Medicine Shanghai China.;Department of Endocrine and Metabolic Diseases Shanghai Institute of Endocrine and Metabolic Diseases Ruijin Hospital Shanghai Jiao Tong University School of Medicine Shanghai China.;Key Laboratory for Endocrine and Metabolic Diseases of the National Health Commission of the PR China Shanghai Key Laboratory for Endocrine Tumor Shanghai National Clinical Research Center for Metabolic Diseases Shanghai National Center for Translational Medicine Ruijin Hospital Shanghai Jiao Tong University School of Medicine Shanghai China.;Department of Endocrine and Metabolic Diseases Shanghai Institute of Endocrine and Metabolic Diseases Ruijin Hospital Shanghai Jiao Tong University School of Medicine Shanghai China.;Key Laboratory for Endocrine and Metabolic Diseases of the National Health Commission of the PR China Shanghai Key Laboratory for Endocrine Tumor Shanghai National Clinical Research Center for Metabolic Diseases Shanghai National Center for Translational Medicine Ruijin Hospital Shanghai Jiao Tong University School of Medicine Shanghai China.;Department of Endocrine and Metabolic Diseases Shanghai Institute of Endocrine and Metabolic Diseases Ruijin Hospital Shanghai Jiao Tong University School of Medicine Shanghai China.;Key Laboratory for Endocrine and Metabolic Diseases of the National Health Commission of the PR China Shanghai Key Laboratory for Endocrine Tumor Shanghai National Clinical Research Center for Metabolic Diseases Shanghai National Center for Translational Medicine Ruijin Hospital Shanghai Jiao Tong University School of Medicine Shanghai China.;Department of Endocrine and Metabolic Diseases Shanghai Institute of Endocrine and Metabolic Diseases Ruijin Hospital Shanghai Jiao Tong University School of Medicine Shanghai China.;Key Laboratory for Endocrine and Metabolic Diseases of the National Health Commission of the PR China Shanghai Key Laboratory for Endocrine Tumor Shanghai National Clinical Research Center for Metabolic Diseases Shanghai National Center for Translational Medicine Ruijin Hospital Shanghai Jiao Tong University School of Medicine Shanghai China.;Department of Endocrine and Metabolic Diseases Shanghai Institute of Endocrine and Metabolic Diseases Ruijin Hospital Shanghai Jiao Tong University School of Medicine Shanghai China.;Key Laboratory for Endocrine and Metabolic Diseases of the National Health Commission of the PR China Shanghai Key Laboratory for Endocrine Tumor Shanghai National Clinical Research Center for Metabolic Diseases Shanghai National Center for Translational Medicine Ruijin Hospital Shanghai Jiao Tong University School of Medicine Shanghai China.;Department of Endocrine and Metabolic Diseases Shanghai Institute of Endocrine and Metabolic Diseases Ruijin Hospital Shanghai Jiao Tong University School of Medicine Shanghai China.;Key Laboratory for Endocrine and Metabolic Diseases of the National Health Commission of the PR China Shanghai Key Laboratory for Endocrine Tumor Shanghai National Clinical Research Center for Metabolic Diseases Shanghai National Center for Translational Medicine Ruijin Hospital Shanghai Jiao Tong University School of Medicine Shanghai China.;Department of Endocrine and Metabolic Diseases Shanghai Institute of Endocrine and Metabolic Diseases Ruijin Hospital Shanghai Jiao Tong University School of Medicine Shanghai China.;Key Laboratory for Endocrine and Metabolic Diseases of the National Health Commission of the PR China Shanghai Key Laboratory for Endocrine Tumor Shanghai National Clinical Research Center for Metabolic Diseases Shanghai National Center for Translational Medicine Ruijin Hospital Shanghai Jiao Tong University School of Medicine Shanghai China.;Department of Endocrine and Metabolic Diseases Shanghai Institute of Endocrine and Metabolic Diseases Ruijin Hospital Shanghai Jiao Tong University School of Medicine Shanghai China.;Key Laboratory for Endocrine and Metabolic Diseases of the National Health Commission of the PR China Shanghai Key Laboratory for Endocrine Tumor Shanghai National Clinical Research Center for Metabolic Diseases Shanghai National Center for Translational Medicine Ruijin Hospital Shanghai Jiao Tong University School of Medicine Shanghai China.;Department of Endocrine and Metabolic Diseases Shanghai Institute of Endocrine and Metabolic Diseases Ruijin Hospital Shanghai Jiao Tong University School of Medicine Shanghai China.;Key Laboratory for Endocrine and Metabolic Diseases of the National Health Commission of the PR China Shanghai Key Laboratory for Endocrine Tumor Shanghai National Clinical Research Center for Metabolic Diseases Shanghai National Center for Translational Medicine Ruijin Hospital Shanghai Jiao Tong University School of Medicine Shanghai China.;Department of Endocrine and Metabolic Diseases Shanghai Institute of Endocrine and Metabolic Diseases Ruijin Hospital Shanghai Jiao Tong University School of Medicine Shanghai China.;Key Laboratory for Endocrine and Metabolic Diseases of the National Health Commission of the PR China Shanghai Key Laboratory for Endocrine Tumor Shanghai National Clinical Research Center for Metabolic Diseases Shanghai National Center for Translational Medicine Ruijin Hospital Shanghai Jiao Tong University School of Medicine Shanghai China.;Key Laboratory for Endocrine and Metabolic Diseases of the National Health Commission of the PR China Shanghai Key Laboratory for Endocrine Tumor Shanghai National Clinical Research Center for Metabolic Diseases Shanghai National Center for Translational Medicine Ruijin Hospital Shanghai Jiao Tong University School of Medicine Shanghai China.;Lifecycle Health Management Center Ruijin Hospital Shanghai Jiao Tong University School of Medicine Shanghai China.;Shanghai Digital Medicine Innovation Center Ruijin Hospital Shanghai Jiao Tong University School of Medicine Shanghai China.;Department of Endocrine and Metabolic Diseases Shanghai Institute of Endocrine and Metabolic Diseases Ruijin Hospital Shanghai Jiao Tong University School of Medicine Shanghai China.;Key Laboratory for Endocrine and Metabolic Diseases of the National Health Commission of the PR China Shanghai Key Laboratory for Endocrine Tumor Shanghai National Clinical Research Center for Metabolic Diseases Shanghai National Center for Translational Medicine Ruijin Hospital Shanghai Jiao Tong University School of Medicine Shanghai China.,causal machine learning;cognition;dementia;lifestyle;precision prevention,,,,PUBMED,,0,,"Jiang Y, 2026, Gen Psychiatr","Jiang Y, 2026, Gen Psychiatr"
42027710,Research hotspots and trends in virtual reality combined exercise therapy for stroke rehabilitation: A bibliometric analysis.,"Stroke is one of the leading causes of mortality and long-term disability worldwide. In recent years, integrated rehabilitation models that combine virtual reality (VR) technology with standardized exercise therapy have emerged, demonstrating promising potential in improving recovery outcomes. This bibliometric review systematically analyzes global literature on virtual reality combined with exercise therapy for stroke rehabilitation to map the knowledge landscape, identify research hotspots and evolutionary trends, and inform future research, clinical practice, and policy. Relevant studies on VR combined with exercise therapy for stroke rehabilitation were retrieved from the Web of Science database, covering the period from database inception to 2025. Bibliometric and visualization analyses were conducted using CiteSpace and VOSviewer to assess publication trends, country, institutional contributions, authors and co-cited authors networks, highly cited references, core journals, and the evolution of research hotspots. A total of 1,687 articles were identified, showing a steady upward publication trend. China ranked first in publication volume, while the United States had the highest total citation count. Researchers such as Calabrò, De Luca, and Naro from the IRCCS Centro Neurolesi in Messina, Italy, made notable contributions, particularly in VR-robotics combined rehabilitation. The This study provides a comprehensive bibliometric analysis of VR combined with exercise therapy in stroke rehabilitation, identifying key research hotspots, emerging trends, and existing limitations. The findings could offer theoretical insights and data-driven evidence to support future research and clinical applications in this field.",Digital health,Digit Health,2026,12,,20552076261440978,,,eng,Journal Article,Tang C;Su J;Quan Y;Deng X;Ding M;Dan Y,Tang Chenjian;Su Jing;Quan Youfang;Deng Xiaohua;Ding Mengxiong;Dan Yuzhuo,"Department of Acupuncture, Hospital of Chengdu University of Traditional Chinese Medicine, Chengdu, China.;Department of Acupuncture, Hospital of Chengdu University of Traditional Chinese Medicine, Chengdu, China.;Rehabilitation Department, Second Ward, Deyang Hospital Affiliated Hospital of Chengdu University of Traditional Chinese Medicine, Deyang, China.;Rehabilitation Department, Second Ward, Deyang Hospital Affiliated Hospital of Chengdu University of Traditional Chinese Medicine, Deyang, China.;Department of Medical Records, The Second Affiliated Hospital of Chengdu Medical College, Nuclear Industry 416 Hospital, Chengdu, China.;Department of Acupuncture, Hospital of Chengdu University of Traditional Chinese Medicine, Chengdu, China.",bibliometric analysis;exercise therapy;rehabilitation;stroke;virtual reality,,,,PUBMED,,0,,"Tang C, 2026, Digit Health","Tang C, 2026, Digit Health"
42019187,Unveiling novel biomarkers for diabetes-related complications through large-scale proteomics analysis: A FIELD sub-study.,"Vascular complications of Type 2 diabetes (T2D) significantly contribute to its morbidity and mortality. Identifying robust biomarkers is critical for improving risk prediction, understanding disease mechanisms, and guiding targeted therapies. Fasting plasma samples from a subset of 542 participants in the FIELD (Fenofibrate Intervention and Event Lowering in Diabetes) trial were subjected to mass spectrometry. Participants were divided into groups for analysis based on presence of microvascular and/or macrovascular complications, and time of its occurrence (history of at baseline or during trial follow-up). Random Forest algorithm was applied to identify potential novel protein biomarkers. Gene ontology analysis was performed to determine the biological pathways and processes linked to these proteins. Fifty proteins associated with type 2 diabetes vascular complications were identified with 14 uniquely associated with microvascular complications, 13 with macrovascular and 23 common for both. Pathway analysis revealed seven main pathways underlying type 2 diabetes vascular complications including platelet degranulation and extracellular matrix interactions. Gene ontology analysis showed that these proteins functioned predominantly in the extracellular matrix and were involved in biological processes related to blood coagulation and lipoproteins remodelling. This study provides insights into the molecular mechanisms underlying type 2 diabetes vascular complications, highlighting novel protein biomarkers and their key biological pathways. These findings support the development of precision medicine strategies for risk prediction and targeted interventions in type 2 diabetes management. Further clinical validation of these biomarkers is warranted to confirm their potential utility in improving patient outcomes.",Journal of diabetes and its complications,J Diabetes Complications,2026,40,6,109330,,,eng,Journal Article,Francis H;Januszewski AS;O'Rourke MB;Huang MLH;Ema FK;Hardikar AA;Joglekar MV;Sullivan DR;Ma RCW;Galande S;Gebski V;Simes RJ;Jenkins AJ;Molloy MP;Keech AC,Francis Habib;Januszewski Andrzej S;O'Rourke Matthew B;Huang Michael L H;Ema Fahmida K;Hardikar Anandwardhan A;Joglekar Mugdha V;Sullivan David R;Ma Ronald C W;Galande Sanjeev;Gebski Val;Simes R John;Jenkins Alicia J;Molloy Mark P;Keech Anthony C,"NHMRC Clinical Trials Centre, The University of Sydney, Sydney, Australia.;NHMRC Clinical Trials Centre, The University of Sydney, Sydney, Australia; Sydney Pharmacy School, The University of Sydney, Sydney, Australia.;Bowel Cancer and Biomarker Research Laboratory, School of Medical Sciences, Kolling Institute, The University of Sydney, St Leonards, Australia.;NHMRC Clinical Trials Centre, The University of Sydney, Sydney, Australia; Baker Heart and Diabetes Institute, Melbourne, Australia.;NHMRC Clinical Trials Centre, The University of Sydney, Sydney, Australia.;Western Sydney University School of Medicine, Campbelltown, Australia.;Western Sydney University School of Medicine, Campbelltown, Australia.;Royal Prince Alfred Hospital, Camperdown, Australia.;Department of Medicine and Therapeutics and Li Ka Shing Institute of Health Sciences, Faculty of Medicine, The Chinese University of Hong Kong, Prince of Wales Hospital, Hong Kong, China.;Shiv Nadar Institution of Eminence, Tehsil Dadri, Gautam Buddha Nagar, Uttar Pradesh, India.;NHMRC Clinical Trials Centre, The University of Sydney, Sydney, Australia.;NHMRC Clinical Trials Centre, The University of Sydney, Sydney, Australia.;NHMRC Clinical Trials Centre, The University of Sydney, Sydney, Australia; Baker Heart and Diabetes Institute, Melbourne, Australia.;Bowel Cancer and Biomarker Research Laboratory, School of Medical Sciences, Kolling Institute, The University of Sydney, St Leonards, Australia.;NHMRC Clinical Trials Centre, The University of Sydney, Sydney, Australia; Royal Prince Alfred Hospital, Camperdown, Australia. Electronic address: anthony.keech@sydney.edu.au.",Biomarkers;Machine learning;Molecular pathways;Proteomics;Type 2 diabetes;Vascular complications,"Humans;Biomarkers;Diabetes Mellitus, Type 2;Proteomics;Male;Diabetic Angiopathies;Middle Aged;Female;Aged",,,PUBMED,,0,,"Francis H, 2026, J Diabetes Complications","Francis H, 2026, J Diabetes Complications"
42016607,A multiparameter model (OsteoSC-M3) for early detection and risk stratification of osteoporosis in women: a multicentre cohort study in China.,"Osteoporosis is a major global health issue, but current early screening tools lack accuracy, and the gold-standard diagnostic method, dual-energy X-ray absorptiometry (DXA), is not widely accessible. This limits large-scale early screening efforts, as evidenced by China's low screening rate of 3.7% among adults aged over 50. To address these limitations, we developed OsteoSC-M3, a new risk assessment model for women using a stacked ensemble machine learning algorithm, designed to offer a precise and accessible tool for early risk identification. A model was developed based on a cohort of 5745 females (aged 50-90 years) from Shanghai Sixth People's Hospital (2013-2023); sex was self-reported. Participants were randomly partitioned into a Training Set (70%, n = 4022) and an Internal Validation Set (30%, n = 1723). First, missing values in the Training Set were imputed using the missForest method, and key predictive variables were selected through VIF, LASSO, and multivariable logistic regression. Nine base models and an ensemble model with XGBoost as the meta-learner were then constructed using the Training Set. The model was further validated on the Internal Validation Set and two independent multicentre external cohorts (Shanghai 2024 cohort, n = 1839; Jiangsu 2025 cohort, n = 305). Additionally, its prognostic value was assessed through a prospective study, which enrolled 405 female participants with low bone mass (T-score between -1.0 and -2.5) from the Health Examination Centre of Shanghai Sixth People's Hospital, with a follow-up period exceeding five years, where outcomes were evaluated using Kaplan-Meier survival analysis and Cox regression. This study is registered with the Chinese Clinical Trial Registry (part of the WHO International Clinical Trials Registry Platform), number ChiCTR2500097213. Eleven key variables, including age, height, weight, and eight serum biomarkers, were identified. All nine base models performed well without overfitting. The OsteoSC-M3 model achieved excellent diagnostic performance with a Training Set AUC of 0.973 (95% CI 0.969-0.976). It maintained excellent performance in the Internal Validation Set (AUC 0.943, 95% CI 0.933-0.954) and two external cohorts (Cohort 1: AUC 0.958, 95% CI 0.949-0.966; Cohort 2: AUC 0.917, 95% CI 0.897-0.928), demonstrating strong generalisability. Calibration curves showed good agreement, and decision curve analysis confirmed clinical utility. Prospectively, the model agreed well with follow-up results (Kappa = 0.82) and identified high-risk individuals 29 ± 9.31 months earlier (HR = 7.63, The OsteoSC-M3 model integrates demographic features with eight simple laboratory parameters to enable early, non-invasive prediction of osteoporosis risk in women, providing a 29-month lead time before clinical diagnosis. Superior to OSTA in risk stratification, it effectively identifies high-risk individuals requiring DXA confirmation and demonstrates strong utility in resource-limited settings without DXA equipment. This innovative screening approach creates a critical window for early intervention that could significantly improve participants' quality of life while reducing the economic burden on healthcare systems. Future research should focus on validating the model in more diverse ethnic populations and assessing its long-term impact on clinical outcomes through large-scale prospective trials. This study was funded by the Shanghai Pudong New Area Health Commission Joint Research Project, the Hospital Contractual Research Project, the Pudong New Area Science and Technology Development Fund, the Clinical Research Programme of Shanghai Sixth People's Hospital, and the Hospital's Clinical Backbone Team Cultivation Programme.",EClinicalMedicine,EClinicalMedicine,2026,95,,103902,,,eng,Journal Article,Teng X;Qiao J;Xue Y;Wei L;Ji X;Du Y,Teng Xiaoyan;Qiao Ji;Xue Yang;Wei Li;Ji Xiaozhong;Du Yuzhen,"Department of Laboratory Medicine, Shanghai Sixth People's Hospital Affiliated to Shanghai Jiao Tong University School of Medicine, Shanghai, 201306, China.;Department of Endocrine Medicine, Shanghai Sixth People's Hospital Affiliated to Shanghai Jiao Tong University School of Medicine, Shanghai, 201306, China.;Department of Laboratory Medicine, Shanghai Sixth People's Hospital Affiliated to Shanghai Jiao Tong University School of Medicine, Shanghai, 201306, China.;Department of Endocrine Medicine, Shanghai Sixth People's Hospital Affiliated to Shanghai Jiao Tong University School of Medicine, Shanghai, 201306, China.;Department of Laboratory Medicine, Hai'an People's Hospital, Hai'an, Jiangsu, 226600, China.;Department of Laboratory Medicine, Shanghai Sixth People's Hospital Affiliated to Shanghai Jiao Tong University School of Medicine, Shanghai, 201306, China.",Early screening;Machine learning;Osteoporosis;Risk prediction;Stacked ensemble model,,,,PUBMED,,0,,"Teng X, 2026, EClinicalMedicine","Teng X, 2026, EClinicalMedicine"
42014727,A framework for the exploration of subcellular compartmentalization of RNA-binding proteins.,"The ability of RNA-binding proteins to form complexes with other biomolecules underpins a broad range of structural properties and functions. Understanding the subcellular distribution of RNA-binding proteins and their interacting partners in the steady state and upon perturbation can therefore shed light on these aspects. Here, we present the compartmentalized RNA-Binding Protein (or coRBP) map, an experimental resource and analytical pipeline to study subcellular RNA-binding proteins through multimodal dataset integration and machine learning. Using this approach, we generate a dataset of 1,768 known and putative RNA-binding proteins distributed in a broad panel of subcellular compartments and delineate their intermolecular and intercompartmental relationships. We also establish a hierarchy of RNA-binding protein-containing complexes at multiple scales across the cell, which suggests additional functions for multiple RNA-binding proteins. Furthermore, we investigate changes in RNA-binding protein complex composition and subcellular distribution in response to C9ORF72-associated amyotrophic lateral sclerosis/frontotemporal dementia dipeptide repeats and DNA damage stress. The coRBP map provides a resource to study the roles of RNA-binding proteins in homeostasis and disease.",Nature communications,Nat Commun,2026,,,,,,eng,Journal Article,Guo X;Hu J;Kanwal S;Yuan J;Tariq M;Zheng J;Sun M;Lu Y;Wang J;Jiang M;Wang A;Castells-Garcia A;Zheng X;Peng B;Wang D;Wei X;Yang T;Volpe G;Wu L;Mazid MA;Li W;Lai Y;Qin D;Aguilo F;Zhou Y;Liu C;Cosma MP;Xu X;Lundberg E;Mulder J;Hutchins AP;Maxwell PH;Di Croce L;Zhang X;Esteban MA;Lv Y,Guo Xiangpeng;Hu Jieyi;Kanwal Shahzina;Yuan Jianwen;Tariq Muqddas;Zheng Jingxia;Sun Mingwei;Lu Yuanyuan;Wang Jingjing;Jiang Mengling;Wang Aiping;Castells-Garcia Alvaro;Zheng Xiyuan;Peng Bin;Wang Dongye;Wei Xiaofeng;Yang Tao;Volpe Giacomo;Wu Liang;Mazid Md Abdul;Li Wenjuan;Lai Yiwei;Qin Dajiang;Aguilo Francesca;Zhou Yu;Liu Chuanyu;Cosma Maria Pia;Xu Xingzhi;Lundberg Emma;Mulder Jan;Hutchins Andrew P;Maxwell Patrick H;Di Croce Luciano;Zhang Xiaofei;Esteban Miguel A;Lv Yuan,"The Fifth Affiliated Hospital of Guangzhou Medical University-BGI Center for Integrative Biology, The Fifth Affiliated Hospital of Guangzhou Medical University, Guangzhou, China.;3DC STAR Lab, BGI CELL, Shenzhen, China.;State Key Laboratory of Genome and Multi-omics Technologies, BGI Research, Shenzhen, China.;Centre for Genomic Regulation (CRG), Barcelona Institute of Science and Technology (BIST), Barcelona, Spain.;Universitat Pompeu Fabra (UPF), Barcelona, Spain.;Bioland Laboratory (Guangzhou Regenerative Medicine and Health Guangdong Laboratory), Guangzhou, China.;Guangzhou Institutes of Biomedicine and Health (GIBH), Chinese Academy of Sciences, Guangzhou, China.;School of Biomedical and Pharmaceutical Sciences, Guangdong University of Technology, Guangzhou, China.;College of Life Sciences, University of Chinese Academy of Sciences, Beijing, China.;Guangzhou Institutes of Biomedicine and Health (GIBH), Chinese Academy of Sciences, Guangzhou, China.;Institute of Molecular Physiology, Shenzhen Bay Laboratory, Shenzhen, China.;State Key Laboratory of Genome and Multi-omics Technologies, BGI Research, Shenzhen, China.;College of Life Sciences, University of Chinese Academy of Sciences, Beijing, China.;Guangzhou Institutes of Biomedicine and Health (GIBH), Chinese Academy of Sciences, Guangzhou, China.;State Key Laboratory for Diagnosis and Treatment of Severe Zoonotic Infectious Diseases, Key Laboratory for Zoonosis Research of the Ministry of Education, Institute of Zoonosis, and College of Veterinary Medicine, Jilin University, Changchun, China.;Bioland Laboratory (Guangzhou Regenerative Medicine and Health Guangdong Laboratory), Guangzhou, China.;Institutes of Physical Science and Information Technology, Anhui University, Hefei, China.;GMU-GIBH Joint School of Life Sciences, Guangzhou Medical University, Guangzhou, China.;Guangzhou Eighth People's Hospital, Guangzhou Medical University, Guangzhou, China.;Universitat Pompeu Fabra (UPF), Barcelona, Spain.;Medical Research Institute, Guangdong Provincial People's Hospital (Guangdong Academy of Medical Sciences), Southern Medical University, Guangzhou, China.;Medical Research Institute, Guangdong Provincial People's Hospital (Guangdong Academy of Medical Sciences), Southern Medical University, Guangzhou, China.;Guangdong Key Laboratory for Genome Stability & Disease Prevention and Carson International Cancer Center, Marshall Laboratory of Biomedical Engineering, Shenzhen University Medical School, Shenzhen University, Shenzhen, China.;Guangdong Key Laboratory for Genome Stability & Disease Prevention and Carson International Cancer Center, Marshall Laboratory of Biomedical Engineering, Shenzhen University Medical School, Shenzhen University, Shenzhen, China.;Guangzhou Institutes of Biomedicine and Health (GIBH), Chinese Academy of Sciences, Guangzhou, China.;China National GeneBank, BGI Research, Shenzhen, China.;China National GeneBank, BGI Research, Shenzhen, China.;Hematology and Cell Therapy Unit, IRCCS-Istituto Tumori 'Giovanni Paolo II', Bari, Italy.;3DC STAR Lab, BGI CELL, Shenzhen, China.;State Key Laboratory of Genome and Multi-omics Technologies, BGI Research, Shenzhen, China.;Guangzhou Institutes of Biomedicine and Health (GIBH), Chinese Academy of Sciences, Guangzhou, China.;Guangzhou Institutes of Biomedicine and Health (GIBH), Chinese Academy of Sciences, Guangzhou, China.;The Fifth Affiliated Hospital of Guangzhou Medical University-BGI Center for Integrative Biology, The Fifth Affiliated Hospital of Guangzhou Medical University, Guangzhou, China.;State Key Laboratory of Genome and Multi-omics Technologies, BGI Research, Shenzhen, China.;Shanxi Medical University-BGI Collaborative Center for Future Medicine, Shanxi Medical University, Taiyuan, China.;Guangdong Engineering Technology Research Center of Biological Targeting Diagnosis, Therapy and Rehabilitation, The Fifth Affiliated Hospital, Guangzhou Medical University, Guangzhou, China.;Guangdong Engineering Research Center of Early Clinical Trials of Biotechnology Drugs, The Fifth Affiliated Hospital, Guangzhou Medical University, Guangzhou, China.;Centre for Regenerative Medicine and Health, Hong Kong Institute of Science & Innovation, Chinese Academy of Sciences, Hong Kong SAR, China.;Wallenberg Centre for Molecular Medicine, Umeå University, Umeå, Sweden.;College of Life Sciences, TaiKang Center for Life and Medical Sciences, RNA Institute, Wuhan University, Wuhan, China.;State Key Laboratory of Genome and Multi-omics Technologies, BGI Research, Shenzhen, China.;Shanxi Medical University-BGI Collaborative Center for Future Medicine, Shanxi Medical University, Taiyuan, China.;Shenzhen Proof-of-Concept Center of Digital Cytopathology, BGI Research, Shenzhen, China.;Centre for Genomic Regulation (CRG), Barcelona Institute of Science and Technology (BIST), Barcelona, Spain.;Universitat Pompeu Fabra (UPF), Barcelona, Spain.;Medical Research Institute, Guangdong Provincial People's Hospital (Guangdong Academy of Medical Sciences), Southern Medical University, Guangzhou, China.;ICREA, Barcelona, Spain.;Guangdong Key Laboratory for Genome Stability & Disease Prevention and Carson International Cancer Center, Marshall Laboratory of Biomedical Engineering, Shenzhen University Medical School, Shenzhen University, Shenzhen, China.;Science for Life Laboratory, School of Engineering Sciences in Chemistry, Biotechnology and Health, KTH-Royal Institute of Technology, Stockholm, Sweden.;Department of Bioengineering, Stanford University, Stanford, CA, USA.;Department of Pathology, Stanford University, Stanford, CA, USA.;Science for Life Laboratory, Department of Neuroscience, Karolinska Institute, Stockholm, Sweden.;Science for Life Laboratory, Department of Protein Science, KTH-Royal Institute of Technology, Stockholm, Sweden.;Shenzhen Key Laboratory of Gene Regulation and Systems Biology, Department of Biology, School of Life Sciences, Southern University of Science and Technology, Shenzhen, China.;School of Clinical Medicine, University of Cambridge, Cambridge, United Kingdom.;Centre for Genomic Regulation (CRG), Barcelona Institute of Science and Technology (BIST), Barcelona, Spain.;Universitat Pompeu Fabra (UPF), Barcelona, Spain.;ICREA, Barcelona, Spain.;Guangdong Provincial Key Laboratory of Stem Cell and Regenerative Medicine, GIBH-HKU Guangdong-Hong Kong Stem Cell and Regenerative Medicine Research Centre, Guangzhou Institutes of Biomedicine and Health, Chinese Academy of Sciences, Guangzhou, China. zhang_xiaofei@gibh.ac.cn.;The Fifth Affiliated Hospital of Guangzhou Medical University-BGI Center for Integrative Biology, The Fifth Affiliated Hospital of Guangzhou Medical University, Guangzhou, China. miguelesteban@genomics.cn.;3DC STAR Lab, BGI CELL, Shenzhen, China. miguelesteban@genomics.cn.;State Key Laboratory of Genome and Multi-omics Technologies, BGI Research, Shenzhen, China. miguelesteban@genomics.cn.;Guangzhou Institutes of Biomedicine and Health (GIBH), Chinese Academy of Sciences, Guangzhou, China. miguelesteban@genomics.cn.;Prince Fahad bin Sultan Research Chair for Biomedical Research, University of Tabuk, Tabuk, Saudi Arabia. miguelesteban@genomics.cn.;3DC STAR Lab, BGI CELL, Shenzhen, China. lvyuan@genomics.cn.;Guangzhou Institutes of Biomedicine and Health (GIBH), Chinese Academy of Sciences, Guangzhou, China. lvyuan@genomics.cn.;Shanxi Medical University-BGI Collaborative Center for Future Medicine, Shanxi Medical University, Taiyuan, China. lvyuan@genomics.cn.;State Key Laboratory of Genome and Multi-omics Technologies, BGI Research, Hangzhou, China. lvyuan@genomics.cn.",,,,,PUBMED,,0,,"Guo X, 2026, Nat Commun","Guo X, 2026, Nat Commun"
42012343,CT Emphysema and Deep Learning-derived Vertebral Bone Loss in Individuals without COPD: Findings from MESA.,"Background It is unknown whether subclinical emphysema-like changes, quantified at chest CT, are associated with loss of bone mineral density (BMD) in individuals without clinical chronic obstructive pulmonary disease (COPD). Purpose To identify early imaging markers of lung and bone health using deep learning-based imaging analysis in a large multiethnic cohort. Materials and Methods Chest CT scans obtained using the SubPopulations and InteRmediate Outcome Measures in COPD Study (SPIROMICS) protocol during examination 5 and 6 of the prospective Multi-Ethnic Study of Atherosclerosis (MESA) were secondarily analyzed (April 2010-March 2018). Percentage emphysema was quantified at examination, and thoracic vertebral BMD was assessed at both examinations using a validated deep learning-based segmentation model. Participants with clinical COPD as determined on the basis of spirometry or self-reports were excluded. Linear mixed-effects models were constructed and adjusted for demographic characteristics and covariates, including smoking status, physical activity, and scanner type, and the interaction effect of sex was analyzed. Results The cross-sectional analysis included 2312 participants (median age, 67 years [IQR, 61-75 years]; 1285 female participants), and the longitudinal study included 1109 participants (median age, 65 years [IQR, 60-72 years]; 614 female participants) with available follow-up CT data. A greater percentage of emphysema-like changes was associated with lower BMD (β = -1.14 mg/cm",Radiology,Radiology,2026,319,1,e252251,,,eng,"Journal Article; Clinical Trial; Research Support, N.I.H., Extramural",Ghotbi E;Hathaway QA;Jannatdoust P;Hadidchi R;Bancks MP;Bluemke DA;Budoff M;Post W;Hoffman EA;Smith BM;Lima JAC;Barr RG;Demehri S,Ghotbi Elena;Hathaway Quincy A;Jannatdoust Payam;Hadidchi Roham;Bancks Michael P;Bluemke David A;Budoff Matthew;Post Wendy;Hoffman Eric A;Smith Benjamin M;Lima João A C;Barr R Graham;Demehri Shadpour,"Musculoskeletal Radiology, Russell H. Morgan Department of Radiology and Radiological Science, Johns Hopkins University School of Medicine, 601 N Caroline St, JHOC 5165, Baltimore, MD 21287.;Department of Radiology, University of Pennsylvania, Philadelphia, Pa.;School of Medicine, Tehran University of Medical Sciences, Tehran, Iran.;Musculoskeletal Radiology, Russell H. Morgan Department of Radiology and Radiological Science, Johns Hopkins University School of Medicine, 601 N Caroline St, JHOC 5165, Baltimore, MD 21287.;Department of Epidemiology and Prevention, Public Health Sciences, Wake Forest University School of Medicine, Winston-Salem, NC.;Department of Radiology, University of Wisconsin-Madison School of Medicine and Public Health, Madison, Wis.;Lundquist Institute, Harbor-University of California Los Angeles School of Medicine, Torrance, Calif.;Division of Cardiology, Department of Medicine, Johns Hopkins University School of Medicine, Baltimore, Md.;Department of Radiology, University of Iowa Carver College of Medicine, Iowa City, Iowa.;Department of Medicine, Columbia University Medical Center, New York, NY.;Division of Cardiology, Department of Medicine, Johns Hopkins University School of Medicine, Baltimore, Md.;Department of Medicine, Columbia University Medical Center, New York, NY.;Musculoskeletal Radiology, Russell H. Morgan Department of Radiology and Radiological Science, Johns Hopkins University School of Medicine, 601 N Caroline St, JHOC 5165, Baltimore, MD 21287.",,"Humans;Female;Male;Aged;Middle Aged;Deep Learning;Tomography, X-Ray Computed;Bone Density;Prospective Studies;Cross-Sectional Studies;Pulmonary Emphysema;Thoracic Vertebrae;Pulmonary Disease, Chronic Obstructive;Longitudinal Studies",,R42 AR070713; R01 HL130506; R01 HL146666; R01 AR079620; R01 HL077612; R01 HL093081; 75N92020D00001; HHSN268201500003I; N01HC95159; 75N92020D00005; N01HC95160; 75N92020D00002; N01HC95161; 75N92020D00003; N01HC95162; 75N92020D00006; N01HC95163; 75N92020D00004; N01HC95164; 75N92020D00007; N01HC95165; N01HC95166; N01HC95167; N01HC95168; N01HC95169; UL1 TR000040; UL1 TR001079; UL1 TR001420,PUBMED,,0,,"Ghotbi E, 2026, Radiology","Ghotbi E, 2026, Radiology"
42009810,Intelligent earthquake prediction using animal vocal behavior analysis based on machine learning and deep learning approaches.,"Earthquakes are natural calamities that are destructive and result in the loss of lives and economic losses globally. It is vital to identify earthquakes at an early stage to reduce the damage caused to the environment and infrastructure. But, traditional monitoring much lacks timely warnings. A study has suggested an innovative framework that utilizes Machine Learning (ML) and Deep Learning (DL) to identify animal behaviour to predict earthquakes. This research proposes a novel framework to identify earthquake precursors using the field of bioacoustics, and ML and DL models. Animal's audio recordings of historical animal vocalizations were enhanced using data augmentation techniques to increase the audio dataset. The library utilized Librosa for extracting temporal and spectral features from the audio data. The ML algorithms used in the model were XGBoost, Random Forest, and Multi-Layer Perceptron. The DL algorithms used were Recurrent Neural Networks, Long Short-Term Memory, Bidirectional LSTM, and Gated Recurrent Units. The model was trained using a ratio of 80:20. Hyperparameter tuning and early stopping were used to improve the model's performance. DL methods have shown their potential to go beyond the conventional ML methods in handling temporal dependencies of the sequential audio data. The Bi-LSTM model obtained a test accuracy of 98.87%, and the AUC was found to be close to 1.00, which shows the effectiveness of the model in terms of generalization and robustness to environmental noises. The scalability of the model was tested using unseen datasets. The proposed approach permits a cost-effective early warning system. The approach is more beneficial in areas where there is no advance infrastructure available for seismic activity detection. Future work will be focused on the integration of IoT technology with edge computing technology to improve the scalability of the system.",Scientific reports,Sci Rep,2026,,,,,,eng,Journal Article,Salakapuri R;Gudla SPK;Terlapu PV;Pemula R;Kalidindi KR;Venugopal K,Salakapuri Rakesh;Gudla Surya Pavan Kumar;Terlapu Panduranga Vital;Pemula Rambabu;Kalidindi Kishore Raju;Venugopal Koppala,"Symbiosis Institute of Technology, Hyderabad Campus, Symbiosis International (Deemed University), Pune, India. srakesh@sithyd.siu.edu.in.;Aditya Institute of Technology and Management, K-Kotturu, Tekkali, Srikakulam, Andhra Pradesh, 532 201, India. pavan1980.mca@gmail.com.;Aditya Institute of Technology and Management, K-Kotturu, Tekkali, Srikakulam, Andhra Pradesh, 532 201, India.;Vidya Jyothi Institute of Technology, Hyderabad, Telangana, India.;S R K R Engineering College, Bhimavaram, West Godavari, Andhra Pradesh, 534 202, India.;Aditya Institute of Technology and Management, K-Kotturu, Tekkali, Srikakulam, Andhra Pradesh, 532 201, India.",Animal behavioural patterns;Data augmentation;Deep learning;Earthquake precursor detection;Machine learning,,,,PUBMED,,0,,"Salakapuri R, 2026, Sci Rep","Salakapuri R, 2026, Sci Rep"
42008377,The utility of Speech and Language analytics for screening Alzheimer&apos;s Disease.,"Effective screening and cohort enrichment remain major challenges in clinical trials for Alzheimer's disease (AD), where traditional diagnostic pathways rely on costly, invasive, and time-consuming procedures. Speech and language analysis has emerged as a scalable, low-burden approach for detecting subtle cognitive-linguistic and motor-speech changes that may appear early in the disease course. This review synthesizes current evidence on acoustic, prosodic, lexical, semantic, and syntactic speech features associated with AD and mild cognitive impairment (MCI) and evaluates their reported utility across a range of elicitation tasks including picture description, verbal fluency, narrative recall, spontaneous speech, and reading. Across studies, machine-learning models trained on speech and language features have reported consistent performance, although results vary substantially depending on task design, feature sets, and cohort characteristics. Task-dependent variability is evident, with picture description and verbal fluency tasks capturing lexical-semantic and timing markers, while narrative and spontaneous speech tasks capture impairments in coherence, information content, and prosody. Hybrid approaches integrating hand-crafted and machine-extracted features have also been explored to improve interpretability and model performance. Speech and language analytics may support digital pre-screening, cohort enrichment, and quality-assurance monitoring within clinical trials; however, their application depends on methodological considerations and validation across diverse settings. Despite encouraging findings, several methodological challenges persist, including inter-individual variability, limited dataset sizes, differences in recording conditions, and limitations in automatic speech recognition performance in cognitively impaired populations. Continued development of standardized protocols, disorder-adapted speech models, and multimodal analytic pipelines is needed to support clinical translation. Collectively, current evidence suggests that speech and language features represent candidate digital markers that may improve screening efficiency and support clinical trial enrichment in AD, although further validation is required to establish their reliability and generalizability.",Neuro-degenerative diseases,Neurodegener Dis,2026,,,1,26,,eng,Journal Article; Review,Siddiqui A;Kathiresan T;Opler M;Cohen A;Alber J;Snyder PJ;Vogel AP,Siddiqui Alveena;Kathiresan Thayabaran;Opler Mark;Cohen Alex;Alber Jessica;Snyder Peter J;Vogel Adam P,,,,,,PUBMED,,0,,"Siddiqui A, 2026, Neurodegener Dis","Siddiqui A, 2026, Neurodegener Dis"
42005418,"Partial Weight-Bearing after Lower Extremity Surgery: A Review of Current Standards, Innovations, and Patient Compliance.","Partial weight bearing (PWB) is a cornerstone of post-operative rehabilitation after lower extremity surgery (LES), balancing mechanical stimulation needed for bone, tendon, and cartilage healing with protection against excessive load that precipitates malunion, non-union, or joint dehiscence. This narrative review synthesizes literature to clarify current indications for PWB, evaluate traditional and emerging methods for prescribing and monitoring load, and identify factors influencing patient adherence. Hip, knee, ankle, and foot procedures commonly warrant PWB, yet optimal targets and progression schedules remain surgeon-dependent and inconsistently standardized. Household scales fail to replicate dynamic gait and are associated with poor long-term accuracy when compared to biofeedback devices, although these are the most widely adopted PWB adjuncts. Recent clinical trials demonstrate that wearable pressure-sensing insoles, audio or visual biofeedback, smartphone applications, telerehabilitation platforms, and virtual/augmented reality (VR/AR) or robotic off-loading devices markedly improve PWB precision, range of motion, muscle preservation, and functional scores without increasing complications. Nevertheless, widespread adoption is limited by cost, device sizing, battery life, and the requirement for continuous wear. Across studies that objectively quantified loading, adherence remains suboptimal, particularly among elderly and obese patients, underscoring the need for targeted educational interventions. Formal patient education, integrated into routine follow-up, may enhance understanding of PWB rationale, foster self-efficacy, and amplify the benefits of technology. Future research should prioritize high-quality randomized trials that combine sensor-derived compliance metrics with machine-learning analytics to individualize loading protocols, elucidate the drivers of non-adherence, and determine the cost-effectiveness of digital health solutions. Standardizing PWB guidelines while leveraging wearable, telehealth, and VR/AR technologies holds promise for accelerating recovery, reducing revision surgeries, and improving quality of life in an aging, fracture-prone population.",The archives of bone and joint surgery,Arch Bone Jt Surg,2026,14,1,16,23,,eng,Journal Article; Review,Kunz EM;Foster DT;Tehrany PM;Sedigh A;Kachooei AR,Kunz Eric M;Foster Devon T;Tehrany Pooya M;Sedigh Ashkan;Kachooei Amir R,,Lower extremity;Patient compliance;Postoperative care;Telemedicine;Virtual reality;Wearable electronic devices;Weight-bearing,,,,PUBMED,,0,,"Kunz EM, 2026, Arch Bone Jt Surg","Kunz EM, 2026, Arch Bone Jt Surg"
42002939,"Artificial intelligence (AI)-assisted ultrasound in clinical trials: Endpoint automation, decentralized monitoring, and regulatory readiness.","Ultrasound is among the most widely used imaging modalities in clinical trials, and yet its dependence on operator skill and equipment settings has historically limited the reproducibility of ultrasound-based endpoints in multi-center studies. Artificial intelligence (AI) now addresses this limitation across two complementary dimensions: automated measurement algorithms that quantify cardiac function, organ volume, and vascular parameters with reproducibility approaching or, in select settings, exceeding that of trained human readers and real-time acquisition guidance systems that enable clinicians with no formal sonography training to perform diagnostic-level examinations, making remote and decentralized assessment increasingly feasible. This narrative review synthesizes current evidence and regulatory developments across three interconnected domains. First, use of automated ultrasound to ascertain endpoints has advanced from single-institution validation to prospective and randomized evidence, with deep learning measurement of the left ventricular ejection fraction demonstrating formal equivalence to expert readers across multiple echocardiographic parameters and AI-first workflows shortening the time to diagnosis in a blinded non-inferiority trial. Second, AI-guided ultrasound acquisition by nurses and other non-expert operators has achieved a high rate of diagnostic acceptability in cardiac and pulmonary ultrasound, laying the groundwork for use of ultrasound-based endpoints in decentralized clinical trial designs, as reflected in Food and Drug Administration (FDA) guidance on decentralized trial elements. Third, the regulatory frameworks governing AI-enabled medical devices - including the U.S. FDA's Predetermined Change Control Plan guidance, the EU Artificial Intelligence Act, and internationally harmonized good machine learning practice relevant to Japan and other jurisdictions - increasingly emphasize overlapping principles such as specification of prospective performance, post-marketing oversight, and transparent reporting. Addressing remaining challenges in domain generalization across vendors, subgroup fairness, and algorithm change management during ongoing trials will be essential for AI-assisted ultrasound to fulfill its potential as a robust, scalable endpoint in clinical research worldwide.",Drug discoveries & therapeutics,Drug Discov Ther,2026,20,2,91,103,,eng,Journal Article; Review,Karako K;Gao J,Karako Kenji;Gao Jianjun,"Department of Surgery, Graduate School of Medicine, The University of Tokyo, Tokyo, Japan.;Department of Pharmacology, School of Pharmacy, Qingdao Medical College, Qingdao University, Qingdao, Shandong, China.",Artificial intelligence;automated endpoint measurement;clinical trials;decentralized clinical trials;ultrasound,Humans;Artificial Intelligence;Ultrasonography;Clinical Trials as Topic;Echocardiography;Reproducibility of Results;Automation;Endpoint Determination,,,PUBMED,,0,,"Karako K, 2026, Drug Discov Ther","Karako K, 2026, Drug Discov Ther"
42002655,Predicting disease progression in multiple sclerosis with clinically accessible information and technology.,"Predicting disease progression at the individual level is essential for personalized medicine. We previously developed machine-learning tools to estimate 5-year progression risk in people with multiple sclerosis (PwMS). Such models should account for disease-modifying therapy (DMT) and objective outcome definitions. In a retrospective multicenter case-control study, we evaluated adults with relapsing-remitting multiple sclerosis (RRMS) at baseline. Using machine-learning, we developed two complementary tools for individualized 5-year risk estimation: DAAE-M, optimized for transparency, software-neutral use, and mitigation of indication bias, and ELIE, optimized for dynamic landmark-based modeling, complex treatment histories, and mitigation of immortal-time bias. Disease progression was defined using both a clinical outcome (RRMS-to-progressive MS) and an objective outcome (late-stage confirmed progression independent of relapse activity). Among 34,510 people with RRMS (72.6% female, mean age = 37.1, mean disease duration = 5.8), 9.8% and 21% met clinical and objective progression criteria, respectively, over five years. Both models demonstrated good calibration across risk-groups (Brier scores 0.06-0.16). DAAE-M provided patient-level risk estimates with monotonic risk escalation across risk-groups for clinical (3.1%/11.2%/22.6%/33.0%) and objective (8.4%/14.5%/23.3%/38.8%) progression. For DAAE-M, high-efficacy DMT was associated with approximately half the progression risk compared with low-efficacy DMT (risk-ratios: 0.42-0.59; p < 0.01). ELIE also showed good calibration across risk deciles with increasing incidence for both clinical (0.3%/1.2%/1.7%/2.5%/3.7%/5.5%/7.2%/10.2%/14.3%/21.5%) and objective (0.9%/1.6%/2.5%/4.0%/5.8%/7.8%/10.2%/15.3%/20.9%/32.5%) outcomes. We developed two well-calibrated machine-learning-based tools for individualized 5-year prediction of clinically- and objectively-defined MS progression, each with distinct strengths in usability, bias handling, and treatment modeling. These findings support future tool use in personalized risk stratification and secondary prevention.",Journal of neurology,J Neurol,2026,273,5,,,,eng,Journal Article; Multicenter Study,Fuchs TAN;Schoonheim MM;Strijbis EMM;Jelgerhuis JR;Horakova D;Havrdova EK;Uher T;Zivadinov R;Ozakbas S;Girard M;Alroughani R;Grammond P;Lugaresi A;Tomassini V;Kalincik T;Roos I;Gerlach O;van der Walt A;Khoury SJ;van Pesch V;Surcinelli A;Foschi M;Sa MJ;D'amico E;Kuhle J;Cartechini E;Maimone D;Karabudak R;Soysal A;Spitaleri D;Laureys G;Taylor B;D'hooghe M;Ampapa R;Castillo-Triviño T;Altintas A;Gray O;Gouider R;Meca-Lallana JE;Kermode AG;Fabis-Pedrini M;Carroll WM;de Gans K;Sanchez-Menoyo JL;Etemadifar M;Al-Asmi A;McCombe P;Simu M;Yetkin MF;Al-Harbi T;Csepany T;Lalive P;Hardy TA;Ramanathan S;Willekens B;Sempere AP;Cárdenas-Robledo S;Habek M;Singhal B;Grigoriadis N;Simo M;Shaygannejad V;Blanco Y;Aguera-Morales E;Garber J;Solaro C;Shuey N;Khurana D;Decoo D;Moghadasi AN;Buzzard K;Skibina O;John N;Petersen T;Weinstock-Guttman B,Fuchs Tom A N;Schoonheim Menno M;Strijbis Eva M M;Jelgerhuis Julia R;Horakova Dana;Havrdova Eva K;Uher Tomas;Zivadinov Robert;Ozakbas Serkan;Girard Marc;Alroughani Raed;Grammond Pierre;Lugaresi Alessandra;Tomassini Valentina;Kalincik Tomas;Roos Izanne;Gerlach Oliver;van der Walt Anneke;Khoury Samia J;van Pesch Vincent;Surcinelli Andrea;Foschi Matteo;Sa Maria Jose;D'amico Emanuelle;Kuhle Jens;Cartechini Elisabetta;Maimone Davide;Karabudak Rana;Soysal Aysun;Spitaleri Daniele;Laureys Guy;Taylor Bruce;D'hooghe Marie;Ampapa Radek;Castillo-Triviño Tamara;Altintas Ayse;Gray Orla;Gouider Riadh;Meca-Lallana Jose E;Kermode Allan G;Fabis-Pedrini Marzena;Carroll William M;de Gans Koen;Sanchez-Menoyo Jose Luis;Etemadifar Masoud;Al-Asmi Abdullah;McCombe Pamela;Simu Mihaela;Yetkin Mehmet Fatih;Al-Harbi Talal;Csepany Tunde;Lalive Patrice;Hardy Todd A;Ramanathan Sudarshini;Willekens Barbara;Sempere Angel Perez;Cárdenas-Robledo Simón;Habek Mario;Singhal Bhim;Grigoriadis Nikolaos;Simo Magdolna;Shaygannejad Vahid;Blanco Yolanda;Aguera-Morales Eduardo;Garber Justin;Solaro Claudio;Shuey Neil;Khurana Dheeraj;Decoo Danny;Moghadasi Abdorreza Naser;Buzzard Katherine;Skibina Olga;John Nevin;Petersen Thor;Weinstock-Guttman Bianca,"MS Center Amsterdam, Vrije Universiteit Amsterdam, Amsterdam UMC, Location VUmc, De Boelelaan 1108, 1081 HZ, Amsterdam, The Netherlands. t.fuchs@amsterdamumc.nl.;MS Center Amsterdam, Vrije Universiteit Amsterdam, Amsterdam UMC, Location VUmc, De Boelelaan 1108, 1081 HZ, Amsterdam, The Netherlands.;MS Center Amsterdam, Vrije Universiteit Amsterdam, Amsterdam UMC, Location VUmc, De Boelelaan 1108, 1081 HZ, Amsterdam, The Netherlands.;MS Center Amsterdam, Vrije Universiteit Amsterdam, Amsterdam UMC, Location VUmc, De Boelelaan 1108, 1081 HZ, Amsterdam, The Netherlands.;Charles University in Prague and General University Hospital, Prague, Czech Republic.;Charles University in Prague and General University Hospital, Prague, Czech Republic.;Charles University in Prague and General University Hospital, Prague, Czech Republic.;Jacobs School of Medicine and Biomedical Sciences, Buffalo, USA.;Izmir University of Economics, Medical Point Hospital, Izmir, Turkey.;CHUM and Universite de Montreal, Montreal, Canada.;Amiri Hospital, Sharq, Kuwait.;CISSS Chaudière-Appalache, Levis, Canada.;Università di Bologna, Bologna, Italia.;University G. d'Annunzio of Chieti-Pescara, Chieti, Italy.;Department of Neurology, Neroimmunology Centre, Royal Melbourne Hospital, Melbourne, Australia.;Department of Neurology, Neroimmunology Centre, Royal Melbourne Hospital, Melbourne, Australia.;Zuyderland Medical Center, Sittard-Geleen, The Netherlands.;Department of Neurology, The Alfred Hospital, Melbourne, Australia.;American University of Beirut Medical Center, Beirut, Lebanon.;Cliniques Universitaires Saint-Luc, Brussels, Belgium.;S. Maria Delle Croci Hospital, AUSL Romagna, Ravenna, Italy.;S. Maria Delle Croci Hospital, AUSL Romagna, Ravenna, Italy.;Centro Hospitalar Universitario de Sao Joao, Porto, Portugal.;Medical and Surgical Sciences, Universita di Foggia, Foggia, Italy.;University Hospital Basel, Basel, Switzerland.;Neurology Unit, AST Macerata, Macerata, Italy.;Azienda Ospedaliera per l'Emergenza Cannizzaro, Catania, Italy.;Yeditepe University, Istanbul, Turkey.;Bakirkoy Education and Research Hospital for Psychiatric and Neurological Diseases, Istanbul, Turkey.;Azienda Ospedaliera di rilievo Nazionale San Giuseppe Moscati Avellino, Avellino, Italy.;Universitary Hospital Ghent, Ghent, Belgium.;Royal Hobart Hospital, Hobart, Australia.;National MS Centrum, Melsbroek, Belgium.;Nemocnice Jihlava, Jihlava, Czech Republic.;Hospital Universitario Donostia and IIS Biodonostia, San Sebastián, Spain.;Koc University, Istanbul, Turkey.;South Eastern HSC Trust, Belfast, UK.;Razi University Hospital, Tunis, Tunisia.;Virgen de la Arrixaca Clinical University Hospital. IMIB-Arrixaca, Murcia, Spain.;Perron Institute for Neurological and Translational Science, The University of Western Australia, Perth, Australia.;Perron Institute for Neurological and Translational Science, The University of Western Australia, Perth, Australia.;Perron Institute for Neurological and Translational Science, The University of Western Australia, Perth, Australia.;Groene Hart Ziekenhuis, Gouda, The Netherlands.;Galdakao-Usansolo University Hospital, Osakidetza-Basque Health Service, Galdakao, Spain.;MS Institute, Osfahan, Iran.;College of Medicine and Health Sciences and Sultan, Qaboos University Hospital, Sultan Qaboos University, Al-Khodh, Oman.;Royal Brisbane and Women's Hospital, Brisbane, Australia.;Department of Neuroscience Clinic of Neurology, University of Medicine and Pharmacy Victor Babes Timisoara, Timisoara, Romania.;Department of Neurology, Erciyes University, Kayseri, Turkey.;King Fahad Specialist Hospital-Dammam, Dammam, Saudi Arabia.;Department of Neurology, University of Debrecen, Debrecen, Hungary.;Faculty of Medicine, Geneva University Hospitals, Geneva, Switzerland.;Concord Repatriation General Hospital, University of Sydney, Sydney, Australia.;Concord Repatriation General Hospital, University of Sydney, Sydney, Australia.;Department of Neurology, Antwerp University Hospital, Edegem, Belgium.;Hospital General Universitario de Alicante, Alicante, Spain.;Hospital Universitario Nacional de Colombia, Bogota, Colombia.;University Hospital Center Zagreb, Zagreb, Croatia.;Bombay Hospital Institute of Medical Sciences, Mumbai, India.;AHEPA University Hospital, Thessaloniki, Greece.;Semmelweis University Budapest, Budapest, Hungary.;Isfahan University of Medical Sciences, Isfahan, Iran.;Hospital Clinic de Barcelona, Barcelona, Spain.;University of Cordoba, Cordoba, Spain.;Department of Neurology, Westmead Hospital, Sydney, Australia.;Department of Neurology, Galliera Hospital, Genoa, Italy.;Vincent's Hospital, Fitzroy, ,Melbourne, Australia.;Department of Neurology, Postgraduate Institute of Medical Education and Research, Chandigarh, India.;Alma Ziekenhuis, Sijsele, Damme, Belgium.;Multiple Sclerosis Research Center, Neuroscience Institute, Tehran University of Medical Sciences, Tehran, Iran.;Department of Neurosciences, Box Hill Hospital, Box Hill, Melbourne, Australia.;Department of Neurosciences, Box Hill Hospital, Box Hill, Melbourne, Australia.;Department of Neurology, Monash University, Clayton, Australia.;Aarhus University Hospital, Arhus C, Denmark.;Jacobs School of Medicine and Biomedical Sciences, Buffalo, USA.",Secondary progressive multiple sclerosis;Clinical;Decision support tools;Disease progression;Multiple sclerosis;Prediction,"Humans;Disease Progression;Female;Adult;Male;Retrospective Studies;Middle Aged;Machine Learning;Multiple Sclerosis, Relapsing-Remitting;Case-Control Studies;Risk Assessment",,,PUBMED,,0,,"Fuchs TAN, 2026, J Neurol","Fuchs TAN, 2026, J Neurol"
41999751,Combined multi-omics and multi-spectral profiling of plasma extracellular vesicles reveals liquid biopsy biomarkers for glioma diagnosis.,"Plasma small extracellular vesicles (sEVs) are a promising liquid biopsy tool. This study aims to delineate and validate a multimodal plasma sEV biomarker signature for glioma. We use size exclusion chromatography to separate sEVs from plasma (1 mL) and a combination of multi-spectral (Fourier transform infrared/Raman) and orthogonal multi-omics (proteomic/microRNA) approaches on 206 plasma samples (159 individuals) across three independent cohorts. We identify distinct glioma sEV biomolecular profiles, including differences in sEV protein/nucleic acid composition, and consistent alterations in 45 proteins and 20 microRNAs. Machine learning models derived from training cohort data achieve high diagnostic performance (areas under the curve [AUCs] 0.931-0.971), while external validation across independent cohorts confirms the signature's diagnostic potential, with 100% accuracy for the proteomic and multimodal signatures in the longitudinal cohort. Our findings, generated through a rigorous multi-cohort and multi-algorithmic framework, establish the potential of plasma sEV signatures as a clinically relevant diagnostic liquid biopsy approach for glioma.",Cell reports. Medicine,Cell Rep Med,2026,,,102744,,,eng,Journal Article,Robinson SD;Haile BT;Reily-Bell M;Iwanowytsch O;Palmer S;Nørøxe DS;Filippou PS;Renaut J;Lazarus A;Antoniou G;Samuels M;Vella V;Filippopoulou C;Jones W;Jung J;Li X;Ji N;Zhang Y;Azam A;Skjoeth-Rasmussen J;Lassen U;Saraiva A;Taha A;Slatter T;Jones G;Katare R;Butler HJ;Baker MJ;Hadjidemetriou M;Gilbert D;Towler B;Ashkan K;Critchley G;Pearl FMG;Giamas G,Robinson Stephen David;Haile Biniam Tsegay;Reily-Bell Matthew;Iwanowytsch Olivia;Palmer Siobhan;Nørøxe Dorte Schou;Filippou Panagiota S;Renaut Joanna;Lazarus Alan;Antoniou Georgios;Samuels Mark;Vella Viviana;Filippopoulou Chrysa;Jones William;Jung Josephine;Li Xiaoou;Ji Nan;Zhang Yang;Azam Aleena;Skjoeth-Rasmussen Jane;Lassen Ulrik;Saraiva Adriana;Taha Ahmad;Slatter Tania;Jones Greg;Katare Rajesh;Butler Holly J;Baker Matthew J;Hadjidemetriou Marilena;Gilbert Duncan;Towler Benjamin;Ashkan Keyoumars;Critchley Giles;Pearl Frances M G;Giamas Georgios,"Department of Biochemistry and Biomedicine, School of Life Sciences, University of Sussex, Brighton BN1 9QG, UK; Sussex Cancer Centre, University Hospitals Sussex NHS Foundation Trust, Brighton BN2 5BE, UK. Electronic address: s.d.robinson@sussex.ac.uk.;Bioinformatics Laboratory, School of Life Sciences, University of Sussex, Brighton BN1 9QG, UK.;Dunedin School of Medicine, University of Otago, Dunedin 9016, New Zealand.;NanoOmics Lab, Centre for Nanotechnology in Medicine, Faculty of Biology, Medicine and Health, University of Manchester, Manchester M13 9PL, UK.;Dxcover Ltd., Glasgow G33 1AP, UK; WestCHEM, Department of Pure and Applied Chemistry, University of Strathclyde, Glasgow G1 1XL, UK.;Danish Comprehensive Cancer Center Brain Tumor Centre, 2100 Copenhagen, Denmark; Department of Oncology, University Hospital of Copenhagen, 2100 Copenhagen, Denmark.;School of Health & Life Sciences, Teesside University, Middlesbrough TS1 3BX, UK; National Horizons Centre, Teesside University, Darlington DL1 1HG, UK; School of Medicine, Faculty of Health Sciences, Aristotle University of Thessaloniki, 541 24 Thessaloniki, Greece.;Bioinformatics Laboratory, School of Life Sciences, University of Sussex, Brighton BN1 9QG, UK.;Dxcover Ltd., Glasgow G33 1AP, UK.;Dxcover Ltd., Glasgow G33 1AP, UK.;International Oncology Institute, The First Affiliated Hospital of Zhejiang Chinese Medical University, Oncology Department of the First Affiliated Hospital of Zhejiang Chinese Medical University, Hangzhou 310053, China; Department of Biochemistry and Biomedicine, School of Life Sciences, University of Sussex, Brighton BN1 9QG, UK.;Department of Biochemistry and Biomedicine, School of Life Sciences, University of Sussex, Brighton BN1 9QG, UK.;International Oncology Institute, The First Affiliated Hospital of Zhejiang Chinese Medical University, Oncology Department of the First Affiliated Hospital of Zhejiang Chinese Medical University, Hangzhou 310053, China.;Department of Biochemistry and Biomedicine, School of Life Sciences, University of Sussex, Brighton BN1 9QG, UK.;Department of Neurosurgery, Kings College Hospital NHS Foundation Trust, London SE5 9RS, UK.;Department of Neurosurgery, Beijing Tiantan Hospital, Capital Medical University, Beijing 100070, China.;Department of Neurosurgery, Beijing Tiantan Hospital, Capital Medical University, Beijing 100070, China.;Department of Neurosurgery, Beijing Tiantan Hospital, Capital Medical University, Beijing 100070, China.;Department of Neurosurgery, University Hospital of Copenhagen, 2100 Copenhagen, Denmark.;Department of Neurosurgery, University Hospital of Copenhagen, 2100 Copenhagen, Denmark.;Danish Comprehensive Cancer Center Brain Tumor Centre, 2100 Copenhagen, Denmark; Department of Oncology, University Hospital of Copenhagen, 2100 Copenhagen, Denmark.;Dunedin School of Medicine, University of Otago, Dunedin 9016, New Zealand.;Dunedin School of Medicine, University of Otago, Dunedin 9016, New Zealand.;Dunedin School of Medicine, University of Otago, Dunedin 9016, New Zealand.;Dunedin School of Medicine, University of Otago, Dunedin 9016, New Zealand.;Dunedin School of Medicine, University of Otago, Dunedin 9016, New Zealand.;Dxcover Ltd., Glasgow G33 1AP, UK.;Dxcover Ltd., Glasgow G33 1AP, UK; School of Medicine, University of Central Lancashire, Preston PR1 7BH, UK.;NanoOmics Lab, Centre for Nanotechnology in Medicine, Faculty of Biology, Medicine and Health, University of Manchester, Manchester M13 9PL, UK.;Sussex Cancer Centre, University Hospitals Sussex NHS Foundation Trust, Brighton BN2 5BE, UK; MRC Clinical Trials Unit, University College London, London WC1V 6LJ, UK.;Department of Biochemistry and Biomedicine, School of Life Sciences, University of Sussex, Brighton BN1 9QG, UK.;Department of Neurosurgery, Kings College Hospital NHS Foundation Trust, London SE5 9RS, UK.;Dunedin School of Medicine, University of Otago, Dunedin 9016, New Zealand; Department of Neurosurgery, University Hospitals Sussex NHS Foundation Trust, Brighton BN2 5BE, UK.;Bioinformatics Laboratory, School of Life Sciences, University of Sussex, Brighton BN1 9QG, UK.;International Oncology Institute, The First Affiliated Hospital of Zhejiang Chinese Medical University, Oncology Department of the First Affiliated Hospital of Zhejiang Chinese Medical University, Hangzhou 310053, China; Department of Biochemistry and Biomedicine, School of Life Sciences, University of Sussex, Brighton BN1 9QG, UK. Electronic address: georgios.giamas@zcmu.edu.cn.",biomarker;blood;brain tumor;extracellular vesicle;glioblastoma;glioma;liquid biopsy;machine-learning;multi-omics;spectroscopy,,,,PUBMED,,0,,"Robinson SD, 2026, Cell Rep Med","Robinson SD, 2026, Cell Rep Med"
41997658,"A comparative review of red, green, and brown seaweed: Bioactive components, health effects, and machine learning approaches.","Edible seaweed subcategorized into Chlorophyta (green algae), Phaeophyceae (brown algae) and Rhodophyta (red algae) are considered sustainable functional foods with marketing challenges and regulatory issues. Seaweed-associated safety concerns continue to garner attention. Underdefined similarities and differences among different categorized seaweed hinder their distinct developments in food innovation. This review comparatively analyzed Chlorophyta, Phaeophyceae and Rhodophyta, focusing on profiles of functional, bioactive, and undesirable substances. Mechanistic insights into different and unique physicochemical characteristics and biological functions were discussed for each type of seaweed. Chlorophyta, Phaeophyceae and Rhodophyta can be distinguished by distinct phenotypic traits, chemical components, physicochemical characteristics, sensory properties, and bioactive potencies. Rhodophyta are the richest in dietary fiber, protein, agar, vitamin (C and B6) and phycobiliprotein. Alginate, fucoidan, and laminarin, phlorotannin, fucoxanthin and iodine in Phaeophyceae, and Chlorophyta ulvan are well-recognized. Rhodophyta, Chlorophyta and Phaeophyceae exhibited antioxidative, antimicrobial, anti-inflammatory, neuroprotective, anticancer and antidiabetic properties. Phaeophyceae excels in metal chelation, free radical scavenging and neuroprotection. Heavy metal contamination of Phaeophyceae is concerning. Small sample size, non-representativeness in sampling, and non-standardized extraction and analytical methods introduce uncertainty into comparing findings across/within studies. Comparative data regarding macromolecular crowding, safety criteria, bioactive potencies range, large-scale clinical trials, and commercial viability remain insufficient. Promisingly, machine learning identifies/predicts distinct aspects, including morphologies, chemical compositions, physicochemical properties and bioactivities. Solving the challenges of limited data quantity and quality, insufficient model validation and poor model interpretability will promote machine learning applications. The findings of this review provide fundamental knowledge for developing functional foods with seaweed-derived ingredients.","Food research international (Ottawa, Ont.)",Food Res Int,2026,234,,118420,,,eng,Journal Article; Review; Comparative Study,Wang S;Qiu Y;Zhu F,Wang Sunan;Qiu Yi;Zhu Fan,"Canadian Food and Wine Institute, Niagara College, 135 Taylor Road, Niagara-on-the-Lake, Ontario L0S 1J0, Canada; School of Chemical Sciences, The University of Auckland, Private Bag 92019, Auckland 1142, New Zealand.;Division of Engineering Science, Faculty of Applied Science and Engineering, University of Toronto, 35 St. George Street, Toronto, Ontario M5S 1A4, Canada.;School of Chemical Sciences, The University of Auckland, Private Bag 92019, Auckland 1142, New Zealand. Electronic address: fzhu5@yahoo.com.",Bioactive polysaccharide;Biological activity;Chemical contaminant;Chlorophyta;Deep learning;Phaeophyceae;Phenolic compound;Rhodophyta,Seaweed;Machine Learning;Phaeophyceae;Humans;Chlorophyta;Rhodophyta;Functional Food;Animals;Polysaccharides,,,PUBMED,,0,,"Wang S, 2026, Food Res Int","Wang S, 2026, Food Res Int"
41993882,multiDEGGs: Single or Multiomic Differential Network Analysis for Biomarker Discovery and Feature Engineering for Predictive Modeling.,,Computational and structural biotechnology journal,Comput Struct Biotechnol J,2026,35,1,0001,,,eng,Journal Article,Sciacca E;Wang SS;Pitzalis C;Lewis MJ,Sciacca Elisabetta;Wang Susan S;Pitzalis Costantino;Lewis Myles J,"Department of Biomedical Sciences, Humanitas University, Milan, Italy.;Centre for Experimental Medicine and Rheumatology, William Harvey Research Institute, Barts and The London School of Medicine and Dentistry, Queen Mary University of London, London, UK.;Centre for Experimental Medicine and Rheumatology, William Harvey Research Institute, Barts and The London School of Medicine and Dentistry, Queen Mary University of London, London, UK.;Barts Health NHS Trust and National Institute for Health and Care Research (NIHR) Barts Biomedical Research Centre (BRC), London, UK.;Centre for Experimental Medicine and Rheumatology, William Harvey Research Institute, Barts and The London School of Medicine and Dentistry, Queen Mary University of London, London, UK.;Barts Health NHS Trust and National Institute for Health and Care Research (NIHR) Barts Biomedical Research Centre (BRC), London, UK.;IRCCS Istituto Clinico Humanitas, Rozzano (MI), Italy.;Centre for Experimental Medicine and Rheumatology, William Harvey Research Institute, Barts and The London School of Medicine and Dentistry, Queen Mary University of London, London, UK.;Barts Health NHS Trust and National Institute for Health and Care Research (NIHR) Barts Biomedical Research Centre (BRC), London, UK.",,,,,PUBMED,,0,,"Sciacca E, 2026, Comput Struct Biotechnol J","Sciacca E, 2026, Comput Struct Biotechnol J"
41991264,Indocyanine green fluorescence for intraoperative detection of liver tumours in minimally invasive surgery: protocol for the LIVERGREEN phase IV multicentre clinical trial.,"Liver tumours are a leading cause of global morbidity and mortality. Current diagnostic tools, including computed tomography (CT), magnetic resonance imaging (MRI) and intraoperative ultrasound (IOUS), have limitations in detecting liver neoplasms. Indocyanine green (ICG) has emerged as a promising tool for improving liver tumour detection. This study aims to assess the impact of preoperative ICG on intraoperative tumour detection in minimally invasive surgery and develop a machine-learning algorithm to enhance tumour detection using ICG fluorescence. This prospective, multicentre, phase IV clinical trial adheres to Standard Protocol Items: Recommendations for Interventional Trials (SPIRIT) guidelines. Patients with liver tumours eligible for minimally invasive surgery and a preoperative imaging test will be included. ICG will be administered intravenously 24 hours before surgery. Intraoperative procedures will include IOUS, ICG mapping and photographic documentation. Patients will be followed for 90 days to assess tumour progression, morbidity and mortality. The photographic analysis will enable the development of an artificial intelligence algorithm using machine learning and neural networks to identify lesions based on ICG fluorescence. The estimated sample size is 173 patients and the trial is predicted to accrue in 3 years. The trial will be conducted in accordance with the Declaration of Helsinki and the Spanish Agency of Medicines and Medical Devices (AEMPS) guidelines. Approved by the local institutional Ethics Committee and the AEMPS, the results will be shared with the scientific community through publications and conferences. 2023-5 08 316-27-00. NCT06398028. V.12, 18 March 2025.",BMJ open,BMJ Open,2026,16,4,e118275,,,eng,Journal Article; Clinical Trial Protocol,Huerta M;Lopez-Ben S;Lladó L;Sánchez-Cabús S;Mils K;Molina V;Dopazo C;Vidal L;Dalmau M;Caralt M;Rosón N;Merino X;Armario D;Salcedo MT;Pellino G;Sapisochin G;Gómez-Gavara C,Huerta Martín;Lopez-Ben Santiago;Lladó Laura;Sánchez-Cabús Santiago;Mils Kristel;Molina Víctor;Dopazo Cristina;Vidal Laura;Dalmau Mar;Caralt Mireia;Rosón Nuria;Merino Xavier;Armario David;Salcedo María Teresa;Pellino Gianluca;Sapisochin Gonzalo;Gómez-Gavara Concepción,"Department of General and Digestive Surgery, HPB Surgery and Liver Transplant Unit, Vall d'Hebron University Hospital, Barcelona, Spain.;Universitat Autonoma de Barcelona, Barcelona, Spain.;HPB Surgery Unit, Hospital Universitari de Girona Doctor Josep Trueta, Girona, Spain.;HPB Surgery and Liver Transplant Unit, Bellvitge University Hospital, L'Hospitalet de Llobregat, Spain.;Universidad de Barcelona, Barcelona, Spain.;Universitat Autonoma de Barcelona, Barcelona, Spain.;HPB Surgery Unit, Hospital de la Santa Creu i Sant Pau, Barcelona, Spain.;HPB Surgery and Liver Transplant Unit, Bellvitge University Hospital, L'Hospitalet de Llobregat, Spain.;Universidad de Barcelona, Barcelona, Spain.;Universitat Autonoma de Barcelona, Barcelona, Spain.;HPB Surgery Unit, Hospital de la Santa Creu i Sant Pau, Barcelona, Spain.;Department of General and Digestive Surgery, HPB Surgery and Liver Transplant Unit, Vall d'Hebron University Hospital, Barcelona, Spain.;Universitat Autonoma de Barcelona, Barcelona, Spain.;Department of General and Digestive Surgery, HPB Surgery and Liver Transplant Unit, Vall d'Hebron University Hospital, Barcelona, Spain.;Universitat Autonoma de Barcelona, Barcelona, Spain.;Department of General and Digestive Surgery, HPB Surgery and Liver Transplant Unit, Vall d'Hebron University Hospital, Barcelona, Spain.;Universitat Autonoma de Barcelona, Barcelona, Spain.;Department of General and Digestive Surgery, HPB Surgery and Liver Transplant Unit, Vall d'Hebron University Hospital, Barcelona, Spain.;Universitat Autonoma de Barcelona, Barcelona, Spain.;Universitat Autonoma de Barcelona, Barcelona, Spain.;Department of Radiology, Vall d'Hebron University Hospital, Barcelona, Spain.;Universitat Autonoma de Barcelona, Barcelona, Spain.;Department of Radiology, Vall d'Hebron University Hospital, Barcelona, Spain.;Universitat Autonoma de Barcelona, Barcelona, Spain.;Department of Radiology, Vall d'Hebron University Hospital, Barcelona, Spain.;Universitat Autonoma de Barcelona, Barcelona, Spain.;Department of Pathology, Vall d'Hebron University Hospital, Barcelona, Spain.;Universitat Autonoma de Barcelona, Barcelona, Spain.;Department of General and Digestive Surgery, Colorectal Surgery Unit, Vall d'Hebron University Hospital, Barcelona, Spain.;Department of General and Digestive Surgery, HPB Surgery and Liver Transplant Unit, Vall d'Hebron University Hospital, Barcelona, Spain imgoga@hotmail.com gonzalo.sapisochin@vallhebron.cat.;Universitat Autonoma de Barcelona, Barcelona, Spain.;Department of General and Digestive Surgery, HPB Surgery and Liver Transplant Unit, Vall d'Hebron University Hospital, Barcelona, Spain imgoga@hotmail.com gonzalo.sapisochin@vallhebron.cat.;Universitat Autonoma de Barcelona, Barcelona, Spain.",Artificial Intelligence;Hepatobiliary surgery;SURGERY,"Humans;Indocyanine Green;Liver Neoplasms;Minimally Invasive Surgical Procedures;Prospective Studies;Fluorescence;Coloring Agents;Multicenter Studies as Topic;Machine Learning;Clinical Trials, Phase IV as Topic",,,PUBMED,,0,,"Huerta M, 2026, BMJ Open","Huerta M, 2026, BMJ Open"
41990897,Lower pre-treatment TMS-evoked cortical reactivity and alpha-band oscillatory dynamics predict efficacy of primary motor cortex neuromodulation for chronic pain.,"Repetitive transcranial magnetic stimulation (rTMS) to the primary motor cortex (M1) provides significant pain relief in ∼45% of chronic pain patients. Identifying biomarkers that predict treatment response before starting rTMS is essential for guiding clinical decision-making. Here, we used TMS combined with electroencephalography (TMS-EEG) to assess pre-treatment cortical function in 43 patients with chronic pain before receiving 12 sessions of therapeutic 10 Hz rTMS to M1 over eight weeks as a secondary analysis from a trial comparing effects of rTMS in different cortical targets. Responders were defined as individuals reporting a ≥ 30% reduction in pain intensity on a visual analogue scale at week 8. Pre-therapy TMS-evoked cortical reactivity was quantified using global mean field power (GMFP) and local mean field power (LMFP) within an early post-stimulus window (20-120 ms). Oscillatory dynamics were measured by event-related spectral perturbation (ERSP) and intertrial coherence (ITC) in alpha (8-12 Hz), low-beta (13-20 Hz), and high-beta (21-30 Hz) bands. Compared with non-responders, responders (n = 20; 47%) showed lower GMFP, LMFP, alpha-band ERSP, and ITC at the stimulation site (p < 0.05). These low measures correlated with greater reductions in pain intensity (p < 0.05). Exploratory supervised machine-learning analysis using three TMS-EEG features (GMFP, alpha-band ERSP, alpha-band ITC) predicted responder status with acceptable performance (ROC-AUC=0.70, PR-AUC=0.76). These findings suggest that lower pre-treatment TMS-evoked cortical reactivity and alpha-band oscillatory dynamics may identify patients more likely to benefit from rTMS. Prospective clinical trials should test pre-therapy reactivity and connectivity metrics to select patients more likely to benefit from therapy.",NeuroImage,Neuroimage,2026,333,,121931,,,eng,Journal Article,De Martino E;Bach MM;Jakobsen A;Couto BN;Chowdhury NS;Ingemann-Molden S;Casali A;Graven-Nielsen T;de Andrade DC,De Martino Enrico;Bach Margit Midtgaard;Jakobsen Anne;Couto Bruno Nascimento;Chowdhury Nahian S;Ingemann-Molden Stian;Casali Adenauer;Graven-Nielsen Thomas;de Andrade Daniel Ciampi,"Center for Neuroplasticity and Pain (CNAP), Department of Health Science and Technology, Faculty of Medicine, Aalborg University, Aalborg, Denmark.;Center for Neuroplasticity and Pain (CNAP), Department of Health Science and Technology, Faculty of Medicine, Aalborg University, Aalborg, Denmark.;Center for Neuroplasticity and Pain (CNAP), Department of Health Science and Technology, Faculty of Medicine, Aalborg University, Aalborg, Denmark.;Center for Neuroplasticity and Pain (CNAP), Department of Health Science and Technology, Faculty of Medicine, Aalborg University, Aalborg, Denmark.;NeuroRecovery Research Hub, School of Psychology, University of New South Wales, Sydney, New South Wales, Australia; Centre for Pain IMPACT, Neuroscience Research Australia, Sydney, Australia.;Center for Neuroplasticity and Pain (CNAP), Department of Health Science and Technology, Faculty of Medicine, Aalborg University, Aalborg, Denmark.;Institute of Science and Technology, Federal University of São Paulo, São Paulo, Brazil.;Center for Neuroplasticity and Pain (CNAP), Department of Health Science and Technology, Faculty of Medicine, Aalborg University, Aalborg, Denmark.;Center for Neuroplasticity and Pain (CNAP), Department of Health Science and Technology, Faculty of Medicine, Aalborg University, Aalborg, Denmark. Electronic address: dca@hst.aau.dk.","Biomarkers of treatment response, Brain oscillations, neuropathic pain;Neuromodulation, Chronic pain;Repetitive transcranial magnetic stimulation (rTMS);TMS-EEG, Cortical excitability","Humans;Transcranial Magnetic Stimulation;Motor Cortex;Male;Female;Chronic Pain;Adult;Middle Aged;Electroencephalography;Alpha Rhythm;Evoked Potentials, Motor;Treatment Outcome;Aged",,,PUBMED,,0,,"De Martino E, 2026, Neuroimage","De Martino E, 2026, Neuroimage"
41988139,Immune checkpoint inhibitors in resectable non-small cell lung cancer: recent successes and ongoing challenges.,"Systemic treatment for resectable early-stage non-small cell lung cancer (NSCLC) has historically consisted of chemotherapy, with limited efficacy and substantial toxicity. Immune checkpoint inhibitors (ICI) have found increasing use in neoadjuvant, adjuvant, and perioperative settings. In this review, we summarize major clinical trials using ICI in the adjuvant, neoadjuvant, and perioperative settings. We further discuss novel biomarkers, including pathologic response, ctDNA, genomic and protein expression patterns, and machine learning approaches such as radiomics and digital pathology. Finally, we discuss recent and ongoing trials of different escalation approaches.",Frontiers in oncology,Front Oncol,2026,16,,1779081,,,eng,Journal Article; Review,Abodunrin FO;Cameron RB;Haque W;Bestvina CM;Garassino MC,Abodunrin Faith O;Cameron Robert B;Haque Waqas;Bestvina Christine M;Garassino Marina C,"Section of Hematology/Oncology, Department of Medicine, University of Chicago, Chicago, IL, United States.;Section of Hematology/Oncology, Department of Medicine, University of Chicago, Chicago, IL, United States.;Section of Hematology/Oncology, Department of Medicine, University of Chicago, Chicago, IL, United States.;Section of Hematology/Oncology, Department of Medicine, University of Chicago, Chicago, IL, United States.;Section of Hematology/Oncology, Department of Medicine, University of Chicago, Chicago, IL, United States.",adjuvant;biomarker;immunotherapy;lung cancer;neoadjuvant;perioperative,,,,PUBMED,,0,,"Abodunrin FO, 2026, Front Oncol","Abodunrin FO, 2026, Front Oncol"
41977066,Artificial Intelligence in Head and Neck Surgical Oncology: A State-of-the-Art Review.,"Artificial intelligence (AI) is rapidly reshaping head and neck surgical oncology by augmenting decision-making across the full perioperative continuum. This state-of-the-art review aims to provide head and neck surgical oncologists with a conceptual framework for understanding and critically appraising AI tools entering clinical practice, summarizing how machine learning, deep learning, and generative AI are being integrated into contemporary surgical workflows. Preoperative applications include detection of occult nodal metastasis and extranodal extension. Intraoperative innovations include augmented reality-assisted navigation, real-time margin assessment, and improving visual clarity and tissue handling for robotic platforms. Postoperatively, AI can predict complications like free flap failure and oncologic outcomes. Large language models are being operationalized for clinician-facing applications such as documentation and inbox support, as well as patient-facing education. Despite promising results, broad clinical deployment remains limited by concerns about privacy, validation, reliability, safety, and ethics. Widespread adoption will require prospective clinical trials, robust governance, and human-centered workflows that ensure AI remains a safe, assistive copilot.",Journal of clinical medicine,J Clin Med,2026,15,7,,,,eng,Journal Article; Review,Chen SX;Feucht M;Bhatt A;Farlow JL,Chen Steven X;Feucht Maria;Bhatt Aditya;Farlow Janice L,"Department of Otolaryngology-Head and Neck Surgery, Indiana University School of Medicine, Indiana University, Indianapolis, IN 46202, USA.;Department of Otolaryngology-Head and Neck Surgery, Indiana University School of Medicine, Indiana University, Indianapolis, IN 46202, USA.;Department of Otolaryngology-Head and Neck Surgery, Indiana University School of Medicine, Indiana University, Indianapolis, IN 46202, USA.;Department of Otolaryngology-Head and Neck Surgery, Indiana University School of Medicine, Indiana University, Indianapolis, IN 46202, USA.",artificial intelligence;augmented reality;computer vision;deep learning;head and neck;large language model;machine learning;oncology;otorhinolaryngology;surgery,,,,PUBMED,,0,,"Chen SX, 2026, J Clin Med","Chen SX, 2026, J Clin Med"
41974756,A pipeline of machine learning-driven multi-modal data fusion methods for prognostic risk analysis in bevacizumab-treated metastatic colorectal cancer.,"We introduce a comprehensive multi-step machine-learning driven pipeline which fuses multi-modal omics datasets and clinical outcomes with survival and treatment response to predict patient outcome following anti-angiogenic therapy in the metastatic colorectal cancer (mCRC) setting. The approach encompasses the following steps: a) employing a sparse Bayesian factor analysis method (PhenMap) to select significant mapping-variables (MVs) and associated biomarkers (features) through joint multivariable modelling of copy number aberrations (CNA) and clinical covariates, including mutations and clinical demographics/outcomes; b) utilizing Cox-proportional hazard analysis on the MVs to select those associated with progression-free survival (PFS); and c) employing elastic net Cox regression analysis on the prognostic features selected by PhenMap to delineate risk groups associated with bevacizumab (BVZ) response. Through this approach, we have identified three putative features (CNA—15q21.1 and 1p36.31 deletions and",Scientific reports,Sci Rep,2026,16,1,,,,eng,Journal Article,Thomas V;Nyamundanda G;Lärkeryd A;Hari PS;Miller IS;Venken T;Smeets D;Boeckx B;Betge J;Ebert MPA;Gaiser T;Murphy V;Kay E;Verheul HM;O'Farrell AC;Cremolini C;Marmorino F;Gallagher WM;Barat A;Klinger R;Fender B;Ylstra B;van Grieken N;McNamara DA;Hennessy BT;Das S;Moran B;O'Connor DP;Dienstmann R;Lambrechts D;Prehn JHM;Sadanandam A;Byrne AT,Thomas Valentina;Nyamundanda Gift;Lärkeryd Adrian;Hari P S;Miller Ian S;Venken Tom;Smeets Dominiek;Boeckx Bram;Betge Johannes;Ebert Matthias P A;Gaiser Timo;Murphy Verena;Kay Elaine;Verheul Henk M;O'Farrell Alice C;Cremolini Chiara;Marmorino Federica;Gallagher William M;Barat Ana;Klinger Rut;Fender Bozena;Ylstra Bauke;van Grieken Nicole;McNamara Deborah A;Hennessy Bryan T;Das Sudipto;Moran Bruce;O'Connor Darran P;Dienstmann Rodrigo;Lambrechts Diether;Prehn Jochen H M;Sadanandam Anguraj;Byrne Annette T,"RCSI Precision Cancer Medicine Group, Department of Physiology & Medical Physics, Royal College of Surgeons in Ireland, University of Medicine and Health Sciences, Dublin, D02 YN77, Ireland.;Division of Cancer Biology, The Institute of Cancer Research, London, SW3 6JB, UK.;Centre for Translational Immunotherapy, Division of Radiology and Imaging, The Institute of Cancer Research, London, SW3 6JB, UK.;Division of Cancer Biology, The Institute of Cancer Research, London, SW3 6JB, UK.;Centre for Global Oncology and Research, Division of Cancer Biology, Institute of Cancer Research, London, SW3 6JB, UK.;RCSI Precision Cancer Medicine Group, Department of Physiology & Medical Physics, Royal College of Surgeons in Ireland, University of Medicine and Health Sciences, Dublin, D02 YN77, Ireland.;VIB Center for Cancer Biology, VIB, Herestraat 49, 3000, Leuven, Belgium.;Department of Human Genetics, University of Leuven (KU Leuven), Herestraat 49, 3000, Leuven, Belgium.;VIB Center for Cancer Biology, VIB, Herestraat 49, 3000, Leuven, Belgium.;Department of Human Genetics, University of Leuven (KU Leuven), Herestraat 49, 3000, Leuven, Belgium.;VIB Center for Cancer Biology, VIB, Herestraat 49, 3000, Leuven, Belgium.;Department of Human Genetics, University of Leuven (KU Leuven), Herestraat 49, 3000, Leuven, Belgium.;Department of Medicine II, University Hospital Mannheim, Heidelberg University, Theodor-Kutzer-Ufer 1-3, 68167, Mannheim, Germany.;Junior Clinical Cooperation Unit Translational Gastrointestinal Oncology and Preclinical Models, German Cancer Research Center (DKFZ), Heidelberg, Germany.;DKFZ-Hector Cancer Institute at the University Medical Center Mannheim, Mannheim, Germany.;Department of Medicine II, University Hospital Mannheim, Heidelberg University, Theodor-Kutzer-Ufer 1-3, 68167, Mannheim, Germany.;DKFZ-Hector Cancer Institute at the University Medical Center Mannheim, Mannheim, Germany.;Institute of Pathology, University Hospital Mannheim, Heidelberg University, Theodor-Kutzer-Ufer 1-3, 68167, Mannheim, Germany.;Cancer Trials Ireland, RCSI House, 121 St Stephen's, Green, Dublin, D2, Ireland.;Department of Surgery, Beaumont Hospital, Beaumont Rd, Beaumont, Dublin, D9, Ireland.;Erasmus University, Rotterdam, the Netherlands.;RCSI Precision Cancer Medicine Group, Department of Physiology & Medical Physics, Royal College of Surgeons in Ireland, University of Medicine and Health Sciences, Dublin, D02 YN77, Ireland.;Unit of Medical Oncology 2, University Hospital of Pisa, Pisa, Italy.;Department of Translational Research and New Technologies in Medicine and Surgery, University of Pisa, Pisa, Italy.;Unit of Medical Oncology 2, University Hospital of Pisa, Pisa, Italy.;Department of Translational Research and New Technologies in Medicine and Surgery, University of Pisa, Pisa, Italy.;OncoMark Limited, NovaUCD, Belfield Innovation Park, Dublin, D4, Ireland.;Centre for Systems Biology, Department of Physiology & Medical Physics, Royal College of Surgeons in Ireland, University of Medicine and Health Sciences, Dublin, D02 YN77, Ireland.;UCD School of Biomolecular and Biomedical Science, UCD Conway Institute, University College Dublin, Dublin, D4, Ireland.;OncoMark Limited, NovaUCD, Belfield Innovation Park, Dublin, D4, Ireland.;Department of Pathology, Cancer Center Amsterdam, Amsterdam UMC, Vrije Universiteit Amsterdam, De Boelelaan 1117, 1081 HV, Amsterdam, the Netherlands.;Department of Pathology, Cancer Center Amsterdam, Amsterdam UMC, Vrije Universiteit Amsterdam, De Boelelaan 1117, 1081 HV, Amsterdam, the Netherlands.;Department of Surgery, Beaumont Hospital, Beaumont Rd, Beaumont, Dublin, D9, Ireland.;Department of Surgery, Beaumont Hospital, Beaumont Rd, Beaumont, Dublin, D9, Ireland.;Department of Medicine, Royal College of Surgeons in Ireland, University of Medicine and Health Sciences, Dublin, D02 YN77, Ireland.;School of Pharmacy and Biological Sciences, Royal College of Surgeons in Ireland, University of Medicine and Health Sciences, Dublin, D02 YN77, Ireland.;UCD School of Biomolecular and Biomedical Science, UCD Conway Institute, University College Dublin, Dublin, D4, Ireland.;School of Pharmacy and Biological Sciences, Royal College of Surgeons in Ireland, University of Medicine and Health Sciences, Dublin, D02 YN77, Ireland.;Vall d'Hebron Institute of Oncology (VHIO), Universitat Autònoma de Barcelona, Barcelona, Spain.;VIB Center for Cancer Biology, VIB, Herestraat 49, 3000, Leuven, Belgium.;Department of Human Genetics, University of Leuven (KU Leuven), Herestraat 49, 3000, Leuven, Belgium.;Centre for Systems Biology, Department of Physiology & Medical Physics, Royal College of Surgeons in Ireland, University of Medicine and Health Sciences, Dublin, D02 YN77, Ireland.;Division of Cancer Biology, The Institute of Cancer Research, London, SW3 6JB, UK. Anguraj.Sadanandam@icr.ac.uk.;Centre for Global Oncology and Research, Division of Cancer Biology, Institute of Cancer Research, London, SW3 6JB, UK. Anguraj.Sadanandam@icr.ac.uk.;Botton-Champalimaud Pancreatic Cancer Center, Lisbon, Portugal. Anguraj.Sadanandam@icr.ac.uk.;RCSI Precision Cancer Medicine Group, Department of Physiology & Medical Physics, Royal College of Surgeons in Ireland, University of Medicine and Health Sciences, Dublin, D02 YN77, Ireland. annettebyrne@rcsi.ie.",Biomarkers;Machine learning;Metastatic colorectal cancer;Multi-modal data fusion;Personalised medicine;PhenMap;Prognostic risk analysis,,,278981; 754923; ILP-POR-2019-066; 20/FFP-P/8884,PUBMED,,0,,"Thomas V, 2026, Sci Rep","Thomas V, 2026, Sci Rep"
41974001,Development of a machine learning-based survival prediction model for ALS inclusive of the advanced-stage population.,"Develop a machine learning-based model for survival prediction in ALS, including advanced-stage patients (≤50% predicted normal vital capacity [VC Training data from the PRO-ACT Database ( Baseline characteristics with the highest RI for driving survival predictions included: VC% slope (20.2%); age (12.4%); VC% (9.9%); VC(L) (7.5%); ALSFRS-R (6.6%); and ALSFRS-R slope (5.1%). Model performance upon external validation was satisfactory for both discrimination (C-index, 0.709 [95% CI, 0.671-0.746]) and calibration (calibration-in-the-large, 0.083 [95% CI, -0.073-0.232]; calibration slope, 0.992 [95% CI, 0.789-1.198]). At 8-months from baseline, the model successfully stratified patients by survival prognosis, with low-, average-, and high-risk population tertiles having observed median survival probabilities of 85, 69, and 43%, respectively. This model accurately predicts survival prognosis in ALS, including patients with severely impaired respiratory function. This new understanding of patient-specific factors that drive survival prognostication will be invaluable for reducing patient heterogeneity in clinical trials evaluating novel therapeutic modalities in early- and advanced-stage ALS.",Amyotrophic lateral sclerosis & frontotemporal degeneration,Amyotroph Lateral Scler Frontotemporal Degener,2026,,,1,11,,eng,Journal Article,Beaulieu D;Smith K;Ross C;Yip S;Felizardo TC;Fournier C;Glass JD;Berry JD;Fowler DH;Ennist DL,Beaulieu Danielle;Smith Kelly;Ross Campbell;Yip Sylvia;Felizardo Tania C;Fournier Christina;Glass Jonathan D;Berry James D;Fowler Daniel H;Ennist David L,"Origent Data Sciences, Washington, DC, USA.;Origent Data Sciences, Washington, DC, USA.;Rapa Therapeutics, Rockville, MD, USA.;Rapa Therapeutics, Rockville, MD, USA.;Rapa Therapeutics, Rockville, MD, USA.;Emory University, Atlanta, GA, USA, and.;Emory University, Atlanta, GA, USA, and.;Mass General Hospital, Boston, MA, USA.;Rapa Therapeutics, Rockville, MD, USA.;Origent Data Sciences, Washington, DC, USA.",Amyotrophic lateral sclerosis;gradient boosting machine model;respiratory insufficiency;survival;vital capacity,,,U01 NS136020,PUBMED,,0,,"Beaulieu D, 2026, Amyotroph Lateral Scler Frontotemporal Degener","Beaulieu D, 2026, Amyotroph Lateral Scler Frontotemporal Degener"
41973864,Web-Based Personalized Machine Learning Recommendations to Enhance Shared Decision-Making in Prostate-Specific Antigen Screening: Randomized Controlled Trial.,"Prostate‑specific antigen (PSA) screening involves complex trade‑offs between early detection and the risks of overdiagnosis. For older adults (aged ≥50 years), shared decision‑making (SDM) is often hindered by limited health literacy, sensory or cognitive impairments, and multimorbidity, which complicate risk comprehension. Traditional decision aids provide foundational knowledge but are often nonpersonalized. Machine learning (ML) may offer individualized recommendations, yet the psychological and behavioral effects of ML‑assisted SDM in geriatric populations remain poorly characterized. This study aimed to develop and evaluate a web‑based, ML‑driven decision aid integrated into an SDM workflow to provide personalized PSA screening recommendations and to assess its effects on decisional conflict (primary outcome), state anxiety, and decision satisfaction among middle‑aged and older men. The study followed a 2‑stage design. First, a model establishment group (n=507) was used to train and evaluate 6 ML algorithms based on clinical and values‑clarification data. A random forest model was selected for its superior performance (mean area under the curve 0.933, SD 0.350; 95% CI 0.902-0.963). Second, a randomized controlled trial was conducted with 367 participants (mean age 64.34, SD 10.30 years) randomly assigned 1:1 to the ML suggestion group (MLSG; n=185) or the control group (CG; n=182). Both groups received video‑based education, counseling, and values clarification; only the MLSG received an ML‑generated ""second opinion"" recommendation. Primary and secondary outcomes were assessed using the Decisional Conflict Scale (DCS), Spielberger State‑Trait Anxiety Inventory (STAI), and Satisfaction with Decision scale. In the randomized controlled trial (n=367), the MLSG reported significantly lower decisional conflict than the CG (total DCS score: mean difference [MD] -3.77, 95% CI -5.55 to -1.99; Cohen d=-0.44; P<.001). The MLSG reported greater perceived support (DCS7: adjusted P=.03), more adequate advice (DCS9: adjusted P<.001), and higher decision confidence (DCS10: adjusted P=.03; DCS11: adjusted P<.001). Regarding psychological well‑being, although total anxiety scores did not differ, the MLSG reported reduced worry (STAI item 6: MD -0.98, 95% CI -1.20 to -0.76; d=-0.89; adjusted P<.001) and increased calmness (STAI item 1: MD 0.30, 95% CI 0.06-0.54; d=0.25; adjusted P=.01). Decision satisfaction was higher in the MLSG across all items (total Satisfaction with Decision score: MD -7.38, 95% CI -8.54 to -6.18; P<.001). Behavioral choices were strongly influenced by the ML recommendation: participants in the MLSG who received an ""accept"" recommendation were more likely to select ""accept"" (34/67, 50.7%) than those in the CG (44/182, 24.2%; P<.001). When the system suggested ""not now,"" only 17.8% (21/118) chose ""accept,"" which was lower than in the CG. Integrating personalized ML recommendations into SDM workflows provides emotional scaffolding for older men, reducing decisional distress and enhancing confidence without undermining autonomy. By addressing geriatric‑specific vulnerabilities through a facilitated digital interface, this ML‑driven approach complements traditional clinical consultations. These findings support the scalable integration of artificial intelligence-assisted decision support to foster patient‑centered care in aging populations.",JMIR aging,JMIR Aging,2026,9,,e83238,,,eng,Journal Article; Randomized Controlled Trial,Lin YT;Huang YC;Liu CK;Cho HY;Chen M,Lin Yi-Ting;Huang Yen Chun;Liu Chih Kuang;Cho Hsiao-Yun;Chen Mingchih,"Department of Urology, St. Joseph's Hospital, Yunlin, Taiwan.;College of Nursing, Meiho University, Pingtung, Taiwan.;Department of Artificial Intelligence, Tamkang University, New Taipei City, Taiwan.;Graduate Institute of Business Administration, College of Management, Fu Jen Catholic University, No.510, Zhongzheng Rd., Xinzhuang Dist., New Taipei City, New Taipei City, 242062, Taiwan, 886 02-2905-3109.;Graduate Institute of Business Administration, College of Management, Fu Jen Catholic University, No.510, Zhongzheng Rd., Xinzhuang Dist., New Taipei City, New Taipei City, 242062, Taiwan, 886 02-2905-3109.;Department of Otorhinolaryngology-Head and Neck Surgery, Fu Jen Catholic University Hospital, Fu Jen Catholic University, New Taipei City, Taiwan.;Graduate Institute of Business Administration, College of Management, Fu Jen Catholic University, No.510, Zhongzheng Rd., Xinzhuang Dist., New Taipei City, New Taipei City, 242062, Taiwan, 886 02-2905-3109.",PSA screening;decision aids;decisional conflict;machine learning;patient-centered care;personalized recommendations;prostate cancer;prostate-specific antigen;shared decision-making,"Humans;Male;Machine Learning;Middle Aged;Prostate-Specific Antigen;Aged;Prostatic Neoplasms;Decision Making, Shared;Internet;Decision Support Techniques;Early Detection of Cancer",,,PUBMED,,0,,"Lin YT, 2026, JMIR Aging","Lin YT, 2026, JMIR Aging"
41969554,Artificial intelligence-based prediction of esophageal adenocarcinoma risk in Barrett's esophagus patients: a literature review.,"Barrett's esophagus (BE) is the principal precursor lesion for esophageal adenocarcinoma (EAC), a malignancy with rising incidence and poor survival when diagnosed at advanced stages. Current screening and surveillance strategies rely on endoscopy and random biopsies, which are invasive, resource-intensive, and prone to sampling error. Artificial intelligence (AI) has emerged as a promising tool to enhance early detection, risk stratification, and surveillance efficiency in BE. This narrative review summarizes contemporary AI applications in BE management, evaluates their diagnostic and predictive performance, and discusses barriers to clinical adoption. A narrative literature review was conducted using PubMed, Embase, Scopus, Web of Science, and Cochrane. ClinicalTrials.gov and World Health Organization International Clinical Trials Registry Platform (WHO ICTRP) were checked for ongoing trials and Good Scholar was used for citation chasing to identify peer-reviewed studies up to June 2025. Eligible studies evaluated AI-based approaches for BE screening, dysplasia detection, risk prediction, or surveillance optimization using vision-based or non-vision-based models. Vision-aided AI systems, particularly convolutional neural networks applied to high-definition white-light endoscopy and image-enhanced endoscopy, demonstrate sensitivities approaching 90% for dysplasia and early EAC detection. Non-vision-based models leveraging electronic health records, biomarkers, and histopathology achieve area under the receiver operating characteristic curve (AUROC) values up to 0.84 for predicting BE or EAC risk. Multimodal approaches integrating clinical, endoscopic, and molecular data show promise for personalized surveillance strategies. However, challenges remain, including limited external validation, algorithm transparency, data bias, workflow integration, and cost considerations. AI has the potential to transform BE care by improving early detection and enabling risk-adapted surveillance. Multicenter validation, explainable models, and cost-effectiveness analyses are essential before widespread clinical implementation.",Translational gastroenterology and hepatology,Transl Gastroenterol Hepatol,2026,11,,50,,,eng,Journal Article; Review,Ahuja P;Gangwani MK;Ahuja N;Kamal F;Shah Y;Ali H;Aziz M;Ali MA;Inamdar S,Ahuja Priyanka;Gangwani Manesh Kumar;Ahuja Neha;Kamal Faisal;Shah Yash;Ali Hassam;Aziz Muhammad;Ali Meer Akbar;Inamdar Sumant,"Department of Internal Medicine, University of Toledo, Toledo, OH, USA.;Department of Gastroenterology and Hepatology, University of Arkansas Medical Sciences, Little Rock, AR, USA.;Department of Internal Medicine, Chandka Medical College, Larkana, Pakistan.;Department of Gastroenterology and Hepatology, Thomas Jefferson University, Philadelphia, PA, USA.;Department of Gastroenterology and Hepatology, University of Arkansas Medical Sciences, Little Rock, AR, USA.;Department of Gastroenterology and Hepatology, East Carolina University, Greeneville, NC, USA.;Department of Gastroenterology and Hepatology, Bon Secours Mercy Health, Toledo, OH, USA.;Department of Gastroenterology and Hepatology, University of Arkansas Medical Sciences, Little Rock, AR, USA.;Department of Gastroenterology and Hepatology, University of Arkansas Medical Sciences, Little Rock, AR, USA.",Artificial intelligence (AI);Barrett’s esophagus (BE);gastroenterology;machine learning (ML),,,,PUBMED,,0,,"Ahuja P, 2026, Transl Gastroenterol Hepatol","Ahuja P, 2026, Transl Gastroenterol Hepatol"
41967000,Identifying treatment response classes to transcranial direct current stimulation from daily ecological momentary assessment patterns in patients with depression.,"Transcranial direct current stimulation (tDCS) is known to be promising for depression, but heterogeneity across studies highlights the need for strategies to optimize treatment effectiveness. Identifying distinct response patterns based on ecological momentary assessment (EMA) may enhance therapeutic outcomes and support the development of personalized and precision psychiatry. To identify distinct EMA-derived response profiles to tDCS in patients with depression and examine how the identified subtypes differentially predict treatment responses and symptom return following treatment termination. A secondary analysis of a double-blind, multicenter randomized clinical trial investigating the effects of tDCS on depression. Daily EMA data on mood and sleep duration during the intervention period were processed using time-series feature extraction and clustered via Gaussian Mixture Modeling. One hundred and ninety-seven participants (original study) and 147 participants (current study) diagnosed with mild-to-moderate depression. Six-week active tDCS vs 3-week active and 3-week sham tDCS. Beck Depression Inventory-II (BDI-II) and Montgomery-Åsberg Depression Rating Scale (MADRS) measured at baseline (V1), post-treatment (V3), and 6-week follow-up (V4). Clustering analysis identified 3 response types: (1) stable improvement (gradual mood reduction, stable sleep duration, moderate treatment effect with no symptom return), (2) persistent high-symptom (consistently elevated depressive mood, sleep disturbance, low-to-moderate treatment effect without symptom return), and (3) volatile symptom (large day-to-day variability in mood and sleep, marked acute improvement but high symptom return). The linear mixed model identified significant interaction effects between clusters and treatment efficacy (V1, V3)/symptom return (V3, V4) intervals. Clustering of daily EMA data identified 3 distinct tDCS response profiles associated with different clinical characteristics and relapse risks. These patterns may reflect underlying subtypes of depression and highlight the value of individualized treatment planning. Future studies can fully characterize the subtypes of response profiles and the unique response patterns of individuals that may facilitate data-driven decision-making and support precision psychiatry by enabling tailored tDCS protocols based on patient-specific response characteristics.",The international journal of neuropsychopharmacology,Int J Neuropsychopharmacol,2026,29,4,,,,eng,Journal Article; Multicenter Study; Randomized Controlled Trial,Jung HW;Park S;Chung K;Kim Y;Roh D;Jhung K;Kim WJ;Park JY;Park J,Jung Han Wool;Park Sehwan;Chung Kyungmi;Kim Yujin;Roh Daeyoung;Jhung Kyungun;Kim Woo Jung;Park Jin Young;Park Jaesub,"Department of Psychiatry, Yongin Severance Hospital, Yonsei University College of Medicine, Yongin, Republic of Korea.;Department of Integrative Medicine, Yonsei University College of Medicine, Seoul, Republic of Korea.;Medical Research Team, Digital Medic Co., Ltd., Seoul, Republic of Korea.;Department of Psychiatry, Yongin Severance Hospital, Yonsei University College of Medicine, Yongin, Republic of Korea.;Institute of Behavioral Science in Medicine, Yonsei University College of Medicine, Seoul, Republic of Korea.;Graduate School of Public Administration, Seoul National University, Seoul, Republic of Korea.;Department of Psychiatry, Ilsan Paik Hospital, Inje University College of Medicine, Goyang, Republic of Korea.;Clinical Emotion and Cognition Research Laboratory, Inje University College of Medicine, Goyang, Republic of Korea.;Department of Psychiatry, Catholic Kwandong University International St. Mary's Hospital, Catholic Kwandong University College of Medicine, Incheon, Republic of Korea.;Department of Psychiatry, Yongin Severance Hospital, Yonsei University College of Medicine, Yongin, Republic of Korea.;Institute of Behavioral Science in Medicine, Yonsei University College of Medicine, Seoul, Republic of Korea.;Department of Psychiatry, Yongin Severance Hospital, Yonsei University College of Medicine, Yongin, Republic of Korea.;Institute of Behavioral Science in Medicine, Yonsei University College of Medicine, Seoul, Republic of Korea.;Center for Digital Health, Yongin Severance Hospital, Yonsei University College of Medicine, Yongin, Republic of Korea.;Department of Psychiatry, Yongin Severance Hospital, Yonsei University College of Medicine, Yongin, Republic of Korea.;Institute of Behavioral Science in Medicine, Yonsei University College of Medicine, Seoul, Republic of Korea.",digital phenotyping;home-based brain stimulation;machine learning analysis;time-series clustering;treatment-resistant depression,"Humans;Transcranial Direct Current Stimulation;Ecological Momentary Assessment;Male;Female;Double-Blind Method;Adult;Middle Aged;Depression;Affect;Treatment Outcome;Outcome Assessment, Health Care",,1: RS-2023-KH134964; 2: RS-2024-00439193,PUBMED,,0,,"Jung HW, 2026, Int J Neuropsychopharmacol","Jung HW, 2026, Int J Neuropsychopharmacol"
41966994,Dynamic Surveillance of the Cardiovascular Risk and Identification of Treatment Responders in Type 2 Diabetes Using A Machine Learning-Based Model.,"To establish a model to predict cardiovascular risk and identify treatment response for patients with type 2 diabetes. Data from 11677 patients without prior cardiovascular disease across four clinical trials: ACCORD and CANVAS (80% for training and 20% for holdout) and CANVAS-R and CREDENCE (for external testing) were used to develop and validate the machine learning (ML)-cardiovascular disease (CVD) model. The model utilized baseline and 1-year changes of interim factors for the dynamic prediction of the primary endpoint, including cardiovascular death, nonfatal myocardial infarction, nonfatal stroke. The ML-CVD Primary model demonstrated strong predictive performance with Harrell's C-index of 0.66-0.71 in the holdout and external testing datasets, outperforming traditional scores in primary-prevention subgroup. Intensive interventions (intensive glycemic control and canagliflozin) significantly mitigated the progression of ML-CVD Primary risk scores during the 1-year observation period compared to control treatments. Each standard deviation decrease in the ML-CVD Primary score was significantly associated with a reduced risk of primary cardiovascular outcomes. We stratified patients in the canagliflozin arms based on their score changes: 'Responders' were defined as individuals with a decrease in the ML-CVD Primary score, whereas 'Non-Responders' showed no change or an increase in the score. 'Responders' exhibited a 45% lower risk of primary cardiovascular outcomes compared to 'Non-Responders'. The ML-CVD Primary model enables dynamic prediction of cardiovascular events, facilitating ongoing risk surveillance and identification of individual drug responses. This approach holds promise for guiding personalized cardiovascular protective therapies in patients with type 2 diabetes.",European journal of preventive cardiology,Eur J Prev Cardiol,2026,,,,,,eng,Journal Article,Huang Q;Zou X;Boyko EJ;Lian Z;Zhou X;Han X;Ji L,Huang Qi;Zou Xiantong;Boyko Edward J;Lian Zhouhui;Zhou Xianghai;Han Xueyao;Ji Linong,"Beijing Key Laboratory of Innovative Drug and Device Translation in Endocrine and Metabolic Diseases, Department of Endocrinology and Metabolism, Peking University People's Hospital, Beijing 100044, China.;Beijing Key Laboratory of Innovative Drug and Device Translation in Endocrine and Metabolic Diseases, Department of Endocrinology and Metabolism, Peking University People's Hospital, Beijing 100044, China.;Seattle Epidemiologic Research and Information Center, VA Puget Sound, and Department of Medicine, University of Washington, Seattle, WA, USA.;Wangxuan Institute of Computer Technology (WICT), Peking University, Beijing, 100044, China.;Beijing Key Laboratory of Innovative Drug and Device Translation in Endocrine and Metabolic Diseases, Department of Endocrinology and Metabolism, Peking University People's Hospital, Beijing 100044, China.;Beijing Key Laboratory of Innovative Drug and Device Translation in Endocrine and Metabolic Diseases, Department of Endocrinology and Metabolism, Peking University People's Hospital, Beijing 100044, China.;Beijing Key Laboratory of Innovative Drug and Device Translation in Endocrine and Metabolic Diseases, Department of Endocrinology and Metabolism, Peking University People's Hospital, Beijing 100044, China.",cardiovascular risk;responders;type 2 diabetes,,,,PUBMED,,0,,"Huang Q, 2026, Eur J Prev Cardiol","Huang Q, 2026, Eur J Prev Cardiol"
41964521,3D printed drug delivery devices: recent promises and challenges.,"3D printing (3DP) has gained decent pace in the past decade in the pharmaceutical and biomedical fields. The approval of 3D-printed medical devices has gained more attraction than that of 3D-printed drug products. However, concerns related to cost-effectiveness, efficacy, and large-scale manufacturing are still prevalent, thus challenging the mainstream development of 3D-printed drug delivery devices. Drug delivery devices and scaffolds, along with the possibilities involving artificial intelligence (AI), machine learning (ML), and automation, for personalized applications. The regulatory guidelines, as well as a glimpse of drug delivery devices under clinical trials, are discussed. Although 3DP offers patient-tailored, on-demand products, its clinical adoption is hindered by regulatory barriers, limited standards, and scalability issues. Integrating AI/ML could offer real-time adaptive clinical manufacturing; however, the guidelines for these disruptive technologies are often unclear. With patient-centric manufacturing, 3D-printed devices and scaffolds could play a key role in personalized medicine, delivering targeted and effective therapies.The transition from proof-of-concept to real-world testing underscores the growing feasibility and clinical relevance of 3DP technologies. With rapid progress in bio-responsive materials and AI-driven design tools, 3D-printed delivery platforms are expected to improve in adaptability and therapeutic effectiveness for next-generation personalized therapies.",Expert opinion on drug delivery,Expert Opin Drug Deliv,2026,,,1,19,,eng,Journal Article; Review,Poudel I;Zhang C;Mita N;Arnold RD;Tiwari AK;Babu RJ,Poudel Ishwor;Zhang Chu;Mita Nur;Arnold Robert D;Tiwari Amit K;Babu R Jayachandra,"Department of Drug Discovery and Development, Harrison College of Pharmacy, Auburn University, Auburn, AL, USA.;Department of Drug Discovery and Development, Harrison College of Pharmacy, Auburn University, Auburn, AL, USA.;Department of Drug Discovery and Development, Harrison College of Pharmacy, Auburn University, Auburn, AL, USA.;Faculty of Pharmacy, Mulawarman University, Samarinda, Indonesia.;Department of Drug Discovery and Development, Harrison College of Pharmacy, Auburn University, Auburn, AL, USA.;Department of Pharmaceutical Sciences, College of Pharmacy, University of Arkansas for Medical Sciences, Little Rock, AR, USA.;Department of Drug Discovery and Development, Harrison College of Pharmacy, Auburn University, Auburn, AL, USA.",3D printing;additive manufacturing;drug delivery devices;pharmaceuticals;scaffolds,,,,PUBMED,,0,,"Poudel I, 2026, Expert Opin Drug Deliv","Poudel I, 2026, Expert Opin Drug Deliv"
41964394,The association between APOE 𝜀4 carrierships and the detection of amyloid positivity using an Alzheimer's disease proteomic blood test in asymptomatic Down syndrome.,"This study evaluates plasma-based proteomic profiles for predicting amyloid positivity in adults with Down syndrome (DS) and examines the impact of apolipoprotein E ε4 (APOE ε4) on test performance. Cross-sectional data from 290 adults with DS were analyzed using single molecule array (SIMOA) technology to measure plasma amyloid beta (Aβ)42, Aβ40, neurofilament light chain (NfL), glial fibrillary acidic protein (GFAP), tau phosphorylated at threonine 181, and total tau. Amyloid burden was quantified using Pittsburgh Compound B and (18)F-florbetapir Aβ positron emission tomography. Support vector machine analyses were conducted with biomarkers as predictors and age, sex, and APOE ε4 carrier status as covariates. Age, GFAP, and NfL contributed the most to the model performance. The proteomic profile achieved an area under the curve (AUC) of 96% in models with and without APOE ε4. These findings suggest that plasma proteomic biomarkers can effectively identify amyloid positivity in adults with DS and may support clinical triage, monitoring, and selection for clinical trials, independent of APOE ε4 status.",Alzheimer's & dementia : the journal of the Alzheimer's Association,Alzheimers Dement,2026,22,4,e71338,,,eng,Journal Article,Abdullah LB;Zhang F;Petersen M;Hall J;Handen BL;Mapstone M;Christian B;Head E;Harley S;Andrews H;Lee JH;Tudorascu D;Hom C;Zaman S;Brickman AM;Rosas D;Cohen A;Harp JP;Schmitt F;Ptomey L;Burns JM;Lott IT;Lai F;Laymon C;Cruchaga C;O'Bryant S;Ances BM,Abdullah Lubnaa Badriyyah;Zhang Fan;Petersen Melissa;Hall James;Handen Benjamin L;Mapstone Mark;Christian Brad;Head Elizabeth;Harley Sigan;Andrews Howard;Lee Joseph H;Tudorascu Dana;Hom Christy;Zaman Shahid;Brickman Adam M;Rosas Diana;Cohen Annie;Harp Jordan P;Schmitt Frederick;Ptomey Lauren;Burns Jeffrey M;Lott Ira T;Lai Florence;Laymon Charles;Cruchaga Carlos;O'Bryant Sid;Ances Beau M,"Department of Family Medicine, UNT Health Fort Worth, Fort Worth, Texas, USA.;Department of Family Medicine, UNT Health Fort Worth, Fort Worth, Texas, USA.;Department of Family Medicine, UNT Health Fort Worth, Fort Worth, Texas, USA.;Department of Family Medicine, UNT Health Fort Worth, Fort Worth, Texas, USA.;Department of Psychiatry, University of Pittsburgh, Pittsburgh, Pennsylvania, USA.;Department of Neurology, University of California, Irvine, California, USA.;Department of Pediatrics, University of California, Irvine, School of Medicine, Orange, California, USA.;Department of Pediatrics, University of California, Irvine, School of Medicine, Orange, California, USA.;University of Wisconsin Madison, Waisman Center, Madison, Wisconsin, USA.;Department of Neurology New York, Columbia University, Vagelos College of Physicians and Surgeons, Taub Institute for Research on Alzheimer's Disease and the Aging Brain, New York, New York, USA.;Department of Neurology New York, Columbia University, Vagelos College of Physicians and Surgeons, Taub Institute for Research on Alzheimer's Disease and the Aging Brain, New York, New York, USA.;Department of Pediatrics, University of California, Irvine, School of Medicine, Orange, California, USA.;Department of Psychiatry and Human Behavior, University of California, Irvine (UCI) School of Medicine, Orange, California, USA.;Department of Psychiatry, School of Clinical Medicine, University of Cambridge, Cambridge, UK.;Department of Psychiatry and Human Behavior, University of California, Irvine (UCI) School of Medicine, Orange, California, USA.;Departments of Neurology and Radiology, Harvard Medical School, Massachusetts General Hospital, Charlestown, Massachusetts, USA.;Department of Pediatrics, University of California, Irvine, School of Medicine, Orange, California, USA.;Kentucky Neuroscience Institute & Sanders-Brown Center on Aging, University of Kentucky College of Medicine, Lexington, Kentucky, USA.;Department of Pediatrics, University of California, Irvine, School of Medicine, Orange, California, USA.;University of Kansas Medical Center, Kansas City, Kansas, USA.;Department of Radiology, Department of Bioengineering, University of Pittsburgh, Pittsburgh, Pennsylvania, USA.;Department of Pediatrics, University of California, Irvine, School of Medicine, Orange, California, USA.;Department of Pathology, University of California, Irvine, Irvine, California, USA.;Department of Radiology, Department of Bioengineering, University of Pittsburgh, Pittsburgh, Pennsylvania, USA.;Department of Psychiatry, Washington University in St. Louis, St. Louis, Missouri, USA.;Department of Psychiatry, University of Pittsburgh, Pittsburgh, Pennsylvania, USA.;Department of Pathology, University of California, Irvine, Irvine, California, USA.",Alzheimer's disease;Down syndrome;amyloid positron emission tomography;blood‐based biomarker test;proteomics;support vector machine learning,Humans;Male;Down Syndrome;Female;Apolipoprotein E4;Proteomics;Middle Aged;Adult;Cross-Sectional Studies;Biomarkers;Amyloid beta-Peptides;Alzheimer Disease;tau Proteins;Positron-Emission Tomography;Neurofilament Proteins;Glial Fibrillary Acidic Protein;Peptide Fragments;Heterozygote;Aniline Compounds,,U19 AG068054; U01 AG051412; U19 AG078109; U01 AG051406,PUBMED,,0,,"Abdullah LB, 2026, Alzheimers Dement","Abdullah LB, 2026, Alzheimers Dement"
41963278,Consciousness Monitoring and Outcome Prediction Using EEG Connectivity in Severe Traumatic Brain Injury.,"Neurological prognostication of patients in post-traumatic coma remains challenging due to the paucity of reliable markers in the acute phase. We aimed to assess whether early EEG features reflecting multiple levels of brain connectivity related to consciousness and their temporal evolution were associated with awakening and long-term functional outcomes in severe traumatic brain injury (TBI). We retrospectively included 95 severe TBI patients who underwent >48 h of continuous EEG (cEEG) monitoring between 2015 and 2024. Quantitative and functional connectivity EEG features representing brainstem-forebrain, thalamocortical, and cortico-cortical connectivity were extracted at six time points within the first 48 h of recording. The primary outcome was functional independence at 12 months, defined as a score on the Glasgow Outcome Scale score ≥4; the secondary outcome was consciousness recovery at ICU discharge. We trained multiple XGBoost machine learning models to predict recovery using various combinations of EEG and International Mission for Prognosis and Analysis of Clinical Trials in TBI (IMPACT) score features and compared their predictive performances, as measured by the area under the receiver operating characteristic curve (AUROC). The best-performing model achieved a median AUROC of 0.70 (IQR: 0.59-0.80) for 12-month outcome, combining EEG and IMPACT features, but did not significantly differ from the EEG and age model (AUROC: 0.69; IQR: 0.61-0.76). The EEG-only model outperformed the IMPACT model (AUROC: 0.65 vs. 0.56), whereas the IMPACT model without age showed no predictive value above chance (AUROC: 0.49; IQR: 0.41-0.57). Prediction of awakening at ICU discharge was predominantly influenced by age. Neither EEG alone nor IMPACT without age effectively predicted awakening at ICU discharge (AUROC: 0.52 [IQR: 0.43-0.59] and 0.54 [IQR: 0.46-0.62], respectively). The combined EEG and IMPACT model (AUROC: 0.63; IQR: 0.53-0.69) was not significantly superior to EEG-and-age alone (AUROC: 0.60; IQR: 0.53-0.67). Early EEG connectivity features demonstrated clinically relevant predictive value for long-term outcome following severe TBI, surpassing most IMPACT score features, except age, whose predictive contribution may be influenced by self-fulfilling prophecy. These findings indicate that EEG features from cEEG monitoring provide complementary prognostic information during the acute phase of severe TBI when clinical predictors alone may be insufficient.",Journal of neurotrauma,J Neurotrauma,2026,,,8977151261442469,,,eng,Journal Article,Anzalone L;Deschamps M;Cottin L;Caroyer S;Damien C;De Maeseneire C;Depondt C;Legros B;Nonclercq A;Gaspard N,Anzalone Luca;Deschamps Margaux;Cottin Lise;Caroyer Sarah;Damien Charlotte;De Maeseneire Charlotte;Depondt Chantal;Legros Benjamin;Nonclercq Antoine;Gaspard Nicolas,"Laboratoire de Neurologie Expérimentale, Université libre de Bruxelles, Brussels, Belgium.;Service de Neurologie, Hôpital Universitaire de Bruxelles-Hôpital Erasme, Brussels, Belgium.;Laboratoire de Neurologie Expérimentale, Université libre de Bruxelles, Brussels, Belgium.;Service de Neurologie, Hôpital Universitaire de Bruxelles-Hôpital Erasme, Brussels, Belgium.;Bio- Electro- And Mechanical Systems (BEAMS), Ecole Polytechnique de Bruxelles, Université Libre de Bruxelles, Brussels, Belgium.;Laboratoire de Neurologie Expérimentale, Université libre de Bruxelles, Brussels, Belgium.;Service de Neurologie, Hôpital Universitaire de Bruxelles-Hôpital Erasme, Brussels, Belgium.;Laboratoire de Neurologie Expérimentale, Université libre de Bruxelles, Brussels, Belgium.;Service de Neurologie, Hôpital Universitaire de Bruxelles-Hôpital Erasme, Brussels, Belgium.;Service de Neurologie, Hôpital Universitaire de Bruxelles-Hôpital Erasme, Brussels, Belgium.;Service de Neurologie, Hôpital Universitaire de Bruxelles-Hôpital Erasme, Brussels, Belgium.;Service de Neurologie, Hôpital Universitaire de Bruxelles-Hôpital Erasme, Brussels, Belgium.;Bio- Electro- And Mechanical Systems (BEAMS), Ecole Polytechnique de Bruxelles, Université Libre de Bruxelles, Brussels, Belgium.;Laboratoire de Neurologie Expérimentale, Université libre de Bruxelles, Brussels, Belgium.;Service de Neurologie, Hôpital Universitaire de Bruxelles-Hôpital Erasme, Brussels, Belgium.;Neurology Department, Yale University School of Medicine, New Haven, Connecticut, USA.",electroencephalography;functional connectivity;prognostic biomarkers;quantitative EEG;traumatic brain injury,,,,PUBMED,,0,,"Anzalone L, 2026, J Neurotrauma","Anzalone L, 2026, J Neurotrauma"
41959760,Presymptomatic plasma biomarkers in autosomal dominant Alzheimer's disease: sequence and timing.,"Autosomal dominant Alzheimer's disease (ADAD) serves as a model for presymptomatic biomarker discovery. Characterising the temporal profile of plasma biomarker levels in presymptomatic individuals may enhance understanding of disease pathogenesis, inform future clinical trials, and guide clinical interpretation. We evaluated 124 proteins using a NUcleic acid-Linked Immuno-Sandwich Assay (NULISA) panel in 270 plasma samples from a longitudinal cohort study of ADAD, comprising 113 individuals (73 mutation carriers and 40 non-carriers). We determined the plasma proteomic changes that distinguished mutation carriers from non-carriers. We then used predicted age at symptom onset to determine the approximate timing of presymptomatic divergence in biomarker levels in carriers relative to non-carriers. Nine proteins (Aβ42, BACE1, GFAP, pTau181, pTau231, pTau217, MAPT, NfL, and AChE) robustly differed between carriers and non-carriers, cross-sectionally. Longitudinal analyses showed Aβ42 levels were elevated in carriers at least 26 years before expected symptom onset. Carriers diverged from non-carriers in phosphorylated tau markers at 21-24 years before expected symptoms, total-tau at 19 years, GFAP and BACE1 at 14 years, and NfL at 6 years. Differences in AChE were seen in symptomatic individuals, likely reflecting cholinesterase inhibitor use. Multiple plasma proteins are elevated in presymptomatic and symptomatic autosomal dominant AD mutation carriers relative to non-carriers. Changes in eight biomarkers occur sequentially from 26 to 6 years prior to symptom onset. Combining biomarkers may help in staging presymptomatic AD and optimise clinical trial inclusion. Further work is needed to assess how these findings generalise to non-monogenic AD.",medRxiv : the preprint server for health sciences,medRxiv,2026,,,,,,eng,Journal Article; Preprint,Belder CRS;Heslegrave AJ;Swann O;Abel E;Beament M;Nasir M;Rice H;Weston PSJ;Ryan NS;Palmer LJ;Brodtmann A;Kleinig T;Zetterberg H;Fox NC,Belder Christopher R S;Heslegrave Amanda J;Swann Owen;Abel Emily;Beament Millie;Nasir Moneeb;Rice Helen;Weston Philip S J;Ryan Natalie S;Palmer Lyle J;Brodtmann Amy;Kleinig Timothy;Zetterberg Henrik;Fox Nick C,"School of Medicine, Adelaide University, Adelaide, SA, Australia.;Department of Neurology, Royal Adelaide Hospital and Queen Elizabeth Hospital, Adelaide, SA, Australia.;Dementia Research Centre, UCL Queen Square Institute of Neurology, London, UK.;UK Dementia Research Institute at UCL, London, WC1E 6BT, UK.;UK Dementia Research Institute at UCL, London, WC1E 6BT, UK.;Dementia Research Centre, UCL Queen Square Institute of Neurology, London, UK.;UK Dementia Research Institute at UCL, London, WC1E 6BT, UK.;Dementia Research Centre, UCL Queen Square Institute of Neurology, London, UK.;Dementia Research Centre, UCL Queen Square Institute of Neurology, London, UK.;Dementia Research Centre, UCL Queen Square Institute of Neurology, London, UK.;Dementia Research Centre, UCL Queen Square Institute of Neurology, London, UK.;UK Dementia Research Institute at UCL, London, WC1E 6BT, UK.;Dementia Research Centre, UCL Queen Square Institute of Neurology, London, UK.;UK Dementia Research Institute at UCL, London, WC1E 6BT, UK.;Australian Institute of Machine Learning, Adelaide University, Adelaide, SA, Australia.;School of Translational Medicine, Monash University, Melbourne, Victoria, Australia.;Eastern Health Clinical School, Monash University, Box Hill, Victoria, Australia.;Alfred Health, Monash University, Melbourne, Victoria, Australia.;Melbourne Health Cognitive Neurology Service, Royal Melbourne Hospital, Parkville, Victoria, Australia.;School of Medicine, Adelaide University, Adelaide, SA, Australia.;Department of Neurology, Royal Adelaide Hospital and Queen Elizabeth Hospital, Adelaide, SA, Australia.;UK Dementia Research Institute at UCL, London, WC1E 6BT, UK.;Department of Psychiatry and Neurochemistry, Institute of Neuroscience and Physiology, the Sahlgrenska Academy at the University of Gothenburg, Mölndal, Sweden.;Clinical Neurochemistry Laboratory, Sahlgrenska University Hospital, Mölndal, Sweden.;Department of Pathology and Laboratory Medicine, University of Wisconsin School of Medicine and Public Health, Madison, WI, USA.;Wisconsin Alzheimer's Disease Research Center, University of Wisconsin School of Medicine and Public Health, University of Wisconsin-Madison, Madison, WI, USA.;Centre for Brain Research, Indian Institute of Science, Bangalore, India.;Dementia Research Centre, UCL Queen Square Institute of Neurology, London, UK.;UK Dementia Research Institute at UCL, London, WC1E 6BT, UK.",,,,,PUBMED,,0,,"Belder CRS, 2026, medRxiv","Belder CRS, 2026, medRxiv"
41956883,Artificial Intelligence in Personalized Breast Cancer Drug Safety: From Preclinical Toxicology to Clinical Risk Management.,"The artificial intelligence (AI) implementation in personalized medicine has transformed drug safety, especially in breast cancer treatment. The importance of the need to treat breast cancer individually is acute as the disorder is heterogeneous and reacts differently to the use of chemotherapeutic agents. Use of AI technologies including machine learning algorithms, deep learning, and predictive analytics can be used to acknowledge the presence of any possible toxicological risks in the early drug development stages to enhance efficacy and safety of therapies. The strategies can be used to tailor treatment according to the genetic, molecular, and clinical features of a patient and minimize adverse drug reactions and maximize outcomes. The promise in the application of AI to predict treatment responses, optimize drug dosages, and ensure long-term safety through the combination of clinical trials, patient records, and real-world evidence has been high. Throughout this review, it has been shown that AI can transform preclinical toxicology, clinical trial design, and postmarketing surveillance and overcome challenges and opportunities in the expanding area of drug development in breast cancer https://clinicaltrials.gov/.",Clinical therapeutics,Clin Ther,2026,48,5,449,461,,eng,Journal Article; Review,Venugopal J;Panneerselvam S;Patan A;Theivendren P,Venugopal Jayashree;Panneerselvam Surabhi;Patan Afroz;Theivendren Panneerselvam,"Department of Pharmacology, School of Pharmaceutical Sciences, Vels Institute of Science, Technology & Advanced Studies, Pallavaram, Chennai, Tamil Nadu, India.;Canara High School-CBSE, Dongerkery, Kodailbail, Mangaluru, Karnataka, India. Electronic address: surabhipnd10@gmail.com.;Department of Pharmaceutical Chemistry & Analysis, Ratnam Institute of Pharmacy, Pidathapoluru, SPSR Nellore, Andhra Pradesh, India.;Department of Pharmaceutical Chemistry & Analysis, School of Pharmaceutical Sciences, Vels Institute of Science, Technology & Advanced Studies, Pallavaram, Chennai, Tamil Nadu, India. Electronic address: tpsphc@gmail.com.",Artificial intelligence;Breast cancer;Drug safety;Personalized Medicine;Preclinical Toxicology,"Humans;Breast Neoplasms;Precision Medicine;Artificial Intelligence;Female;Antineoplastic Agents;Risk Management;Drug Evaluation, Preclinical;Product Surveillance, Postmarketing",,,PUBMED,,0,,"Venugopal J, 2026, Clin Ther","Venugopal J, 2026, Clin Ther"
41951517,irAE-GPT: leveraging large language models to identify immune-related adverse events in electronic health records and clinical trial datasets.,"Large language models (LLMs) have emerged as transformative technologies, revolutionising natural language understanding and generation across various domains, including medicine. In this study, we investigated the capabilities, limitations, and generalisability of Generative Pre-trained Transformer (GPT) models in analysing unstructured patient notes from large healthcare datasets to identify immune-related adverse events (irAEs) associated with the use of immune checkpoint inhibitor (ICI) therapy. We evaluated the performance of GPT-3.5, GPT-4, and GPT-4o models on manually annotated datasets of patients receiving ICI therapy, sampled from two electronic health record (EHR) systems and seven clinical trials. A zero-shot prompt was designed to exhaustively identify irAEs at both the patient level (main analysis) and the note level (secondary analysis). The LLM-based system followed a multi-label classification approach to identify any combination of irAEs associated with individual patients or clinical notes. System evaluation was conducted for each available irAE as well as for broader categories of irAEs classified at the organ level. Our analysis included 442 patients across three institutions. The most common irAEs manually identified in the patient datasets included pneumonitis (N = 64), colitis (N = 56), rash (N = 32), and hepatitis (N = 28). The GPT models demonstrated generalisable abilities in identifying irAEs across EHRs and clinical trial reports. Overall, the models achieved relatively high sensitivity and specificity but only moderate positive predictive values, reflecting a potential bias towards overpredicting irAE outcomes. GPT-4o achieved the highest F1 and micro-averaged F1 scores for both patient-level and note-level evaluations. Highest performance was observed in the haematological (F1 range = 1.0-1.0), gastrointestinal (F1 range = 0.81-0.85), and musculoskeletal and rheumatologic (F1 range = 0.67-1.0) irAE categories. Error analysis uncovered substantial limitations of GPT models in handling textual causation, where adverse events should not only be accurately identified in clinical text but also causally linked to immune checkpoint inhibitors. This study demonstrated that GPT models can automate the detection of immune related adverse events in varied healthcare datasets, reducing the burden on physicians and other healthcare professionals by limiting the need for manual review. This capability will accelerate the generation of safety insights across large healthcare datasets and facilitate the characterisation of patient-level drivers of toxicities, thus enhancing safety monitoring and ultimately improving patient care. National Institutes of Health, Roche, National Health and Medical Research Council of Australia, Stevens-Johnson Syndrome Foundation, Angela Anderson Research Fund, Larry L Hillblom Foundation and UCSF Research Allocation Program.",EBioMedicine,EBioMedicine,2026,127,,106227,,,eng,Journal Article,Bejan CA;Wang M;Venkateswaran S;Bergmann EA;Hiles L;Xu Y;Chandler GS;Brondfield S;Silverstein J;Wright F;de Dios K;Kim DM;Mukherjee E;Krantz MS;Yao L;Johnson DB;Phillips EJ;Balko JM;Mohindra R;Quandt Z,Bejan Cosmin A;Wang Michelle;Venkateswaran Sriram;Bergmann Ewa A;Hiles Laura;Xu Yaomin;Chandler G Scott;Brondfield Sam;Silverstein Jordyn;Wright Francis;de Dios Kimberly;Kim Daniel M;Mukherjee Eric;Krantz Matthew S;Yao Lydia;Johnson Douglas B;Phillips Elizabeth J;Balko Justin M;Mohindra Rajat;Quandt Zoe,"Department of Biomedical Informatics, Vanderbilt University Medical Center, Nashville, USA. Electronic address: adi.bejan@vanderbilt.edu.;Department of Bioengineering and Therapeutic Sciences, University of California San Francisco, San Francisco, USA; Bakar Computational Health Sciences Institute, University of California San Francisco, San Francisco, USA.;F. Hoffmann-La Roche, Basel, Switzerland.;F. Hoffmann-La Roche, Basel, Switzerland.;Roche Products Ltd, Welwyn Garden City, United Kingdom.;Department of Biomedical Informatics, Vanderbilt University Medical Center, Nashville, USA; Department of Biostatistics, Vanderbilt University Medical Center, Nashville, USA.;F. Hoffmann-La Roche, Basel, Switzerland.;Division of Hematology and Oncology, Department of Medicine, University of California San Francisco, San Francisco, USA; Helen Diller Family Comprehensive Cancer Center, University of California San Francisco, San Francisco, USA.;Division of Hematology/Oncology, Department of Medicine, University of California, Los Angeles, USA.;Division of General Internal Medicine, School of Medicine, University of Colorado Anschutz Medical Campus, Aurora, USA.;Diabetes Center, University of California San Francisco, San Francisco, USA; Division of Endocrinology and Metabolism, Department of Medicine, University of California San Francisco, San Francisco, USA.;Department of Medicine, Cedars-Sinai Medical Center, Los Angeles, USA.;Department of Dermatology, Vanderbilt University Medical Center, Nashville, USA.;Department of Biomedical Informatics, Vanderbilt University Medical Center, Nashville, USA; Division of Allergy, Pulmonary, and Critical Care Medicine, Department of Medicine, Vanderbilt University Medical Center, Nashville, USA.;Department of Biostatistics, Vanderbilt University Medical Center, Nashville, USA.;Department of Medicine, Vanderbilt University Medical Center, Nashville, USA.;Department of Medicine, Vanderbilt University Medical Center, Nashville, USA; Institute for Immunology and Infectious Diseases, Murdoch University, Murdoch, Australia.;Department of Medicine, Vanderbilt University Medical Center, Nashville, USA.;F. Hoffmann-La Roche, Basel, Switzerland.;Diabetes Center, University of California San Francisco, San Francisco, USA; Division of Endocrinology and Metabolism, Department of Medicine, University of California San Francisco, San Francisco, USA.",Clinical trials;Electronic health records;Generative artificial intelligence;Immune-related adverse events;Large language models,Humans;Electronic Health Records;Clinical Trials as Topic;Immune Checkpoint Inhibitors;Drug-Related Side Effects and Adverse Reactions;Natural Language Processing;Large Language Models,,R21 HD113234,PUBMED,,0,,"Bejan CA, 2026, EBioMedicine","Bejan CA, 2026, EBioMedicine"
41944812,"Toward actionable interventions in human aging (12th ARDD meeting, 2025).","The 12th Aging Research and Drug Discovery (ARDD) meeting convened at the University of Copenhagen, presenting a comprehensive overview of recent advancements in the biology of aging. A central theme across sessions was the field's gradual shift from descriptive, correlational studies to mechanistic understandings enabling the engineering of personalized therapeutic interventions aimed at extending human healthspan. Key discussions highlighted the convergence of multiple disciplines. Presentations detailed how fundamental biological insights are being integrated with artificial intelligence and machine learning platforms for accelerated target identification and drug development. Furthermore, the development and application of novel preclinical research models were presented as critical for improving the translational pipeline to human clinical trials. Scientific discourse has advanced from cataloging the established hallmarks of aging to identifying and modulating the specific molecular mechanisms that regulate them. This focus is predicated on the hypothesis that aging is not solely a result of stochastic damage accumulation but may be a tractable, modifiable, and potentially reversible biological process amenable to intervention. This report summarizes the principal research directions and conceptual frameworks presented at the conference.",Aging,Aging (Albany NY),2026,18,1,282,302,,eng,Journal Article,Dekan A;Lore S;Yoon YE;Sjöholm A;Tyshkovskiy A;Terskikh A;Cuervo AM;Georgievskaya A;Heinz A;Seluanov A;Adams A;Tsai AP;Murray A;Brunet A;Harten AMV;Spier A;Shenhar B;Pedersen BK;Clasen B;Schumacher B;Kennedy BK;Suetta C;Volbracht C;Kuppe C;Cookson C;Ewald CY;Banila C;Cai D;Valenzano DR;Lamming DW;Rudnic E;Samra EB;Teeling E;Verdin E;Fang EF;Fagagna FDD;Galkin F;Zmudze G;Jasper H;Jang IH;Han JJ;Justice J;Hoeijmakers JHJ;Ramos JMP;Lemaitre JM;Aerssens J;Betts-LaCroix J;Newman JC;Belmonte JCI;Kawamura K;Schaal KM;Egerton K;Abdelmohsen K;Fortney K;Hartenstein L;Niedernhofer L;Katsimpardi L;Melton L;Knudsen LB;Ferrucci L;Sylow L;Demaria M;Schafer MJ;Guasch-Ferré M;Borch-Jensen M;Kholin M;Antonov M;Levitt M;Deleidi M;Merad M;Meldal M;Topors M;Venkatesan M;LeBrasseur NK;Anzinger N;Fedichev P;Kohlhaas P;Mullen PJ;Singhal P;Cabo R;Houtkooper RH;Montgomery R;Smith R;Rosenzweig-Lipson S;Jakimov S;Horvath S;Austad S;Rando TA;White T;Zuber T;Rozmaric T;Wyss-Coray T;Tammela T;Gladyshev VN;Sinatti VVC;Wang W;Harborne W;Liu X;Wang XL;Suh Y;Lee Y;Koch Z;Zhavoronkov A;Scheibye-Knudsen M;Bakula D,Dekan Aleksandr;Lore Sierra;Yoon Ye Eun;Sjöholm Aisyah;Tyshkovskiy Alexander;Terskikh Alexey;Cuervo Ana Maria;Georgievskaya Anastasia;Heinz Andrea;Seluanov Andrei;Adams Andrew;Tsai Andy P;Murray Anna;Brunet Anne;Harten Anne Marije van;Spier Avi;Shenhar Ben;Pedersen Bente Klarlund;Clasen Berthil;Schumacher Björn;Kennedy Brian K;Suetta Charlotte;Volbracht Christiane;Kuppe Christoph;Cookson Clive;Ewald Collin Y;Banila Cristiana;Cai Daisy;Valenzano Dario Riccardo;Lamming Dudley W;Rudnic Edward;Samra Elias Bou;Teeling Emma;Verdin Eric;Fang Evandro Fei;Fagagna Fabrizio d'Adda di;Galkin Fedor;Zmudze Garri;Jasper Heinrich;Jang In Hwa;Han Jing-Dong Jackie;Justice Jamie;Hoeijmakers Jan H J;Ramos Javier María Peralta;Lemaitre Jean-Marc;Aerssens Jeroen;Betts-LaCroix Joe;Newman John C;Belmonte Juan Carlos Izpisua;Kawamura Kazuto;Schaal Kennedy Matsagas;Egerton Kitsu;Abdelmohsen Kotb;Fortney Kristen;Hartenstein Lars;Niedernhofer Laura;Katsimpardi Lida;Melton Lisa;Knudsen Lotte Bjerre;Ferrucci Luigi;Sylow Lykke;Demaria Marco;Schafer Marissa J;Guasch-Ferré Marta;Borch-Jensen Martin;Kholin Maxim;Antonov Michael;Levitt Michael;Deleidi Michela;Merad Miriam;Meldal Morten;Topors Mourad;Venkatesan Murali;LeBrasseur Nathan K;Anzinger Niklas;Fedichev Peter;Kohlhaas Paul;Mullen Peter J;Singhal Priya;Cabo Rafael de;Houtkooper Riekelt H;Montgomery Rusty;Smith Ryan;Rosenzweig-Lipson Sharon;Jakimov Sergey;Horvath Steve;Austad Steven;Rando Thomas A;White Todd;Zuber Tom;Rozmaric Tomaz;Wyss-Coray Tony;Tammela Tuomas;Gladyshev Vadim N;Sinatti Vanessa V C;Wang Weilan;Harborne William;Liu Xiaodong;Wang Xing Li;Suh Yousin;Lee Yuta;Koch Zane;Zhavoronkov Alex;Scheibye-Knudsen Morten;Bakula Daniela,"Department of Cellular and Molecular Medicine, University of Copenhagen, Copenhagen, Denmark.;Department of Cellular and Molecular Medicine, University of Copenhagen, Copenhagen, Denmark.;Buck Institute for Research on Aging, Novato, CA 94945, USA.;Department of Cellular and Molecular Medicine, University of Copenhagen, Copenhagen, Denmark.;Insilico Medicine AI, Abu Dhabi, United Arab Emirates.;Division of Genetics, Brigham and Women&#x2019;s Hospital, Harvard Medical School, Boston, MA 02115, USA.;Harry Perkins Institute of Medical Research and University of Western Australia, Perth, WA, Australia.;Einstein Institute for Aging Research, Albert Einstein College of Medicine, New York, NY 10461, USA.;HautAI OU, Tallinn, Estonia.;Department of Pharmacy, LEO Foundation Center for Cutaneous Drug Delivery, University of Copenhagen, Copenhagen, Denmark.;Department of Biology and Medicine, University of Rochester, Rochester, NY 14609, USA.;Eli Lilly and Company, Indianapolis, IN 46225, USA.;Department of Neurology and Neurological Sciences, Stanford University, Stanford, CA 94305, USA.;Department of Clinical and Biomedical Science, Faculty of Health and Life Science, University of Exeter, Exeter, UK.;Department of Genetics, Stanford University, Stanford, CA 94305, USA.;Apollo Health Ventures, Luxembourg City, Luxembourg.;Novartis, Cambridge, MA 02139, USA.;Department of Molecular Cell Biology, Weizmann Institute of Science, Rehovot, Israel.;Centre for Physical Activity Research, Rigshospitalet, University of Copenhagen, Copenhagen, Denmark.;Eli Lilly and Company, Indianapolis, IN 46225, USA.;Institute for Genome Stability in Ageing and Disease, Cologne Cluster of Excellence on Aging and Aging-Associated Diseases (CECAD), University and University Hospital of Cologne, Cologne, Germany.;Centre for Healthy Longevity, National University Health System, Singapore, Singapore.;Healthy Longevity Translational Research Programme, Yong Loo Lin School of Medicine, National University of Singapore, Singapore, Singapore.;Department of Geriatric and Palliative Medicine, Copenhagen University Hospital, Bispebjerg and Frederiksberg, University of Copenhagen, Copenhagen, Denmark.;Neuroscience, H. Lundbeck A/S, Valby, Denmark.;Division of Nephrology and Clinical Immunology, RWTH Aachen University, Medical Faculty, Aachen, Germany.;Financial Times, London, UK.;Novartis Biomedical Research, Diseases of Aging and Regenerative Medicine, Basel, Switzerland.;Mitra Bio, Translation and Innovation Hub, London, UK.;B Capital, Manhattan Beach, CA 90266, USA.;Leibniz Institute on Aging, Fritz Lipmann Institute (FLI), Jena, Germany.;Department of Medicine, Division of Endocrinology, Diabetes, and Metabolism, University of Wisconsin-Madison, Madison, WI 53706, USA.;Maxwell Biosciences, Austin, TX 78738, USA.;L&#x2019;Or&#xe9;al Research and Innovation, Aulnay-sous-Bois, France.;School of Biology and Environmental Science, University College Dublin, Dublin, Ireland.;Buck Institute for Research on Aging, Novato, CA 94945, USA.;Department of Clinical Molecular Biology, University of Oslo, Oslo, Norway.;IFOM, Milan, Italy and IGM-CNR, Pavia, Italy.;Insilico Medicine AI, Abu Dhabi, United Arab Emirates.;LongeVC, Washington, DC 20036, USA.;Genentech Inc., South San Francisco, CA 94080, USA.;Masonic Institute on the Biology of Aging and Metabolism (MIBAM), University of Minnesota, Minneapolis, MN 55455, USA.;Center for Quantitative Biology, Peking University, Beijing, China.;XPRIZE Healthspan, Los Angeles, CA 90401, USA.;Institute for Genome Stability in Ageing and Disease, Cologne Cluster of Excellence on Aging and Aging-Associated Diseases (CECAD), University and University Hospital of Cologne, Cologne, Germany.;Department of Molecular Biology, Erasmus Medical Center, Rotterdam, and Princess Maxima Center for Pediatric Oncology, ONCODE Institute, Utrecht, The Netherlands.;Department of Brain Sciences, Weizmann Institute of Science, Rehovot, Israel.;Institute for Regenerative Medicine and Biotherapy (IRMB), University of Montpellier, INSERM, Montpellier, France.;Rejuvenate Biomed, Diepenbeek, Belgium.;Retro Biosciences, Redwood City, CA 94115, USA.;Buck Institute for Research on Aging, Novato, CA 94945, USA.;Division of Geriatrics, University of California San Francisco, San Francisco, CA 94118, USA.;Altos Labs, San Diego Institute of Science, San Diego, CA 92121, USA.;Max Planck Institute for Biology of Ageing, Cologne, Germany.;Rejuve Bio, Orange, CA 92867, USA.;Baillie Gifford and Co., Edinburgh, UK.;National Institute on Aging, National Institutes of Health (NIH), Baltimore, MD 21224, USA.;BioAge Labs, Richmond, CA 94804, USA.;McKinsey Health Institute, New York, NY 10007, USA.;Masonic Institute on the Biology of Aging and Metabolism (MIBAM), University of Minnesota, Minneapolis, MN 55455, USA.;Institute for Regenerative Medicine and Biotherapy (IRMB), University of Montpellier, INSERM, Montpellier, France.;Nature Biotechnology, New York, NY 10013, USA.;Novo Nordisk A/S, M&#xe5;l&#xf8;v, Denmark.;National Institute on Aging, National Institutes of Health (NIH), Baltimore, MD 21224, USA.;Department of Biomedical Sciences, Faculty of Health and Medical Sciences, University of Copenhagen, Copenhagen, Denmark.;European Research Institute for the Biology of Ageing (ERIBA), University Medical Center Groningen (UMCG), University of Groningen (RUG), Groningen, The Netherlands.;Department of Physiology and Biomedical Engineering, Mayo Clinic, Rochester, MN 55905, USA.;Novo Nordisk Center for Basic Metabolic Research and Department of Public Health, University of Copenhagen, Copenhagen, Denmark.;Department of Public Health, University of Copenhagen, Copenhagen, Denmark.;Gordian Biotechnology, San Francisco, CA 94080, USA.;Gero, Singapore, Singapore.;Deep Origin, Palo Alto, CA 94080, USA.;Department of Structural Biology, Stanford University, Stanford, CA 94304, USA.;Institute Imagine, INSERM UMR1163, Paris, France.;Precision Immunology Institute, Icahn School of Medicine at Mount Sinai, New York, NY 10029, USA.;Department of Chemistry, University of Copenhagen, Copenhagen, Denmark.;Repair Biotechnologies, Syracuse, NY 13210, USA.;Danaher Ventures, Danaher Corporation, Washington, DC 20037, USA.;Robert and Arlene Kogod Center on Aging, Mayo Clinic, Rochester, MN 55905, USA.;Infinita City, Prospera, Roat&#xe1;n, Honduras.;Gero, Singapore, Singapore.;Molecule AG, Basel, Switzerland.;Department of Immunology and Immune Therapeutics, Keck School of Medicine, Leonard Davis School of Gerontology, University of Southern California, Los Angeles, CA 90033, USA.;Biogen, Cambridge, MA 02142, USA.;National Institute on Aging, National Institutes of Health (NIH), Baltimore, MD 21224, USA.;Laboratory Genetic Metabolic Diseases, Amsterdam Gastroenterology, Endocrinology and Metabolism Institute, Amsterdam UMC, University of Amsterdam, Amsterdam, The Netherlands.;BioAge Labs, Richmond, CA 94804, USA.;TruDiagnostic Inc., Lexington, KY 40503, USA.;Life Biosciences, Boston, MA 02116, USA.;LongeVC, Washington, DC 20036, USA.;Altos Labs, San Diego Institute of Science, San Diego, CA 92121, USA.;Department of Biology, University of Alabama at Birmingham, Birmingham, AL 35294, USA.;UCLA Broad Stem Cell Research Center, Los Angeles, CA 90033, USA.;The Thalion Initiative, Boston, MA 02115, USA.;Zuber Lawler, Los Angeles, CA 90067, USA.;Ludwig Boltzmann Institute for Traumatology, Vienna, Austria.;Department of Neurology and Neurological Sciences, Stanford University, Stanford, CA 94304, USA.;Cancer Biology and Genetics Program, Sloan Kettering Institute, Memorial Sloan Kettering Cancer Center, New York, NY 10065, USA.;Division of Genetics, Brigham and Women&#x2019;s Hospital, Harvard Medical School, Boston, MA 02115, USA.;Aptah Bio Inc., San Carlos, CA 94070, USA.;Centre for Healthy Longevity, National University Health System, Singapore, Singapore.;Healthy Longevity Translational Research Programme, Yong Loo Lin School of Medicine, National University of Singapore, Singapore, Singapore.;LongGame Ventures, London, UK.;School of Life Sciences, Westlake University and Westlake Laboratory of Life Sciences and Biomedicine, Hangzhou, China.;Fosun Pharma, Shanghai, China.;Department of Obstetrics and Gynecology, Columbia University, New York, NY 10032, USA.;Department of Genetics and Development, Columbia University, New York, NY 10032, USA.;Accelerated Biosciences Corp., Philadelphia, PA 19104, USA.;Program in Bioinformatics and Systems Biology, University of California, San Diego, La Jolla, CA 92093, USA.;Buck Institute for Research on Aging, Novato, CA 94945, USA.;Insilico Medicine AI, Abu Dhabi, United Arab Emirates.;Insilico Medicine US, Cambridge, MA 02138, USA.;Insilico Medicine Hong Kong, Hong Kong SAR, China.;Department of Cellular and Molecular Medicine, University of Copenhagen, Copenhagen, Denmark.;Department of Cellular and Molecular Medicine, University of Copenhagen, Copenhagen, Denmark.",aging;biomarkers;geroscience;longevity;rejuvenation,,,RF1 AG056771,PUBMED,,0,,"Dekan A, 2026, Aging (Albany NY)","Dekan A, 2026, Aging (Albany NY)"
41944009,"The LURN Study-What Have We ""LURN""ed So Far?","LURN was established by the NIDDK to study LUTS with a holistic approach, focusing on urinary urgency. LURN has developed patient-reported outcome instruments to better measure LUTS in men and women. LURN SI-29 can be used for clinical research. LURN SI-10 can be adopted for everyday use in clinic. LURN SI-10 offers distinct advantages over the AUA-SI. In addition to voiding and storage symptoms, LURN SI-10 also measures SUI, UUI, painful bladder filling, and post-void dribbling. LURN has studied the roles of non-urologic factors in LUTS. For example, central obesity and high BMI are associated with worse UUI, SUI, and OAB symptoms. Depression, sleep disturbance, and poor physical function are associated with worse UI and voiding symptoms. Exposure to childhood sexual trauma is common and is associated with worse UI. LURN has conducted the largest neuroimaging studies to date on persons with urinary urgency. Increased functional connectivity between the pre-frontal cortex and somatosensory cortex to specific brain networks was demonstrated in urgency patients compared to controls. Increased microstructural disruption to specific brain white matter tracts was also noted in urgency patients compared to controls. LURN has developed novel, unbiased, and data-driven clustering tools to subgroup LUTS patients. Five male clusters and five female clusters were identified. LURN has also developed a large biorepository linked to rich clinical phenotyping data. Over 100 000 biospecimens (blood, serum, urine) were collected. Subtyping efforts of OAB patients in LURN II using machine learning/clustering approaches are ongoing. Clinical trials registration: LURN I Study: NCT02485808. LURN II Study: NCT04557748.",Neurourology and urodynamics,Neurourol Urodyn,2026,45,4,654,661,,eng,Journal Article; Review,Lai HH,Lai H Henry,"Symptoms of Lower Urinary Tract Dysfunction Research Network (LURN), USA.;Department of Urology, University of Iowa Carver College of Medicine, Iowa City, Iowa, USA.",lower urinary tract symptoms;overactive bladder;phenotyping;urinary incontinence;urinary urgency,Humans;Lower Urinary Tract Symptoms;Female;Male,,DK097780; DK097772; DK097779; DK099932; DK100011; DK100017; DK099879,PUBMED,,0,,"Lai HH, 2026, Neurourol Urodyn","Lai HH, 2026, Neurourol Urodyn"
41942112,Targeted Real-Time Assessment of Chronic Pain (TRAC-Pain) in Youth: Protocol for a Digital Biosignature Development Through a Prospective Observational Cohort Study.,"Approximately 1 in 5 children and adolescents live with chronic pain, with musculoskeletal (MSK) pain being one of the most prevalent subtypes. Unfortunately, some studies show that less than half of youth (<18 years) experience improvements with existing evidence-based treatments. Self-report measures-the current gold standard for monitoring the pain experience-are limited in their use as a single point-of-care assessment and their vulnerability to recall bias. The ubiquitous adoption of wearable technology presents a promising solution for improved monitoring of the pain experience via real-time tracking through a multisystemic lens. The purpose of this study is (1) to develop a digital biosignature of the pain experience in youth with chronic MSK pain and (2) to assess the feasibility, acceptability, and appropriateness of the captured data for future applications. All aspects of this study were designed in partnership with people with lived experience and patient advocacy partners. This is a longitudinal observational cohort study, with all study activities taking place remotely over a 12-week period. Up to 500 youth (between 14 and 24 years old) with chronic MSK pain will be enrolled through a multipronged recruitment strategy to ensure a representative sample. The participants will wear an Apple Watch throughout the study to continuously monitor physiological, sleep, and physical activity metrics. In addition, participants will complete brief ""daily check-in"" surveys that include gold-standard measures of the pain experience (eg, pain interference, mood, fatigue) and the option to report a ""pain flare"" (ie, a temporary but noticeable worsening of the usual pain symptoms). Participants will also complete a modified online Trier Social Stress Test and a 30-second sit-to-stand task to capture individual responses to standardized challenges. Traditional machine learning and deep representation learning methods will be used to develop a digital biosignature of the pain experience. The accuracy of the biosignature will be assessed through measures of model performance as compared to gold-standard self-reports. This study was funded in September 2024, with data collection beginning in March 2025. As of December 15, 2025, 190 participants are enrolled, with data collection and analysis ongoing. This is the first study to leverage wearable health technology for real-time monitoring of the pain experience in youth with chronic MSK pain. The resulting digital end points are expected to heighten the rigor of clinical trials and provide opportunities for individually tailored interventions. The second phase of this study will investigate the implementation of ""wellness alerts"" triggered by abnormal smartwatch readings. Alerts would empower users toward preemptive self-management strategies, thereby enhancing self-efficacy in those living with chronic MSK pain. DERR1-10.2196/84781.",JMIR research protocols,JMIR Res Protoc,2026,15,,e84781,,,eng,Journal Article,Bailes AH;Shu CH;Chang A;Masood S;Jehl N;Davis A;Giberson J;Cashman C;Hill A;Gill J;McGinnis RS;McGinnis EW;Aghaeepour N;Simons LE,Bailes Anna H;Shu Chi-Hung;Chang Alan;Masood Sahrish;Jehl Nicole;Davis Aliyah;Giberson Jeremy;Cashman Casey;Hill Allison;Gill Javed;McGinnis Ryan S;McGinnis Ellen W;Aghaeepour Nima;Simons Laura E,"Department of Anesthesiology, Perioperative, and Pain Medicine, Stanford University School of Medicine, Palo Alto, CA, United States.;Department of Anesthesiology, Perioperative, and Pain Medicine, Stanford University School of Medicine, Palo Alto, CA, United States.;Department of Anesthesiology, Perioperative, and Pain Medicine, Stanford University School of Medicine, Palo Alto, CA, United States.;Department of Anesthesiology, Perioperative, and Pain Medicine, Stanford University School of Medicine, Palo Alto, CA, United States.;Department of Anesthesiology, Perioperative, and Pain Medicine, Stanford University School of Medicine, Palo Alto, CA, United States.;Department of Anesthesiology, Perioperative, and Pain Medicine, Stanford University School of Medicine, Palo Alto, CA, United States.;Department of Anesthesiology, Perioperative, and Pain Medicine, Stanford University School of Medicine, Palo Alto, CA, United States.;US Pain Foundation, West Hartford, CT, United States.;Patient and Pain Advocacy Partner, Palo Alto, CA, United States.;Patient and Pain Advocacy Partner, Palo Alto, CA, United States.;Division of Cardiology, Heart Institute, Children's Hospital of Los Angeles, Los Angeles, CA, United States.;Patient and Pain Advocacy Partner, Palo Alto, CA, United States.;Biomedical Engineering and Center for Remote Health Monitoring, Wake Forest University School of Medicine, Winston-Salem, NC, United States.;Social Sciences and Health Policy and Center for Remote Monitoring, Wake Forest University School of Medicine, Winston-Salem, NC, United States.;Department of Anesthesiology, Perioperative, and Pain Medicine, Stanford University School of Medicine, Palo Alto, CA, United States.;Department of Anesthesiology, Perioperative, and Pain Medicine, Stanford University School of Medicine, Palo Alto, CA, United States.",biosignature;musculoskeletal pain;pediatrics;wearable electronic devices,Humans;Adolescent;Chronic Pain;Prospective Studies;Pain Measurement;Male;Female;Young Adult;Wearable Electronic Devices;Observational Studies as Topic;Longitudinal Studies;Musculoskeletal Pain,,,PUBMED,,0,,"Bailes AH, 2026, JMIR Res Protoc","Bailes AH, 2026, JMIR Res Protoc"
41940375,Bridging the gap: meta-epidemiological analysis on the clinical translation of stem cell-based therapies in women's reproductive diseases.,"What is the current landscape of randomized controlled trials (RCTs) evaluating stem cell-based therapies for women's reproductive diseases, and how effectively has preclinical research informed their clinical translation? The current clinical trial landscape for stem cell-based therapies in women's reproductive diseases is characterized by rapid growth in trial registration, particularly for premature ovarian failure (POF) and intrauterine adhesions (IUA), yet remains predominantly in early-phase, single-center, single-country studies with significant heterogeneity in design and outcome reporting. Stem cell-based therapies show promise in preclinical models for conditions such as POF, IUA, and endometriosis. However, despite increasing clinical interest, the extent to which these therapies have been rigorously evaluated in RCTs and how well clinical trials reflect preclinical evidence remains unclear. This translational analysis integrated a meta-epidemiological approach with bibliometric methods. We searched the International Clinical Trials Registry Platform (ICTRP), ClinicalTrials.gov, EudraCT, and ChiCTR from inception to 1 December 2025, using terms related to 'stem cells', 'reproductive diseases', and 'randomized controlled trials'. Only English and Chinese registration records were included. Two reviewers independently screened registration records for RCTs assessing stem cell or derivative therapies in women's reproductive diseases. Eligible criteria included RCTs that reported the use of stem cells or their derivatives in female patients with reproductive conditions. Data on trial design, disease focus, stem cell type, source, phase, sample size, outcomes, and results were extracted. A hybrid approach combined traditional systematic data extraction with machine learning-assisted screening (ASReview) for basic research. Bibliometric analysis using VoSviewer and CiteSpace mapped research trends, while Health Research Classification System (HRCS) scores assessed translational potential. Consistency in screening and extraction was evaluated using kappa and Cronbach's alpha. From 804 records, 38 RCTs met inclusion criteria. The majority were early-phase (Phase 1/2, 76.3%), single-center (81.6%), and conducted in one country (97.4%), with China (50.0%) and the USA (18.9%) leading. POF (34.2%), ovarian cancer (23.7%), and IUA (18.4%) were the most studied conditions. Umbilical cord-derived mesenchymal stem cells (28.9%) were the most commonly used. While preclinical research shows strong mechanistic support, especially for POF and IUA, there was minimal overlap in primary outcome measures across trials, limiting comparability. Only 36.8% of RCTs included safety as a co-primary endpoint, and 49% had short-term follow-up, raising concerns about long-term risks such as tumorigenicity. The analysis may be subject to language bias (English and Chinese only), and some included trials were incomplete, relying on interim reports or press releases not peer-reviewed. The quality of individual RCTs was not formally assessed, and publication bias in basic research may influence bibliometric trends. This study highlights a significant gap between robust preclinical evidence and fragmented clinical evaluation, with over-concentration on POF and underrepresentation of other high-potential conditions like endometriosis and thin endometrium. The findings underscore the need for international collaboration, standardized outcome sets, and harmonized regulatory frameworks to enable large-scale, high-quality trials that can translate regenerative potential into clinical reality. This study was supported by the National Natural Science Foundation of China (82301835 and 82371682), the Science and Technology Program of Hunan Province (2024JJ4091 and 2023JJ40956), the Youth Fund of Xiangya Hospital, Central South University, China (2021Q03 and 2209090550121), the Postdoctoral Science Foundation of China (2022M713522 and 2021TQ0372), and the Innovation and Entrepreneurship Training Program for College Students (202510533012, S202410533307, and CXPY2025224). The authors declare no competing interests. https://doi.org/10.17605/OSF.IO/JM9EK.",Human reproduction open,Hum Reprod Open,2026,2026,2,hoag024,,,eng,Journal Article,Su H;Jian Y;Tang R;Chau H;Cheng X;Liu X;Tong Y;Ning J;Zhang X;Chen J;Zhang Y;Tong Z;Yang Y;Zhao Y;Sun L;Chen J;Li H,Su Hankun;Jian Yu;Tang Ronghui;Chau Hoksan;Cheng Xinyu;Liu Xiao;Tong Yuqian;Ning Jinyao;Zhang Xinhua;Chen Jiayi;Zhang Yilin;Tong Zixin;Yang Yuemeng;Zhao Yunyang;Sun Liye;Chen Jingjing;Li Hui,"Department of Reproductive Medicine, Xiangya Hospital, Central South University, Changsha, China.;Clinical Research Center for Women's Reproductive Health in Hunan Province, Xiangya Hospital, Central South University, Changsha, China.;Department of Reproductive Medicine, Xiangya Hospital, Central South University, Changsha, China.;Clinical Research Center for Women's Reproductive Health in Hunan Province, Xiangya Hospital, Central South University, Changsha, China.;Department of Fetal Medicine, Xiangya Hospital, Central South University, Changsha, China.;Department of Obstetrics and Gynecology, Hunan University of Medicine General Hospital, Huaihua, China.;Department of Reproductive Medicine, Xiangya Hospital, Central South University, Changsha, China.;Clinical Research Center for Women's Reproductive Health in Hunan Province, Xiangya Hospital, Central South University, Changsha, China.;Department of Reproductive Medicine, Xiangya Hospital, Central South University, Changsha, China.;Clinical Research Center for Women's Reproductive Health in Hunan Province, Xiangya Hospital, Central South University, Changsha, China.;Department of Reproductive Medicine, Xiangya Hospital, Central South University, Changsha, China.;Clinical Research Center for Women's Reproductive Health in Hunan Province, Xiangya Hospital, Central South University, Changsha, China.;Department of Reproductive Medicine, Xiangya Hospital, Central South University, Changsha, China.;Clinical Research Center for Women's Reproductive Health in Hunan Province, Xiangya Hospital, Central South University, Changsha, China.;Department of Reproductive Medicine, Xiangya Hospital, Central South University, Changsha, China.;Clinical Research Center for Women's Reproductive Health in Hunan Province, Xiangya Hospital, Central South University, Changsha, China.;Department of Reproductive Medicine, Xiangya Hospital, Central South University, Changsha, China.;Clinical Research Center for Women's Reproductive Health in Hunan Province, Xiangya Hospital, Central South University, Changsha, China.;Department of Reproductive Medicine, Xiangya Hospital, Central South University, Changsha, China.;Clinical Research Center for Women's Reproductive Health in Hunan Province, Xiangya Hospital, Central South University, Changsha, China.;Department of Reproductive Medicine, Xiangya Hospital, Central South University, Changsha, China.;Clinical Research Center for Women's Reproductive Health in Hunan Province, Xiangya Hospital, Central South University, Changsha, China.;Department of Reproductive Medicine, Xiangya Hospital, Central South University, Changsha, China.;Clinical Research Center for Women's Reproductive Health in Hunan Province, Xiangya Hospital, Central South University, Changsha, China.;Department of Reproductive Medicine, Xiangya Hospital, Central South University, Changsha, China.;Clinical Research Center for Women's Reproductive Health in Hunan Province, Xiangya Hospital, Central South University, Changsha, China.;Department of Reproductive Medicine, Xiangya Hospital, Central South University, Changsha, China.;Clinical Research Center for Women's Reproductive Health in Hunan Province, Xiangya Hospital, Central South University, Changsha, China.;Department of Reproductive Medicine, Xiangya Hospital, Central South University, Changsha, China.;Clinical Research Center for Women's Reproductive Health in Hunan Province, Xiangya Hospital, Central South University, Changsha, China.;Department of Reproductive Medicine, Xiangya Hospital, Central South University, Changsha, China.;Clinical Research Center for Women's Reproductive Health in Hunan Province, Xiangya Hospital, Central South University, Changsha, China.;Department of Reproductive Medicine, Xiangya Hospital, Central South University, Changsha, China.;Clinical Research Center for Women's Reproductive Health in Hunan Province, Xiangya Hospital, Central South University, Changsha, China.",clinical trial;exosome;meta-epidemiological study;premature ovarian failure;stem cell;women’s reproductive diseases,,,,PUBMED,,0,,"Su H, 2026, Hum Reprod Open","Su H, 2026, Hum Reprod Open"
41939694,Artificial Intelligence for Cardiovascular Risk Prediction: An Umbrella Review of Applications and Translational Challenges.,"Cardiovascular diseases (CVDs) remain the leading cause of mortality worldwide. Conventional risk prediction models often demonstrate suboptimal calibration and limited generalizability across populations. Artificial intelligence (AI) approaches, including machine learning (ML) and deep learning (DL), enable integration of multimodal clinical and imaging data for individualized cardiovascular risk estimation. To evaluate the applications, predictive performance, and translational limitations of AI models for cardiovascular risk prediction within an umbrella review framework. PubMed, Scopus, and Web of Science were systematically searched for studies published between January 2015 and October 2025 investigating AI-based prediction of cardiovascular outcomes. Eligible designs included randomized controlled trials (RCTs), cohort studies, systematic reviews, and meta-analyses. Predictive performance was the primary outcome, mainly assessed using the area under the receiver operating characteristic curve (AUC). Methodological quality was evaluated using established risk-of-bias tools. From 3500 identified records, 48 studies (8 RCTs, 28 cohort studies, and 12 systematic reviews or meta-analyses) were included in the final analysis. AI models achieved AUC values greater than 0.90 in more than 70% of imaging-based studies. Evidence synthesis showed predominant reliance on internal validation, inconsistent calibration reporting, and limited evaluation of algorithmic fairness. Multimodal data integration improved detection of coronary artery disease (CAD) and heart failure (HF). Wearable monitoring was associated with 18-25% lower hospitalization rates compared with usual care. AI improves predictive accuracy in cardiovascular risk assessment. Despite strong discrimination performance (AUC), methodological heterogeneity, insufficient calibration assessment, algorithmic bias, limited external validation, and regulatory uncertainty remain major barriers to implementation. Clinical translation requires multicenter RCTs, explainable AI frameworks, and standardized reporting guidelines such as Transparent Reporting of a Multivariable Prediction Model for Individual Prognosis or Diagnosis Artificial Intelligence (TRIPOD-AI).",Vascular health and risk management,Vasc Health Risk Manag,2026,22,,590502,,,eng,Journal Article; Systematic Review; Review,Parizad R;Hatwal J;Brar A;Desai R;Batta A;Mohan B,Parizad Razieh;Hatwal Juniali;Brar Ajit;Desai Rupak;Batta Akash;Mohan Bishav,"Cardiovascular Research Center, Tabriz University of Medical Sciences, Tabriz, Iran.;Department of Internal Medicine, Advanced Cardiac Centre, Post Graduate Institute of Medical Education & Research (PGIMER), Chandigarh, India.;Department of Internal Medicine, Michigan State University at Hurley Medical Center, Flint, MI, USA.;Independent Researcher, Outcomes Research, Atlanta, GA, USA.;Department of Cardiology, Dayanand Medical College and Hospital (DMCH), Ludhiana, India.;Department of Cardiology, Dayanand Medical College and Hospital (DMCH), Ludhiana, India.",artificial intelligence;cardiovascular diseases;deep learning;machine learning;precision medicine;risk assessment,"Humans;Cardiovascular Diseases;Risk Assessment;Predictive Value of Tests;Heart Disease Risk Factors;Prognosis;Artificial Intelligence;Decision Support Techniques;Translational Research, Biomedical;Reproducibility of Results;Deep Learning",,,PUBMED,,0,,"Parizad R, 2026, Vasc Health Risk Manag","Parizad R, 2026, Vasc Health Risk Manag"
41937516,Machine Learning and AI in Pharmaceutical Analysis: A New Era of Precision and Efficiency.,"Artificial Intelligence (AI), including Machine Learning (ML) and Deep Learning (DL), is transforming pharmaceutical analysis by bringing greater precision and efficiency across multiple areas. The acquisition and processing of complex datasets in pharmaceutical sciences rely on fundamental AI techniques such as neural networks, Support Vector Machines (SVM), and Random Forests (RF). Big data analytics has further increased reliance on AI to make better decisions throughout drug development processes. AI accelerates drug discovery and development by helping identify new candidates and predict molecular interactions. AI-based predictive modeling aids formulation design by predicting the behavior and stability of the drug. AIpowered real-time monitoring systems enhance quality control and assurance by ensuring compliance with stringent regulatory standards. This ultimately has helped improve analysis through the interpretation of spectroscopic and chromatographic data. For example, applications of AI in High-Performance Liquid Chromatography (HPLC) and mass spectrometry have enabled faster and more efficient data processing. Complex spectroscopic data, such as Ultraviolet (UV), Infra-Red (IR), Nuclear Magnetic Resonance (NMR), and Raman spectra, have been interpreted using deep learning models like Convolutional Neural Networks (CNNs) and Recurrent Neural Networks (RNNs) to improve the accuracy of compound identification. AI models can also be used to predict drug release profiles and shelf-life in dissolution and stability studies, thereby supporting better product development. By enabling real-time quality monitoring, AI helps maintain Good Manufacturing Practices (GMP) and regulatory compliance. However, challenges still remain regarding data quality, integration complexity, and ethical considerations. Therefore, future trends point towards broader implementation of AI, especially DL models, in personalized medicines and adaptive clinical trials with the potential to transform pharmaceutical analysis. This review examines AI and ML in the context of pharmaceutical analysis, focusing on current applications, challenges, and future prospects.",Current pharmaceutical design,Curr Pharm Des,2026,,,,,,eng,Journal Article,Bhui U;Das J;Chakraborty GS;Sen S;Nayak S;Kumar B;Bandopadhyay S,Bhui Utpal;Das Joy;Chakraborty Gouri Shankar;Sen Swarup;Nayak Soumyadip;Kumar Bimlesh;Bandopadhyay Shantanu,"School of Pharmaceutical Sciences, Lovely Professional University, Phagwara, Punjab, 144411, India.;School of Computer Science and Engineering, Lovely Professional University, Phagwara, Punjab, India.;School of Pharmaceutical Sciences, Lovely Professional University, Phagwara, Punjab, 144411, India.;School of Computer Science and Engineering, Lovely Professional University, Phagwara, Punjab, India.;Department of Pharmaceutical Sciences, NSHM Institute of Pharmaceutical Technology, NSHM Knowledge Campus, Durgapur, West Bengal, 713212, India.;School of Pharmaceutical Sciences, Lovely Professional University, Phagwara, Punjab, 144411, India.;School of Pharmaceutical Sciences, Lovely Professional University, Phagwara, Punjab, 144411, India.;Department of Pharmaceutical Sciences, NSHM Institute of Pharmaceutical Technology, NSHM Knowledge Campus, Durgapur, West Bengal, 713212, India.",Artificial intelligence;deep learning;drug design.;drug discovery;machine learning;pharmaceutical analysis,,,,PUBMED,,0,,"Bhui U, 2026, Curr Pharm Des","Bhui U, 2026, Curr Pharm Des"
41936083,Exploring Challenges and Opportunities for Improving Phase 2 and Phase 3 Clinical Trials: A Review.,"Clinical trials are indispensable for advancing drug discovery, yet Phase 2 and Phase 3 studies are frequently hampered by escalating costs, high attrition rates, and complex operational hurdles. This review will examine current issues, specifically those related to cost, safety, efficacy, and operational inefficiencies. It also analyses the importance of novel approaches like decentralized trials, adaptive designs, digital endpoints, predictive biomarkers, and Artificial Intelligence/ Machine Learning (AI/ML) to improve trial efficiency, participant recruitment, data quality, and overall success rates in drug development. A mixed-method strategy was adopted to study the various aspects and challenges of clinical trial designs, including adaptive trial designs, decentralized trials, trial programs by regulatory authorities, and the use of AI/ML models that evaluate large datasets to improve enrollment, enhance design strategies, and forecast outcomes. Although there are still issues with data integrity, adoption of DCTs, adaptive trials, and digital endpoints has increased enrolment, speed, and precision in drug development. Studies are now more effective because of AI/ML-based optimization of recruitment, trial designs, and outcome predictions. The findings reveal that while transformative opportunities are emerging, their full potential hinges on overcoming persistent challenges related to standardization, regulatory alignment, ethical considerations, and the digital divide. While challenges remain, innovative trial approaches enhance trial efficiency, reduce costs, and improve the likelihood of successful drug development. Multi-faceted strategies are needed to foster a more agile, patient-centric, and ethically sound clinical trial ecosystem, emphasizing the synergistic benefits of integrated technological and methodological advancements.",Reviews on recent clinical trials,Rev Recent Clin Trials,2026,,,,,,eng,Journal Article,Sai BAV;Mishra S;Venkatesh MP,Sai Bureddi Anudeep Venkata;Mishra Sangita;Venkatesh M P,"Centre of Excellence in Regulatory Sciences, Dept. of Pharmaceutics, JSS College of Pharmacy, JSS Academy of Higher Education and Research, SS Nagara, Mysuru, 570015, Karnataka, India.;Centre of Excellence in Regulatory Sciences, Dept. of Pharmaceutics, JSS College of Pharmacy, JSS Academy of Higher Education and Research, SS Nagara, Mysuru, 570015, Karnataka, India.;Centre of Excellence in Regulatory Sciences, Dept. of Pharmaceutics, JSS College of Pharmacy, JSS Academy of Higher Education and Research, SS Nagara, Mysuru, 570015, Karnataka, India.;Faculty of Pharmaceutical Sciences, UCSI University, Malaysia.",Clinical trials;adaptive trials;artificial intelligence;drug development;efficacy;machine learning.;safety,,,,PUBMED,,0,,"Sai BAV, 2026, Rev Recent Clin Trials","Sai BAV, 2026, Rev Recent Clin Trials"
41934097,Cluster-defined gout subtypes exhibit divergent chronic kidney disease trajectories: a machine learning approach in a Chinese prospective cohort.,"To systematically evaluate the contribution of clinical heterogeneity to chronic kidney disease (CKD) progression in gout patients using data-driven phenotyping, and to assess whether incorporating genetic risk improves prediction of renal outcomes. In this prospective cohort study, 1497 Chinese gout patients were enrolled and followed for CKD progression. K-means clustering was applied to four core clinical variables: serum urate (SU), fractional excretion of uric acid (FEUA) (i.e. high- and low-excretion), gout duration and kidney stone burden. The primary outcome was the incidence of CKD stage ≥3, assessed using Cox proportional hazards models. Genetic risk was evaluated using an unweighted genetic risk score derived from 20 single nucleotide polymorphisms associated with gout and hyperuricaemia. Over a follow-up of 4166 person-years, 153 participants (10.22%) developed CKD stage ≥3. Five clinical clusters were identified: Cluster 1 (high-excretion, low-urate), Cluster 2 (low-excretion, low-urate), Cluster 3 (long-duration), Cluster 4 (low-excretion, high-urate) and Cluster 5 (nephrolithiasis). Cluster 4 and Cluster 5 were significantly associated with increased risk of CKD progression, with adjusted hazard ratios of 2.19 (95% CI 1.20-4.01) and 3.52 (95% CI 1.91-6.48), respectively. Genetic predisposition, via risk score, further amplified renal risk in Cluster 4. Achieving target SU levels and reductions in kidney stone burden were independently associated with a lower risk of CKD progression. This study proposes a novel K-means clustering-based classification of gout, identifying subgroups with distinct CKD trajectories. Integration of clinical phenotyping and genetic profiling may enhance individualized risk stratification and guide targeted prevention strategies in gout-associated CKD.","Rheumatology (Oxford, England)",Rheumatology (Oxford),2026,65,4,,,,eng,"Journal Article; Clinical Trial; Research Support, Non-U.S. Gov't",Hu S;Cui L;Chen Y;Li X;Wang C;Zhao Y;Zhang Y;Terkeltaub R;Li C;Lu J,Hu Shuhui;Cui Lingling;Chen Ying;Li Xinde;Wang Can;Zhao Yulei;Zhang Yiru;Terkeltaub Robert;Li Changgui;Lu Jie,"Shandong Provincial Clinical Research Center for Immune Diseases, The Affiliated Hospital of Qingdao University, Qingdao, China.;Department of Endocrinology and Metabolism, The Affiliated Hospital of Qingdao University, Qingdao, China.;Shandong Provincial Clinical Research Center for Immune Diseases, The Affiliated Hospital of Qingdao University, Qingdao, China.;Shandong Provincial Clinical Research Center for Immune Diseases, The Affiliated Hospital of Qingdao University, Qingdao, China.;Department of Endocrinology and Metabolism, The Affiliated Hospital of Qingdao University, Qingdao, China.;Shandong Provincial Clinical Research Center for Immune Diseases, The Affiliated Hospital of Qingdao University, Qingdao, China.;Shandong Provincial Clinical Research Center for Immune Diseases, The Affiliated Hospital of Qingdao University, Qingdao, China.;Shandong Provincial Clinical Research Center for Immune Diseases, The Affiliated Hospital of Qingdao University, Qingdao, China.;Department of Endocrinology and Metabolism, The Affiliated Hospital of Qingdao University, Qingdao, China.;Shandong Provincial Clinical Research Center for Immune Diseases, The Affiliated Hospital of Qingdao University, Qingdao, China.;Department of Endocrinology and Metabolism, The Affiliated Hospital of Qingdao University, Qingdao, China.;VA San Diego VA Healthcare Center, University of California San Diego, San Diego, CA, USA.;Shandong Provincial Clinical Research Center for Immune Diseases, The Affiliated Hospital of Qingdao University, Qingdao, China.;Department of Endocrinology, Xiang'an Hospital of Xiamen University, Xiamen, China.;Shandong Provincial Clinical Research Center for Immune Diseases, The Affiliated Hospital of Qingdao University, Qingdao, China.;Department of Endocrinology and Metabolism, The Affiliated Hospital of Qingdao University, Qingdao, China.;Medical Research Center, The Affiliated Hospital of Qingdao University, Qingdao, China.",K-means clustering;chronic kidney disease;genetic risk score;gout;hyperuricaemia,"Humans;Male;Renal Insufficiency, Chronic;Gout;Female;Middle Aged;Prospective Studies;Disease Progression;Uric Acid;Machine Learning;China;Aged;Cluster Analysis;Polymorphism, Single Nucleotide;Adult;Genetic Predisposition to Disease;East Asian People",,#32470636; #82220108015; #2022YFC2503300; #ZR2024MH031; #tsqn202211377,PUBMED,,0,,"Hu S, 2026, Rheumatology (Oxford)","Hu S, 2026, Rheumatology (Oxford)"
41928268,Comprehensive multi-method analysis of blood heavy metals and nutrient intake in myopia and high myopia.,"High myopia constitutes a significant global public health concern. Although visual behaviors are well-established determinants, the relationships between systemic environmental exposures, nutritional factors, and high myopia remain incompletely characterized at the population level. We conducted a cross-sectional analysis of 3,283 adults from the National Health and Nutrition Examination Survey (NHANES) 1999–2008. Participants were categorized as healthy controls, non-high myopia, or high myopia based on non-cycloplegic autorefraction. Weighted multivariable logistic regression and restricted cubic spline models, as well as stratified and quantile analyses, were employed to assess exposure–outcome associations. Bayesian Kernel Machine Regression (BKMR) was applied to examine joint exposure patterns among correlated metals and dietary factors. Additionally, machine learning approaches (LASSO, Boruta, Elastic Net, and XGBoost) were utilized for exploratory variable selection and risk stratification. Elevated blood concentrations of cadmium and mercury were associated with increased odds of high myopia, whereas several dietary and biochemical indicators demonstrated inverse associations under specific analytical frameworks. Carbohydrate intake was positively associated with high myopia. Nonlinear relationships and joint exposure patterns were identified across models. However, these findings exhibited substantial uncertainty and variability between methods. Machine learning analyses consistently identified cadmium exposure and carbohydrate intake as influential predictors, although variable importance rankings differed across algorithms and were interpreted as exploratory. In this nationally representative adult population, environmental metal exposures and nutritional factors were cross-sectionally associated with high myopia status. Given the cross-sectional design, the limited number of high myopia cases, potential measurement constraints, and residual confounding from unmeasured behavioral factors, these findings should be considered hypothesis-generating rather than indicative of causal or preventive relationships. Further longitudinal studies incorporating life-course exposure assessment and comprehensive behavioral data are warranted to clarify temporal dynamics and underlying biological mechanisms. Not applicable. The online version contains supplementary material available at 10.1186/s12967-026-08086-1.",Journal of translational medicine,J Transl Med,2026,24,1,,,,eng,Journal Article,Hui J;Feng X;Han Q;Cui X,Hui Jingwen;Feng Xinyuan;Han Quanhong;Cui Xuehao,"Tianjin Eye Hospital, No.4 Gansu Road, Heping District, Tianjin, 300020, China.;Tianjin Key Lab of Ophthalmology and Visual Science, Tianjin, China.;Tianjin Eye Hospital, No.4 Gansu Road, Heping District, Tianjin, 300020, China.;Tianjin Key Lab of Ophthalmology and Visual Science, Tianjin, China.;Tianjin Eye Hospital, No.4 Gansu Road, Heping District, Tianjin, 300020, China. 5020200063@nankai.edu.cn.;Tianjin Key Lab of Ophthalmology and Visual Science, Tianjin, China. 5020200063@nankai.edu.cn.;School of Medicine, Nankai University, Tianjin, China. 5020200063@nankai.edu.cn.;Department of Clinical Neuroscience, University of Cambridge, Cambridge, UK. xc350@cam.ac.uk.",Heavy metals;High myopia;Machine learning;Mendelian randomization;Myopia;NHANES;Nutritional epidemiology;Vitamin B6,,,TJWJ2024QN077; YKPY2205; TJYXZDXK-3-004A-3,PUBMED,,0,,"Hui J, 2026, J Transl Med","Hui J, 2026, J Transl Med"
41926299,Application of Artificial Intelligence to Analyze Blood Biochemical Parameters for Remote Patient Monitoring: Opportunities and Limitations.,"The integration of Artificial Intelligence (AI) in analyzing blood biochemical parameters represents a transformative approach to remote patient monitoring, addressing the growing burden of chronic diseases and healthcare resource limitations. This review examines the current state, opportunities, and challenges of AI implementation in interpreting laboratory data for distant patient observation. This narrative review was conducted through a structured search of PubMed, Scopus, and Web of Science databases covering 2020-2025. The search terms included: artificial intelligence, machine learning, remote patient monitoring, biochemical parameters, and laboratory diagnostics. Modern AI technologies demonstrate high accuracy in predicting pathologies, detecting hidden patterns, and automating result interpretation, with documented success in diagnosing COVID-19, liver diseases, chronic kidney disease, and metabolic syndrome. The technology offers significant advantages, including 24/7 availability of expert interpretation, reduced burden on medical personnel, early detection of condition deterioration, and personalized monitoring through integration of multi-source data. However, substantial barriers persist, including data standardization challenges across different laboratory platforms, limited model validation beyond training populations, unclear regulatory frameworks, and integration difficulties with existing healthcare infrastructure. Critical limitations include preanalytical and analytical errors affecting data quality, lack of unified reference intervals, insufficient evidence base for clinical and economic effectiveness, and resistance from medical professionals. AI-driven interpretation of routine biochemical tests appears feasible for remote monitoring and triage, potentially enabling earlier detection of deterioration and reducing clinician workload. Nonetheless, laboratory heterogeneity, preanalytical/analytical variability, and population shifts can undermine generalizability and calibration, underscoring the need for multicenter external validation and a human-in-the-loop implementation with secure data governance. Future directions include developing specialized models for specific pathologies, integrating multi-omic data to generate comprehensive bioprofiles, creating explainable AI systems to increase physician trust, and establishing large-scale clinical trials to validate effectiveness. Success requires interdisciplinary collaboration, with AI positioned as a physician's assistant rather than a replacement.",Cardiovascular & hematological disorders drug targets,Cardiovasc Hematol Disord Drug Targets,2026,,,,,,eng,Journal Article,Chashchin MG;Kiselev AR;Strelkova AV;Gorshkov AY;Drapkina OM,Chashchin Mikhail G;Kiselev Anton R;Strelkova Anna V;Gorshkov Alexander Yu;Drapkina Oksana M,"Laboratories of Digital Medicine and Artificial Intelligence, National Medical Research Center for Therapy and Preventive Medicine, Moscow, 101990, Russia.;Coordinating Center for Fundamental Research, National Medical Research Center for Therapy and Preventive Medicine, Moscow, 101990, Russia.;Microcirculation and Regional Hemodynamics Laboratory, National Medical Research Center for Therapy and Preventive Medicine, Moscow, 101990, Russia.;Department of Basic and Applied Obesity Research, National Medical Research Center for Therapy and Preventive Medicine, Moscow 101990, Russia.;Department of Basic and Applied Obesity Research, National Medical Research Center for Therapy and Preventive Medicine, Moscow 101990, Russia.",AI validation;Artificial intelligence;automated interpretation.;biochemical parameters;chronic disease management;clinical decision support;data standardization;digital health;healthcare innovation;laboratory data analysis;machine learning;personalized medicine;predictive analytics;remote patient monitoring;telemedicine,,,,PUBMED,,0,,"Chashchin MG, 2026, Cardiovasc Hematol Disord Drug Targets","Chashchin MG, 2026, Cardiovasc Hematol Disord Drug Targets"
41924304,Machine learning and molecular simulation-based discovery of novel RIPK1 inhibitors.,"The Receptor-interacting serine/threonine-protein kinase 1 (RIPK1), a crucial regulator of necroptosis, has been implicated in the pathophysiology of various human conditions, including neurological disorders, inflammation, and cancer. Although RIPK1 is a prime druggable target with several RIPK1 inhibitors in clinical trials, there are no approved medications for therapeutic applications. In this study, we identified potential RIPK1 inhibitors from the Comprehensive Marine Natural Product Database (CMNPD) using an integrated computational strategy. A Gradient Boosting machine-learning model trained on curated ChEMBL data achieved high internal predictive performance (test accuracy = 0.97, F1-score = 0.97, ROC-AUC = 0.99) and was used to screen 5472 marine natural products. Subsequent ADMET filtrations and molecular docking on the RIPK1 kinase domain identified four marine natural products, CMNPD23788, CMNPD14579, CMNPD15831, and CMNPD26709, with high binding affinities (- 10.3 to - 9.9 kcal/mol), comparable to those of existing RIPK1 inhibitors, including the reference inhibitor L8D. Two of the compounds, CMNPD14579 and CMNPD15831, were predicted to be central nervous system penetrant, whereas CMNPD23788 and CMNPD26709 were predicted to have oral bioavailability similar to the reference inhibitor L8D. Furthermore, 200 ns molecular dynamics simulations and MM-PBSA calculations suggested the stability of the complexes formed between CMNPD23788, CMNPD14579, CMNPD15831, and CMNPD26709 and RIPK1. Altogether, the results presented here indicate that CMNPD23788, CMNPD14579, CMNPD15831, and CMNPD26709 are potential RIPK1 inhibitors. Since these findings are based on computational predictions, further investigation, including experimental validation in necroptosis-related neurodegenerative disease models, is required. The online version contains supplementary material available at 10.1007/s40203-026-00586-8.",In silico pharmacology,In Silico Pharmacol,2026,14,1,100,,,eng,Journal Article,Hasan MM;Shill MC;Bepari AK;Reza HM;Hossain M,Hasan Md Mazedul;Shill Manik Chandra;Bepari Asim Kumar;Reza Hasan Mahmud;Hossain Murad,"Department of Pharmaceutical Sciences, North South University, Dhaka, Bangladesh.;Department of Pharmaceutical Sciences, North South University, Dhaka, Bangladesh.;Department of Pharmaceutical Sciences, North South University, Dhaka, Bangladesh.;Department of Pharmaceutical Sciences, North South University, Dhaka, Bangladesh.;Department of Pharmaceutical Sciences, North South University, Dhaka, Bangladesh.",Comprehensive marine natural product database (CMNPD);In-silico;Machine learning (ML);Molecular dynamics;RIPK1;Virtual screening,,,,PUBMED,,0,,"Hasan MM, 2026, In Silico Pharmacol","Hasan MM, 2026, In Silico Pharmacol"
41921208,Performance of Large Language Models vs Conventional Machine Learning for Predicting Clinical Outcomes With Limited Data: Comparative Study.,"Machine learning (ML) can be used to predict clinical outcomes. Training predictive models typically requires data for hundreds or thousands of patients. Lowering this requirement to a few tens of patients would enable new applications in clinical trials (eg, optimizing the design of a phase III trial by training a predictive model on phase II data and applying it to synthetic phase III patients) or in clinical decision support systems (for rare diseases or narrow indications). Large language models (LLMs) have recently been shown to outperform conventional ML algorithms for predictions on tabular data when the train dataset is small. This study aims to investigate the advantage of LLMs compared with conventional ML for predicting clinical outcomes by applying state-of-the-art models to recently published clinical datasets. We compared 2 LLMs, 1 proprietary (from OpenAI) and 1 open source (from the Meta Llama family), with conventional ML classification algorithms to predict clinical outcomes using 3 recently published clinical datasets spanning distinct conditions (sepsis, gastric cancer, and acute leukemia). Datasets were chosen such that their publication date was after the LLM knowledge cutoff date to ensure that models were never exposed to these data during pretraining. Datasets were sampled to vary the training size. On average, the 2 tested LLMs perform better than conventional ML for training sizes below 50 patients, using the receiver operating characteristic area under the curve, the F These preliminary results may be further optimized. They already show the potential of LLM-based ML to enable new clinical use cases when data are available for only a few tens of patients.",JMIR AI,JMIR AI,2026,5,,e83853,,,eng,Journal Article,Bigan E;Dufour S,Bigan Erwan;Dufour Stéphane,"TinyPred, Paris, France.;TinyPred, Paris, France.",LLM;ML;large language model;machine learning;small data,,,,PUBMED,,0,,"Bigan E, 2026, JMIR AI","Bigan E, 2026, JMIR AI"
41920569,Optimal management of oligometastatic prostate cancer: current state and future directions.,"Oligometastatic prostate cancer (oligoPCa) represents a clinical state of limited metastatic spread in which metastasis-directed therapy (MDT) may offer meaningful disease control either alone or with systemic therapy. As imaging, systemic therapy, and biologic characterization evolve, management strategies for both synchronous and metachronous presentations continue to undergo significant refinement. Randomized trials such as STOMP and ORIOLE have demonstrated improved progression-free and androgen deprivation therapy (ADT)-free survival with MDT in metachronous oligometastatic disease. More recent studies, including EXTEND and RADIOSA, suggest that combining MDT with short-course systemic therapy may further enhance disease control, while ongoing trials continue to evaluate MDT in synchronous disease. In parallel, the systemic therapy landscape has expanded with early adoption of second-generation androgen receptor pathway inhibitors (ARPIs), PARP inhibitors for selected biomarker-defined populations, and radioligand therapies such as lutetium-177. Emerging evidence also suggests that molecular imaging with PSMA PET, genomic classifiers (e.g., Decipher), multimodal digital pathology tools (e.g., ArteraAI), and machine learning-based predictive models may help identify patients most likely to benefit from MDT. Additionally, novel immuno-oncology and bispecific antibody-based strategies are under active investigation. The integration of MDT with modern systemic and biologically informed strategies holds promise for personalized management of oligoPCa. Future efforts should prioritize biomarker- driven patient selection and rational treatment sequencing to optimize long-term outcomes.",Current opinion in oncology,Curr Opin Oncol,2026,38,3,236,242,,eng,Journal Article; Review,Rooney MK;Corn PG;Tran PT,Rooney Michael K;Corn Paul G;Tran Phuoc T,"Department of Genitourinary Radiation Oncology.;Department of Genitourinary Medical Oncology, The University of Texas MD Anderson Cancer Center, Houston, Texas, USA.;Department of Genitourinary Radiation Oncology.",metastasis-directed therapy;oligometastatic prostate cancer;precision oncology,Humans;Prostatic Neoplasms;Male;Neoplasm Metastasis;Androgen Antagonists;Randomized Controlled Trials as Topic,,,PUBMED,,0,,"Rooney MK, 2026, Curr Opin Oncol","Rooney MK, 2026, Curr Opin Oncol"
